[DUMP] executing kernel leg: 6,745 of 10,315 lines, cut before the oracle leg
[RUNTIME] asynchronous traceback/watchdog timers: DISABLED
========================================================================================================================================
HODGE v10a.23 — PREREQUISITE HODGE/HAAR CORPUS + DUAL COLD ORACLES
========================================================================================================================================
backend                         : CPU/NumPy
lattice                         : L=5
global K=2 P/Q Gram build       : REMOVED
global physical Q2 basis        : NOT REQUIRED
Gamma source fold identity      : C_A = sigma3_A = 0 (separate exact certificate)
history organization            : exact rooted half-support census + merged H0/Haar Gamma bilinear
vacuum linked subtraction       : one-face + adjacent-pair clusters after Z3 cycle completeness gate
historical m4 target            : NOT LOADED
support-resolved polarizations  : (0, 1, 2) (cubic representatives; set 0,1,2 for full redundancy)
recheck already-exact Q1 moments: False
[PASS] v10a.7 no nonzero rooted Z3 cubical 2-cycle exists on <=4 faces :: counts={1: 1, 2: 12, 3: 158, 4: 2148}, bad=0
[PASS] v10a.7 four-insertion Z3-trivial vacuum multiplicities use <=2 distinct faces :: max distinct support=2, valid patterns=30
[PASS] v10a.7 k=3 Weingarten inverse :: err=1.110e-16
[PASS] v10a.7 pure-six singlet rank=5 :: rank=5
[PASS] v10a.7 pure-six projector idempotent :: err=2.776e-17

[3] COLD ONE-FACE VACUUM CLUSTER
  e1      = +0  rational~ 0
  e2      = -0.75  rational~ -3/4
  sigma3  = -0.28125  rational~ -9/32
  e3      = -0.28125  rational~ -9/32
  N       = +0.28125  rational~ 9/32
  D       = -0.24140625  rational~ -309/1280
  e4      = -0.03046875  rational~ -39/1280
[PASS] v10a.7 one-face vacuum e1=0
[PASS] v10a.7 one-face vacuum e2=-3/4 :: -0.7500000000000002
[PASS] v10a.7 one-face vacuum e3=-9/32 :: -0.28125000000000006
[PASS] v10a.7 one-face vacuum N=9/32 :: 0.28125000000000006
[PASS] v10a.7 one-face vacuum D=-309/1280 :: -0.24140625000000016
[PASS] v10a.7 one-face vacuum e4=-39/1280 :: -0.030468750000000044

[4] COLD TWO-FACE VACUUM CLUSTERS
  coplanar     : e4(C)=-0.0648407658517953 ~ -54321/837760; omega4=-0.00390326585179523 ~ -327/83776
[PASS] v10a.7 vacuum coplanar pair has no linked O(u^2)
[PASS] v10a.7 vacuum coplanar pair has no linked O(u^3)
[PASS] v10a.7 vacuum coplanar pair full e4=-54321/837760 :: -0.06484076585179532
[PASS] v10a.7 vacuum coplanar pair omega4=-327/83776 :: -0.0039032658517952346
  perpendicular: e4(C)=-0.0648407658517953 ~ -54321/837760; omega4=-0.00390326585179523 ~ -327/83776
[PASS] v10a.7 vacuum perpendicular pair has no linked O(u^2)
[PASS] v10a.7 vacuum perpendicular pair has no linked O(u^3)
[PASS] v10a.7 vacuum perpendicular pair full e4=-54321/837760 :: -0.06484076585179532
[PASS] v10a.7 vacuum perpendicular pair omega4=-327/83776 :: -0.0039032658517952346
[PASS] v10a.7 coplanar/perpendicular vacuum pair linked weights agree
  disconnected pair spectator omega4=+0.000e+00
[PASS] v10a.7 disconnected two-face vacuum spectator has zero linked O(u^4)

[5] VACUUM EMBEDDINGS ATTACHED TO ONE MARKED PLAQUETTE
  one-face embeddings: 13
  adjacent-pair embeddings: {'perpendicular': 80, 'coplanar': 44} total= 124
[PASS] v10a.7 one-face vacuum embedding count is 13 :: 13
  linked vacuum O4 subtraction around mark = -0.88009871562261  rational~ -521965902/593076541
[PASS] v10a.7 linked vacuum O4 subtraction=-1474623/1675520 :: -0.8800987156226097

[6] SUPPORT-RESOLVED AXIAL HALF-HISTORIES
  anchor faces: [(2, ((0, 0, 0), 1, 2)), (1, ((0, 0, 0), 0, 2)), (0, ((0, 0, 0), 0, 1))]
  polarization 0 (1, 2)
    support counts W1/R1/W2/R2 = 13 13 171 171
    aggregate state stats W1/R1/W2/R2 = (113, 298) (111, 282) (6769, 82326) (6743, 82258)
  polarization 1 (0, 2)
    support counts W1/R1/W2/R2 = 13 13 171 171
    aggregate state stats W1/R1/W2/R2 = (113, 298) (111, 282) (6769, 82326) (6743, 82258)
  polarization 2 (0, 1)
    support counts W1/R1/W2/R2 = 13 13 171 171
    aggregate state stats W1/R1/W2/R2 = (113, 298) (111, 282) (6769, 82326) (6743, 82258)
[PASS] v10a.7 all support-resolved reduced resolvents are free of E0 poles :: max residual norm2=8.882e-16

====================================================================================================================================================
HODGE v10a.26 — DEGENERATE-FOLD FULL-T1 FOURTH-ORDER OPERATOR
====================================================================================================================================================
disputed q/rest targets          : NOT LOADED
historical C-shape target        : NOT LOADED
PVP=aP                           : COMPUTED, NOT ASSUMED
folded formula                   : EXACT dim(P)>1 SW REGRESSION FIRST
full T1 polarizations            : 3

[10] EXACT DEGENERATE FOLD REGRESSION
[PASS] v10a.23 exact dim(P)=2 SW regressions prove folded operator formula :: [(2301, 0, True, True), (2302, -2, True, True), (2303, -2, True, True), (2304, 2, True, True)]
[PASS] v10a.23 toy regressions genuinely test noncommuting K2 and N :: [(2301, 0, True, True), (2302, -2, True, True), (2303, -2, True, True), (2304, 2, True, True)]

[11] PHYSICAL PVP MODEL-SPACE GATE
[PASS] v10a.23 physical PVP coefficients lift unambiguously to integers :: 2.220446049250313e-16
[PASS] v10a.23 physical PVP is exactly +I under translation covariance :: lift_err=2.220e-16, structural_err=0.0

[12] FULL-T1 OPERATOR MOMENTS
      v10a17 K2 75/375; H0 matches=264; elapsed=0.7s
      v10a17 K2 150/375; H0 matches=288; elapsed=1.3s
      v10a17 K2 225/375; H0 matches=288; elapsed=1.9s
      v10a17 K2 300/375; H0 matches=288; elapsed=2.6s
      v10a17 K2 375/375; H0 matches=312; elapsed=3.2s
[PASS] v10a.23 K2 is Hermitian :: 1.3877787807814457e-17
[PASS] v10a.23 K2 retains all 36 exact t3 hoppings :: tests=36, maxerr=1.128e-16
  N=<R1|R1>: ket polarization 0 (1, 2)
      v10a23 N=<R1|R1> bra0->ket0 scan 56/56; matches=72; blocks=56; raw-pairs<=2,628; elapsed=0.0s ETA~0.0s
      v10a23 N=<R1|R1> bra0->ket0 collapse 56/56; pair-occ=1,316; unique=126; elapsed=0.0s
[PASS] v10a23 N=<R1|R1> bra0->ket0 factorized Haar matches dense endpoint signatures :: maxerr=2.220e-15, signatures=3
      v10a23 N=<R1|R1> bra0->ket0 Haar 126/126; elapsed=0.2s ETA~0.0s
      v10a23 N=<R1|R1> bra0->ket0 COMPLETE gamma-sum=+4.09338555683711; translations=5; total=0.2s
      v10a23 N=<R1|R1> bra1->ket0 scan 56/56; matches=16; blocks=16; raw-pairs<=208; elapsed=0.0s ETA~0.0s
      v10a23 N=<R1|R1> bra1->ket0 collapse 16/16; pair-occ=104; unique=64; elapsed=0.0s
[PASS] v10a23 N=<R1|R1> bra1->ket0 factorized Haar matches dense endpoint signatures :: maxerr=2.220e-16, signatures=2
      v10a23 N=<R1|R1> bra1->ket0 Haar 64/64; elapsed=0.0s ETA~0.0s
      v10a23 N=<R1|R1> bra1->ket0 COMPLETE gamma-sum=+0; translations=4; total=0.1s
      v10a23 N=<R1|R1> bra2->ket0 scan 56/56; matches=16; blocks=16; raw-pairs<=208; elapsed=0.0s ETA~0.0s
      v10a23 N=<R1|R1> bra2->ket0 collapse 16/16; pair-occ=104; unique=64; elapsed=0.0s
[PASS] v10a23 N=<R1|R1> bra2->ket0 factorized Haar matches dense endpoint signatures :: maxerr=2.220e-16, signatures=2
      v10a23 N=<R1|R1> bra2->ket0 Haar 64/64; elapsed=0.0s ETA~0.0s
      v10a23 N=<R1|R1> bra2->ket0 COMPLETE gamma-sum=+0; translations=4; total=0.0s
  N=<R1|R1>: ket polarization 1 (0, 2)
      v10a23 N=<R1|R1> bra0->ket1 scan 56/56; matches=16; blocks=16; raw-pairs<=208; elapsed=0.0s ETA~0.0s
      v10a23 N=<R1|R1> bra0->ket1 collapse 16/16; pair-occ=104; unique=64; elapsed=0.0s
[PASS] v10a23 N=<R1|R1> bra0->ket1 factorized Haar matches dense endpoint signatures :: maxerr=2.220e-16, signatures=2
      v10a23 N=<R1|R1> bra0->ket1 Haar 64/64; elapsed=0.0s ETA~0.0s
      v10a23 N=<R1|R1> bra0->ket1 COMPLETE gamma-sum=+0; translations=4; total=0.0s
      v10a23 N=<R1|R1> bra1->ket1 scan 56/56; matches=72; blocks=56; raw-pairs<=2,628; elapsed=0.0s ETA~0.0s
      v10a23 N=<R1|R1> bra1->ket1 collapse 56/56; pair-occ=1,316; unique=126; elapsed=0.0s
[PASS] v10a23 N=<R1|R1> bra1->ket1 factorized Haar matches dense endpoint signatures :: maxerr=2.220e-15, signatures=3
      v10a23 N=<R1|R1> bra1->ket1 Haar 126/126; elapsed=0.0s ETA~0.0s
      v10a23 N=<R1|R1> bra1->ket1 COMPLETE gamma-sum=+4.09338555683711; translations=5; total=0.0s
      v10a23 N=<R1|R1> bra2->ket1 scan 56/56; matches=16; blocks=16; raw-pairs<=208; elapsed=0.0s ETA~0.0s
      v10a23 N=<R1|R1> bra2->ket1 collapse 16/16; pair-occ=104; unique=64; elapsed=0.0s
[PASS] v10a23 N=<R1|R1> bra2->ket1 factorized Haar matches dense endpoint signatures :: maxerr=2.220e-16, signatures=2
      v10a23 N=<R1|R1> bra2->ket1 Haar 64/64; elapsed=0.0s ETA~0.0s
      v10a23 N=<R1|R1> bra2->ket1 COMPLETE gamma-sum=+0; translations=4; total=0.0s
  N=<R1|R1>: ket polarization 2 (0, 1)
      v10a23 N=<R1|R1> bra0->ket2 scan 56/56; matches=16; blocks=16; raw-pairs<=208; elapsed=0.0s ETA~0.0s
      v10a23 N=<R1|R1> bra0->ket2 collapse 16/16; pair-occ=104; unique=64; elapsed=0.0s
[PASS] v10a23 N=<R1|R1> bra0->ket2 factorized Haar matches dense endpoint signatures :: maxerr=2.220e-16, signatures=2
      v10a23 N=<R1|R1> bra0->ket2 Haar 64/64; elapsed=0.0s ETA~0.0s
      v10a23 N=<R1|R1> bra0->ket2 COMPLETE gamma-sum=+0; translations=4; total=0.0s
      v10a23 N=<R1|R1> bra1->ket2 scan 56/56; matches=16; blocks=16; raw-pairs<=208; elapsed=0.0s ETA~0.0s
      v10a23 N=<R1|R1> bra1->ket2 collapse 16/16; pair-occ=104; unique=64; elapsed=0.0s
[PASS] v10a23 N=<R1|R1> bra1->ket2 factorized Haar matches dense endpoint signatures :: maxerr=2.220e-16, signatures=2
      v10a23 N=<R1|R1> bra1->ket2 Haar 64/64; elapsed=0.0s ETA~0.0s
      v10a23 N=<R1|R1> bra1->ket2 COMPLETE gamma-sum=+0; translations=4; total=0.0s
      v10a23 N=<R1|R1> bra2->ket2 scan 56/56; matches=72; blocks=56; raw-pairs<=2,628; elapsed=0.0s ETA~0.0s
      v10a23 N=<R1|R1> bra2->ket2 collapse 56/56; pair-occ=1,316; unique=126; elapsed=0.0s
[PASS] v10a23 N=<R1|R1> bra2->ket2 factorized Haar matches dense endpoint signatures :: maxerr=2.220e-15, signatures=3
      v10a23 N=<R1|R1> bra2->ket2 Haar 126/126; elapsed=0.0s ETA~0.0s
      v10a23 N=<R1|R1> bra2->ket2 COMPLETE gamma-sum=+4.09338555683711; translations=5; total=0.0s
  J=<R1|R^2B>: ket polarization 0 (1, 2)
      v10a23 J=<R1|R^2B> bra0->ket0 scan 56/56; matches=72; blocks=56; raw-pairs<=2,628; elapsed=0.0s ETA~0.0s
      v10a23 J=<R1|R^2B> bra0->ket0 collapse 56/56; pair-occ=1,316; unique=126; elapsed=0.0s
[PASS] v10a23 J=<R1|R^2B> bra0->ket0 factorized Haar matches dense endpoint signatures :: maxerr=2.220e-15, signatures=3
      v10a23 J=<R1|R^2B> bra0->ket0 Haar 126/126; elapsed=0.0s ETA~0.0s
      v10a23 J=<R1|R^2B> bra0->ket0 COMPLETE gamma-sum=-1.92176906726422; translations=5; total=0.0s
      v10a23 J=<R1|R^2B> bra1->ket0 scan 56/56; matches=16; blocks=16; raw-pairs<=208; elapsed=0.0s ETA~0.0s
      v10a23 J=<R1|R^2B> bra1->ket0 collapse 16/16; pair-occ=104; unique=64; elapsed=0.0s
[PASS] v10a23 J=<R1|R^2B> bra1->ket0 factorized Haar matches dense endpoint signatures :: maxerr=2.220e-16, signatures=2
      v10a23 J=<R1|R^2B> bra1->ket0 Haar 64/64; elapsed=0.0s ETA~0.0s
      v10a23 J=<R1|R^2B> bra1->ket0 COMPLETE gamma-sum=+1.38777878078145e-17; translations=4; total=0.0s
      v10a23 J=<R1|R^2B> bra2->ket0 scan 56/56; matches=16; blocks=16; raw-pairs<=208; elapsed=0.0s ETA~0.0s
      v10a23 J=<R1|R^2B> bra2->ket0 collapse 16/16; pair-occ=104; unique=64; elapsed=0.0s
[PASS] v10a23 J=<R1|R^2B> bra2->ket0 factorized Haar matches dense endpoint signatures :: maxerr=2.220e-16, signatures=2
      v10a23 J=<R1|R^2B> bra2->ket0 Haar 64/64; elapsed=0.0s ETA~0.0s
      v10a23 J=<R1|R^2B> bra2->ket0 COMPLETE gamma-sum=+1.38777878078145e-17; translations=4; total=0.0s
  J=<R1|R^2B>: ket polarization 1 (0, 2)
      v10a23 J=<R1|R^2B> bra0->ket1 scan 56/56; matches=16; blocks=16; raw-pairs<=208; elapsed=0.0s ETA~0.0s
      v10a23 J=<R1|R^2B> bra0->ket1 collapse 16/16; pair-occ=104; unique=64; elapsed=0.0s
[PASS] v10a23 J=<R1|R^2B> bra0->ket1 factorized Haar matches dense endpoint signatures :: maxerr=2.220e-16, signatures=2
      v10a23 J=<R1|R^2B> bra0->ket1 Haar 64/64; elapsed=0.0s ETA~0.0s
      v10a23 J=<R1|R^2B> bra0->ket1 COMPLETE gamma-sum=+1.38777878078145e-17; translations=4; total=0.0s
      v10a23 J=<R1|R^2B> bra1->ket1 scan 56/56; matches=72; blocks=56; raw-pairs<=2,628; elapsed=0.0s ETA~0.0s
      v10a23 J=<R1|R^2B> bra1->ket1 collapse 56/56; pair-occ=1,316; unique=126; elapsed=0.0s
[PASS] v10a23 J=<R1|R^2B> bra1->ket1 factorized Haar matches dense endpoint signatures :: maxerr=2.220e-15, signatures=3
      v10a23 J=<R1|R^2B> bra1->ket1 Haar 126/126; elapsed=0.0s ETA~0.0s
      v10a23 J=<R1|R^2B> bra1->ket1 COMPLETE gamma-sum=-1.92176906726422; translations=5; total=0.0s
      v10a23 J=<R1|R^2B> bra2->ket1 scan 56/56; matches=16; blocks=16; raw-pairs<=208; elapsed=0.0s ETA~0.0s
      v10a23 J=<R1|R^2B> bra2->ket1 collapse 16/16; pair-occ=104; unique=64; elapsed=0.0s
[PASS] v10a23 J=<R1|R^2B> bra2->ket1 factorized Haar matches dense endpoint signatures :: maxerr=2.220e-16, signatures=2
      v10a23 J=<R1|R^2B> bra2->ket1 Haar 64/64; elapsed=0.0s ETA~0.0s
      v10a23 J=<R1|R^2B> bra2->ket1 COMPLETE gamma-sum=+1.38777878078145e-17; translations=4; total=0.0s
  J=<R1|R^2B>: ket polarization 2 (0, 1)
      v10a23 J=<R1|R^2B> bra0->ket2 scan 56/56; matches=16; blocks=16; raw-pairs<=208; elapsed=0.0s ETA~0.0s
      v10a23 J=<R1|R^2B> bra0->ket2 collapse 16/16; pair-occ=104; unique=64; elapsed=0.0s
[PASS] v10a23 J=<R1|R^2B> bra0->ket2 factorized Haar matches dense endpoint signatures :: maxerr=2.220e-16, signatures=2
      v10a23 J=<R1|R^2B> bra0->ket2 Haar 64/64; elapsed=0.0s ETA~0.0s
      v10a23 J=<R1|R^2B> bra0->ket2 COMPLETE gamma-sum=+1.38777878078145e-17; translations=4; total=0.0s
      v10a23 J=<R1|R^2B> bra1->ket2 scan 56/56; matches=16; blocks=16; raw-pairs<=208; elapsed=0.0s ETA~0.0s
      v10a23 J=<R1|R^2B> bra1->ket2 collapse 16/16; pair-occ=104; unique=64; elapsed=0.0s
[PASS] v10a23 J=<R1|R^2B> bra1->ket2 factorized Haar matches dense endpoint signatures :: maxerr=2.220e-16, signatures=2
      v10a23 J=<R1|R^2B> bra1->ket2 Haar 64/64; elapsed=0.0s ETA~0.0s
      v10a23 J=<R1|R^2B> bra1->ket2 COMPLETE gamma-sum=+1.38777878078145e-17; translations=4; total=0.0s
      v10a23 J=<R1|R^2B> bra2->ket2 scan 56/56; matches=72; blocks=56; raw-pairs<=2,628; elapsed=0.0s ETA~0.0s
      v10a23 J=<R1|R^2B> bra2->ket2 collapse 56/56; pair-occ=1,316; unique=126; elapsed=0.0s
[PASS] v10a23 J=<R1|R^2B> bra2->ket2 factorized Haar matches dense endpoint signatures :: maxerr=2.220e-15, signatures=3
      v10a23 J=<R1|R^2B> bra2->ket2 Haar 126/126; elapsed=0.0s ETA~0.0s
      v10a23 J=<R1|R^2B> bra2->ket2 COMPLETE gamma-sum=-1.92176906726422; translations=5; total=0.0s
  C1=<R1|RWRB>: ket polarization 0 (1, 2)
      v10a23 C1=<R1|RWRB> bra0->ket0 scan 56/56; matches=72; blocks=54; raw-pairs<=23,808; elapsed=0.1s ETA~0.0s
      v10a23 C1=<R1|RWRB> bra0->ket0 collapse 54/54; pair-occ=12,336; unique=4,176; elapsed=0.1s
[PASS] v10a23 C1=<R1|RWRB> bra0->ket0 factorized Haar matches dense endpoint signatures :: maxerr=2.220e-16, signatures=5
      v10a23 C1=<R1|RWRB> bra0->ket0 Haar 2,000/4,176; elapsed=3.0s ETA~3.3s
      v10a23 C1=<R1|RWRB> bra0->ket0 Haar 4,000/4,176; elapsed=4.9s ETA~0.2s
      v10a23 C1=<R1|RWRB> bra0->ket0 Haar 4,176/4,176; elapsed=5.0s ETA~0.0s
      v10a23 C1=<R1|RWRB> bra0->ket0 COMPLETE gamma-sum=+0; translations=0; total=5.4s
      v10a23 C1=<R1|RWRB> bra1->ket0 scan 56/56; matches=17; blocks=17; raw-pairs<=5,536; elapsed=0.0s ETA~0.0s
      v10a23 C1=<R1|RWRB> bra1->ket0 collapse 17/17; pair-occ=2,768; unique=1,872; elapsed=0.3s
[PASS] v10a23 C1=<R1|RWRB> bra1->ket0 factorized Haar matches dense endpoint signatures :: maxerr=2.220e-16, signatures=4
      v10a23 C1=<R1|RWRB> bra1->ket0 Haar 1,872/1,872; elapsed=0.9s ETA~0.0s
      v10a23 C1=<R1|RWRB> bra1->ket0 COMPLETE gamma-sum=+0; translations=0; total=1.3s
      v10a23 C1=<R1|RWRB> bra2->ket0 scan 56/56; matches=17; blocks=17; raw-pairs<=5,536; elapsed=0.0s ETA~0.0s
      v10a23 C1=<R1|RWRB> bra2->ket0 collapse 17/17; pair-occ=2,768; unique=1,872; elapsed=0.0s
[PASS] v10a23 C1=<R1|RWRB> bra2->ket0 factorized Haar matches dense endpoint signatures :: maxerr=2.220e-16, signatures=4
      v10a23 C1=<R1|RWRB> bra2->ket0 Haar 1,872/1,872; elapsed=0.0s ETA~0.0s
      v10a23 C1=<R1|RWRB> bra2->ket0 COMPLETE gamma-sum=+0; translations=0; total=0.1s
  C1=<R1|RWRB>: ket polarization 1 (0, 2)
      v10a23 C1=<R1|RWRB> bra0->ket1 scan 56/56; matches=17; blocks=17; raw-pairs<=5,536; elapsed=0.0s ETA~0.0s
      v10a23 C1=<R1|RWRB> bra0->ket1 collapse 17/17; pair-occ=2,768; unique=1,872; elapsed=0.0s
[PASS] v10a23 C1=<R1|RWRB> bra0->ket1 factorized Haar matches dense endpoint signatures :: maxerr=2.220e-16, signatures=4
      v10a23 C1=<R1|RWRB> bra0->ket1 Haar 1,872/1,872; elapsed=0.0s ETA~0.0s
      v10a23 C1=<R1|RWRB> bra0->ket1 COMPLETE gamma-sum=+0; translations=0; total=0.1s
      v10a23 C1=<R1|RWRB> bra1->ket1 scan 56/56; matches=72; blocks=54; raw-pairs<=23,808; elapsed=0.1s ETA~0.0s
      v10a23 C1=<R1|RWRB> bra1->ket1 collapse 54/54; pair-occ=12,336; unique=4,176; elapsed=0.4s
[PASS] v10a23 C1=<R1|RWRB> bra1->ket1 factorized Haar matches dense endpoint signatures :: maxerr=2.220e-16, signatures=5
      v10a23 C1=<R1|RWRB> bra1->ket1 Haar 2,000/4,176; elapsed=0.0s ETA~0.0s
      v10a23 C1=<R1|RWRB> bra1->ket1 Haar 4,000/4,176; elapsed=0.0s ETA~0.0s
      v10a23 C1=<R1|RWRB> bra1->ket1 Haar 4,176/4,176; elapsed=0.0s ETA~0.0s
      v10a23 C1=<R1|RWRB> bra1->ket1 COMPLETE gamma-sum=+0; translations=0; total=0.6s
      v10a23 C1=<R1|RWRB> bra2->ket1 scan 56/56; matches=17; blocks=17; raw-pairs<=5,536; elapsed=0.0s ETA~0.0s
      v10a23 C1=<R1|RWRB> bra2->ket1 collapse 17/17; pair-occ=2,768; unique=1,872; elapsed=0.0s
[PASS] v10a23 C1=<R1|RWRB> bra2->ket1 factorized Haar matches dense endpoint signatures :: maxerr=2.220e-16, signatures=4
      v10a23 C1=<R1|RWRB> bra2->ket1 Haar 1,872/1,872; elapsed=0.0s ETA~0.0s
      v10a23 C1=<R1|RWRB> bra2->ket1 COMPLETE gamma-sum=+0; translations=0; total=0.1s
  C1=<R1|RWRB>: ket polarization 2 (0, 1)
      v10a23 C1=<R1|RWRB> bra0->ket2 scan 56/56; matches=17; blocks=17; raw-pairs<=5,536; elapsed=0.0s ETA~0.0s
      v10a23 C1=<R1|RWRB> bra0->ket2 collapse 17/17; pair-occ=2,768; unique=1,872; elapsed=0.0s
[PASS] v10a23 C1=<R1|RWRB> bra0->ket2 factorized Haar matches dense endpoint signatures :: maxerr=2.220e-16, signatures=4
      v10a23 C1=<R1|RWRB> bra0->ket2 Haar 1,872/1,872; elapsed=0.0s ETA~0.0s
      v10a23 C1=<R1|RWRB> bra0->ket2 COMPLETE gamma-sum=+0; translations=0; total=0.1s
      v10a23 C1=<R1|RWRB> bra1->ket2 scan 56/56; matches=17; blocks=17; raw-pairs<=5,536; elapsed=0.0s ETA~0.0s
      v10a23 C1=<R1|RWRB> bra1->ket2 collapse 17/17; pair-occ=2,768; unique=1,872; elapsed=0.3s
[PASS] v10a23 C1=<R1|RWRB> bra1->ket2 factorized Haar matches dense endpoint signatures :: maxerr=2.220e-16, signatures=4
      v10a23 C1=<R1|RWRB> bra1->ket2 Haar 1,872/1,872; elapsed=0.0s ETA~0.0s
      v10a23 C1=<R1|RWRB> bra1->ket2 COMPLETE gamma-sum=+0; translations=0; total=0.4s
      v10a23 C1=<R1|RWRB> bra2->ket2 scan 56/56; matches=72; blocks=54; raw-pairs<=23,808; elapsed=0.1s ETA~0.0s
      v10a23 C1=<R1|RWRB> bra2->ket2 collapse 54/54; pair-occ=12,336; unique=4,176; elapsed=0.1s
[PASS] v10a23 C1=<R1|RWRB> bra2->ket2 factorized Haar matches dense endpoint signatures :: maxerr=2.220e-16, signatures=5
      v10a23 C1=<R1|RWRB> bra2->ket2 Haar 2,000/4,176; elapsed=0.0s ETA~0.0s
      v10a23 C1=<R1|RWRB> bra2->ket2 Haar 4,000/4,176; elapsed=0.0s ETA~0.0s
      v10a23 C1=<R1|RWRB> bra2->ket2 Haar 4,176/4,176; elapsed=0.0s ETA~0.0s
      v10a23 C1=<R1|RWRB> bra2->ket2 COMPLETE gamma-sum=+0; translations=0; total=0.2s
  D=<WRB|RWRB>: ket polarization 0 (1, 2)
      v10a23 D=<WRB|RWRB> bra0->ket0 scan 3,439/3,439; matches=5,400; unique-blocks=3,543; raw-pairs<=9,814,138; RAM=0.49 GiB; elapsed=6.3s ETA~0.0s
[PASS] v10a23 D=<WRB|RWRB> bra0->ket0 analytic one-face shortcut confined to same polarization :: left_pol=(1, 2), right_pol=(1, 2), analytic_skips=54, crosspol_fallback=0
[PASS] v10a23 D=<WRB|RWRB> bra0->ket0 one-face direct block=-13/896 :: -0.014508928571428572
      v10a23 D=<WRB|RWRB> bra0->ket0 collapse 3,543/3,543; pair-occ=2,468,250; unique=117,187; RAM=0.75 GiB; elapsed=14.0s ETA~0.0s
      v10a23 D=<WRB|RWRB> bra0->ket0 PAIR-TOPOLOGY COLLAPSE: occurrences=2,468,250 -> unique_nonzero=117,163; sparse displacement weights=161,071; RAM=0.77 GiB
[PASS] v10a23 D=<WRB|RWRB> bra0->ket0 factorized Haar matches dense endpoint signatures :: maxerr=8.882e-16, signatures=9
      v10a23 D=<WRB|RWRB> bra0->ket0 Haar 2,000/117,163; cache hits/misses=20,105/7,269; elapsed=1.4s ETA~80.0s; RAM=0.78 GiB
      v10a23 D=<WRB|RWRB> bra0->ket0 Haar 4,000/117,163; cache hits/misses=20,105/9,269; elapsed=2.9s ETA~82.6s; RAM=0.78 GiB
      v10a23 D=<WRB|RWRB> bra0->ket0 Haar 6,000/117,163; cache hits/misses=20,105/11,269; elapsed=4.4s ETA~82.1s; RAM=0.78 GiB
      v10a23 D=<WRB|RWRB> bra0->ket0 Haar 8,000/117,163; cache hits/misses=20,105/13,269; elapsed=5.9s ETA~81.1s; RAM=0.78 GiB
      v10a23 D=<WRB|RWRB> bra0->ket0 Haar 10,000/117,163; cache hits/misses=20,105/15,269; elapsed=7.5s ETA~80.2s; RAM=0.78 GiB
      v10a23 D=<WRB|RWRB> bra0->ket0 Haar 12,000/117,163; cache hits/misses=20,105/17,269; elapsed=9.0s ETA~78.9s; RAM=0.78 GiB
      v10a23 D=<WRB|RWRB> bra0->ket0 Haar 14,000/117,163; cache hits/misses=20,105/19,269; elapsed=10.6s ETA~77.9s; RAM=0.78 GiB
      v10a23 D=<WRB|RWRB> bra0->ket0 Haar 16,000/117,163; cache hits/misses=20,105/21,269; elapsed=12.1s ETA~76.7s; RAM=0.78 GiB
      v10a23 D=<WRB|RWRB> bra0->ket0 Haar 18,000/117,163; cache hits/misses=20,105/23,269; elapsed=13.8s ETA~76.1s; RAM=0.78 GiB
      v10a23 D=<WRB|RWRB> bra0->ket0 Haar 20,000/117,163; cache hits/misses=20,105/25,269; elapsed=15.4s ETA~74.8s; RAM=0.78 GiB
      v10a23 D=<WRB|RWRB> bra0->ket0 Haar 22,000/117,163; cache hits/misses=20,106/27,268; elapsed=17.0s ETA~73.7s; RAM=0.78 GiB
      v10a23 D=<WRB|RWRB> bra0->ket0 Haar 24,000/117,163; cache hits/misses=20,107/29,267; elapsed=18.6s ETA~72.2s; RAM=0.78 GiB
      v10a23 D=<WRB|RWRB> bra0->ket0 Haar 26,000/117,163; cache hits/misses=20,107/31,267; elapsed=20.1s ETA~70.6s; RAM=0.78 GiB
      v10a23 D=<WRB|RWRB> bra0->ket0 Haar 28,000/117,163; cache hits/misses=20,107/33,267; elapsed=21.7s ETA~69.0s; RAM=0.78 GiB
      v10a23 D=<WRB|RWRB> bra0->ket0 Haar 30,000/117,163; cache hits/misses=20,108/35,266; elapsed=23.1s ETA~67.2s; RAM=0.78 GiB
      v10a23 D=<WRB|RWRB> bra0->ket0 Haar 32,000/117,163; cache hits/misses=20,108/37,266; elapsed=24.6s ETA~65.5s; RAM=0.78 GiB
      v10a23 D=<WRB|RWRB> bra0->ket0 Haar 34,000/117,163; cache hits/misses=20,108/39,266; elapsed=26.0s ETA~63.5s; RAM=0.78 GiB
      v10a23 D=<WRB|RWRB> bra0->ket0 Haar 36,000/117,163; cache hits/misses=20,108/41,266; elapsed=27.4s ETA~61.8s; RAM=0.78 GiB
      v10a23 D=<WRB|RWRB> bra0->ket0 Haar 38,000/117,163; cache hits/misses=20,108/43,266; elapsed=28.8s ETA~60.0s; RAM=0.78 GiB
      v10a23 D=<WRB|RWRB> bra0->ket0 Haar 40,000/117,163; cache hits/misses=20,109/45,265; elapsed=31.3s ETA~60.3s; RAM=0.78 GiB
      v10a23 D=<WRB|RWRB> bra0->ket0 Haar 42,000/117,163; cache hits/misses=20,109/47,265; elapsed=35.3s ETA~63.2s; RAM=0.78 GiB
      v10a23 D=<WRB|RWRB> bra0->ket0 Haar 44,000/117,163; cache hits/misses=20,109/49,265; elapsed=38.8s ETA~64.4s; RAM=0.78 GiB
      v10a23 D=<WRB|RWRB> bra0->ket0 Haar 46,000/117,163; cache hits/misses=20,109/51,265; elapsed=42.2s ETA~65.3s; RAM=0.78 GiB
      v10a23 D=<WRB|RWRB> bra0->ket0 Haar 48,000/117,163; cache hits/misses=20,109/53,265; elapsed=45.6s ETA~65.7s; RAM=0.78 GiB
      v10a23 D=<WRB|RWRB> bra0->ket0 Haar 50,000/117,163; cache hits/misses=20,109/55,265; elapsed=49.0s ETA~65.9s; RAM=0.78 GiB
      v10a23 D=<WRB|RWRB> bra0->ket0 Haar 52,000/117,163; cache hits/misses=20,109/57,265; elapsed=52.5s ETA~65.8s; RAM=0.78 GiB
      v10a23 D=<WRB|RWRB> bra0->ket0 Haar 54,000/117,163; cache hits/misses=20,109/59,265; elapsed=56.0s ETA~65.5s; RAM=0.78 GiB
      v10a23 D=<WRB|RWRB> bra0->ket0 Haar 56,000/117,163; cache hits/misses=20,109/61,265; elapsed=59.5s ETA~65.0s; RAM=0.78 GiB
      v10a23 D=<WRB|RWRB> bra0->ket0 Haar 58,000/117,163; cache hits/misses=20,109/63,265; elapsed=63.0s ETA~64.3s; RAM=0.78 GiB
      v10a23 D=<WRB|RWRB> bra0->ket0 Haar 60,000/117,163; cache hits/misses=20,109/65,265; elapsed=66.4s ETA~63.2s; RAM=0.78 GiB
      v10a23 D=<WRB|RWRB> bra0->ket0 Haar 62,000/117,163; cache hits/misses=20,109/67,265; elapsed=69.8s ETA~62.1s; RAM=0.79 GiB
      v10a23 D=<WRB|RWRB> bra0->ket0 Haar 64,000/117,163; cache hits/misses=20,109/69,265; elapsed=74.4s ETA~61.8s; RAM=0.79 GiB
      v10a23 D=<WRB|RWRB> bra0->ket0 Haar 66,000/117,163; cache hits/misses=20,109/71,265; elapsed=77.9s ETA~60.4s; RAM=0.79 GiB
      v10a23 D=<WRB|RWRB> bra0->ket0 Haar 68,000/117,163; cache hits/misses=20,109/73,265; elapsed=81.4s ETA~58.8s; RAM=0.79 GiB
      v10a23 D=<WRB|RWRB> bra0->ket0 Haar 70,000/117,163; cache hits/misses=20,109/75,265; elapsed=84.9s ETA~57.2s; RAM=0.79 GiB
      v10a23 D=<WRB|RWRB> bra0->ket0 Haar 72,000/117,163; cache hits/misses=20,109/77,265; elapsed=88.4s ETA~55.4s; RAM=0.79 GiB
      v10a23 D=<WRB|RWRB> bra0->ket0 Haar 74,000/117,163; cache hits/misses=20,109/79,265; elapsed=92.0s ETA~53.7s; RAM=0.79 GiB
      v10a23 D=<WRB|RWRB> bra0->ket0 Haar 76,000/117,163; cache hits/misses=20,109/81,265; elapsed=95.6s ETA~51.8s; RAM=0.79 GiB
      v10a23 D=<WRB|RWRB> bra0->ket0 Haar 78,000/117,163; cache hits/misses=20,109/83,265; elapsed=99.7s ETA~50.1s; RAM=0.79 GiB
      v10a23 D=<WRB|RWRB> bra0->ket0 Haar 80,000/117,163; cache hits/misses=20,109/85,265; elapsed=103.1s ETA~47.9s; RAM=0.79 GiB
      v10a23 D=<WRB|RWRB> bra0->ket0 Haar 82,000/117,163; cache hits/misses=20,109/87,265; elapsed=107.2s ETA~46.0s; RAM=0.79 GiB
      v10a23 D=<WRB|RWRB> bra0->ket0 Haar 84,000/117,163; cache hits/misses=20,109/89,265; elapsed=111.6s ETA~44.1s; RAM=0.79 GiB
      v10a23 D=<WRB|RWRB> bra0->ket0 Haar 86,000/117,163; cache hits/misses=20,109/91,265; elapsed=114.9s ETA~41.6s; RAM=0.79 GiB
      v10a23 D=<WRB|RWRB> bra0->ket0 Haar 88,000/117,163; cache hits/misses=20,109/93,265; elapsed=118.1s ETA~39.2s; RAM=0.79 GiB
      v10a23 D=<WRB|RWRB> bra0->ket0 Haar 90,000/117,163; cache hits/misses=20,110/95,264; elapsed=122.3s ETA~36.9s; RAM=0.79 GiB
      v10a23 D=<WRB|RWRB> bra0->ket0 Haar 92,000/117,163; cache hits/misses=20,110/97,264; elapsed=128.2s ETA~35.1s; RAM=0.79 GiB
      v10a23 D=<WRB|RWRB> bra0->ket0 Haar 94,000/117,163; cache hits/misses=20,110/99,264; elapsed=133.5s ETA~32.9s; RAM=0.79 GiB
      v10a23 D=<WRB|RWRB> bra0->ket0 Haar 96,000/117,163; cache hits/misses=20,110/101,264; elapsed=139.3s ETA~30.7s; RAM=0.79 GiB
      v10a23 D=<WRB|RWRB> bra0->ket0 Haar 98,000/117,163; cache hits/misses=20,110/103,264; elapsed=145.6s ETA~28.5s; RAM=0.79 GiB
      v10a23 D=<WRB|RWRB> bra0->ket0 Haar 100,000/117,163; cache hits/misses=20,110/105,264; elapsed=151.1s ETA~25.9s; RAM=0.79 GiB
      v10a23 D=<WRB|RWRB> bra0->ket0 Haar 102,000/117,163; cache hits/misses=20,111/107,263; elapsed=156.2s ETA~23.2s; RAM=0.79 GiB
      v10a23 D=<WRB|RWRB> bra0->ket0 Haar 104,000/117,163; cache hits/misses=20,111/109,263; elapsed=161.0s ETA~20.4s; RAM=0.79 GiB
      v10a23 D=<WRB|RWRB> bra0->ket0 Haar 106,000/117,163; cache hits/misses=20,111/111,263; elapsed=166.4s ETA~17.5s; RAM=0.79 GiB
      v10a23 D=<WRB|RWRB> bra0->ket0 Haar 108,000/117,163; cache hits/misses=20,111/113,263; elapsed=172.5s ETA~14.6s; RAM=0.80 GiB
      v10a23 D=<WRB|RWRB> bra0->ket0 Haar 110,000/117,163; cache hits/misses=20,111/115,263; elapsed=178.6s ETA~11.6s; RAM=0.80 GiB
      v10a23 D=<WRB|RWRB> bra0->ket0 Haar 112,000/117,163; cache hits/misses=20,111/117,263; elapsed=184.5s ETA~8.5s; RAM=0.80 GiB
      v10a23 D=<WRB|RWRB> bra0->ket0 Haar 114,000/117,163; cache hits/misses=20,112/119,262; elapsed=188.8s ETA~5.2s; RAM=0.80 GiB
      v10a23 D=<WRB|RWRB> bra0->ket0 Haar 116,000/117,163; cache hits/misses=20,112/121,262; elapsed=194.0s ETA~1.9s; RAM=0.80 GiB
      v10a23 D=<WRB|RWRB> bra0->ket0 Haar 117,163/117,163; cache hits/misses=20,112/122,425; elapsed=197.3s ETA~0.0s; RAM=0.80 GiB
      v10a23 D=<WRB|RWRB> bra0->ket0 COMPLETE gamma-sum=-49.7901704444838; nonzero translations=23; new Haar misses=117,154; reused hits=9; total=220.8s
      v10a23 D=<WRB|RWRB> bra1->ket0 scan 3,439/3,439; matches=2,018; unique-blocks=1,748; raw-pairs<=1,585,128; RAM=0.65 GiB; elapsed=3.6s ETA~0.0s
[PASS] v10a23 D=<WRB|RWRB> bra1->ket0 analytic one-face shortcut confined to same polarization :: left_pol=(0, 2), right_pol=(1, 2), analytic_skips=0, crosspol_fallback=2
      v10a23 D=<WRB|RWRB> bra1->ket0 cross-polarization 1x1 fallback: matches=2; displacements={(4, 1, 0): 2}
      v10a23 D=<WRB|RWRB> bra1->ket0 collapse 1,748/1,748; pair-occ=979,214; unique=285,846; RAM=1.27 GiB; elapsed=13.1s ETA~0.0s
      v10a23 D=<WRB|RWRB> bra1->ket0 PAIR-TOPOLOGY COLLAPSE: occurrences=979,214 -> unique_nonzero=285,306; sparse displacement weights=285,892; RAM=1.33 GiB
[PASS] v10a23 D=<WRB|RWRB> bra1->ket0 factorized Haar matches dense endpoint signatures :: maxerr=1.332e-15, signatures=9
      v10a23 D=<WRB|RWRB> bra1->ket0 Haar 2,000/285,306; cache hits/misses=20,114/124,432; elapsed=1.4s ETA~202.0s; RAM=1.33 GiB
      v10a23 D=<WRB|RWRB> bra1->ket0 Haar 4,000/285,306; cache hits/misses=20,114/126,432; elapsed=2.9s ETA~204.4s; RAM=1.33 GiB
      v10a23 D=<WRB|RWRB> bra1->ket0 Haar 6,000/285,306; cache hits/misses=21,506/127,040; elapsed=3.4s ETA~157.0s; RAM=1.33 GiB
      v10a23 D=<WRB|RWRB> bra1->ket0 Haar 8,000/285,306; cache hits/misses=23,506/127,040; elapsed=3.4s ETA~117.1s; RAM=1.33 GiB
      v10a23 D=<WRB|RWRB> bra1->ket0 Haar 10,000/285,306; cache hits/misses=25,506/127,040; elapsed=3.4s ETA~93.2s; RAM=1.33 GiB
      v10a23 D=<WRB|RWRB> bra1->ket0 Haar 12,000/285,306; cache hits/misses=25,874/128,672; elapsed=4.6s ETA~105.0s; RAM=1.33 GiB
      v10a23 D=<WRB|RWRB> bra1->ket0 Haar 14,000/285,306; cache hits/misses=26,050/130,496; elapsed=6.0s ETA~116.8s; RAM=1.33 GiB
      v10a23 D=<WRB|RWRB> bra1->ket0 Haar 16,000/285,306; cache hits/misses=27,026/131,520; elapsed=6.8s ETA~114.4s; RAM=1.33 GiB
      v10a23 D=<WRB|RWRB> bra1->ket0 Haar 18,000/285,306; cache hits/misses=27,026/133,520; elapsed=8.3s ETA~123.1s; RAM=1.33 GiB
      v10a23 D=<WRB|RWRB> bra1->ket0 Haar 20,000/285,306; cache hits/misses=27,026/135,520; elapsed=9.7s ETA~128.9s; RAM=1.33 GiB
      v10a23 D=<WRB|RWRB> bra1->ket0 Haar 22,000/285,306; cache hits/misses=27,026/137,520; elapsed=11.2s ETA~134.3s; RAM=1.33 GiB
      v10a23 D=<WRB|RWRB> bra1->ket0 Haar 24,000/285,306; cache hits/misses=27,026/139,520; elapsed=12.6s ETA~137.6s; RAM=1.33 GiB
      v10a23 D=<WRB|RWRB> bra1->ket0 Haar 26,000/285,306; cache hits/misses=27,026/141,520; elapsed=14.1s ETA~140.4s; RAM=1.33 GiB
      v10a23 D=<WRB|RWRB> bra1->ket0 Haar 28,000/285,306; cache hits/misses=27,026/143,520; elapsed=15.5s ETA~142.8s; RAM=1.33 GiB
      v10a23 D=<WRB|RWRB> bra1->ket0 Haar 30,000/285,306; cache hits/misses=27,026/145,520; elapsed=17.1s ETA~145.4s; RAM=1.33 GiB
      v10a23 D=<WRB|RWRB> bra1->ket0 Haar 32,000/285,306; cache hits/misses=27,026/147,520; elapsed=18.5s ETA~146.5s; RAM=1.33 GiB
      v10a23 D=<WRB|RWRB> bra1->ket0 Haar 34,000/285,306; cache hits/misses=27,026/149,520; elapsed=20.0s ETA~147.6s; RAM=1.33 GiB
      v10a23 D=<WRB|RWRB> bra1->ket0 Haar 36,000/285,306; cache hits/misses=27,026/151,520; elapsed=21.5s ETA~148.6s; RAM=1.33 GiB
      v10a23 D=<WRB|RWRB> bra1->ket0 Haar 38,000/285,306; cache hits/misses=27,026/153,520; elapsed=22.9s ETA~149.2s; RAM=1.33 GiB
      v10a23 D=<WRB|RWRB> bra1->ket0 Haar 40,000/285,306; cache hits/misses=27,026/155,520; elapsed=24.4s ETA~149.6s; RAM=1.33 GiB
      v10a23 D=<WRB|RWRB> bra1->ket0 Haar 42,000/285,306; cache hits/misses=27,026/157,520; elapsed=25.9s ETA~150.2s; RAM=1.33 GiB
      v10a23 D=<WRB|RWRB> bra1->ket0 Haar 44,000/285,306; cache hits/misses=27,026/159,520; elapsed=27.4s ETA~150.1s; RAM=1.33 GiB
      v10a23 D=<WRB|RWRB> bra1->ket0 Haar 46,000/285,306; cache hits/misses=27,026/161,520; elapsed=28.8s ETA~149.9s; RAM=1.33 GiB
      v10a23 D=<WRB|RWRB> bra1->ket0 Haar 48,000/285,306; cache hits/misses=27,026/163,520; elapsed=30.3s ETA~149.9s; RAM=1.33 GiB
      v10a23 D=<WRB|RWRB> bra1->ket0 Haar 50,000/285,306; cache hits/misses=27,026/165,520; elapsed=31.9s ETA~150.1s; RAM=1.33 GiB
      v10a23 D=<WRB|RWRB> bra1->ket0 Haar 52,000/285,306; cache hits/misses=27,026/167,520; elapsed=33.5s ETA~150.4s; RAM=1.33 GiB
      v10a23 D=<WRB|RWRB> bra1->ket0 Haar 54,000/285,306; cache hits/misses=27,026/169,520; elapsed=35.1s ETA~150.5s; RAM=1.33 GiB
      v10a23 D=<WRB|RWRB> bra1->ket0 Haar 56,000/285,306; cache hits/misses=27,026/171,520; elapsed=36.7s ETA~150.4s; RAM=1.33 GiB
      v10a23 D=<WRB|RWRB> bra1->ket0 Haar 58,000/285,306; cache hits/misses=27,026/173,520; elapsed=38.2s ETA~149.6s; RAM=1.33 GiB
      v10a23 D=<WRB|RWRB> bra1->ket0 Haar 60,000/285,306; cache hits/misses=27,026/175,520; elapsed=39.7s ETA~149.0s; RAM=1.33 GiB
      v10a23 D=<WRB|RWRB> bra1->ket0 Haar 62,000/285,306; cache hits/misses=27,026/177,520; elapsed=42.5s ETA~153.0s; RAM=1.33 GiB
      v10a23 D=<WRB|RWRB> bra1->ket0 Haar 64,000/285,306; cache hits/misses=27,026/179,520; elapsed=44.0s ETA~152.0s; RAM=1.33 GiB
      v10a23 D=<WRB|RWRB> bra1->ket0 Haar 66,000/285,306; cache hits/misses=27,026/181,520; elapsed=45.5s ETA~151.2s; RAM=1.33 GiB
      v10a23 D=<WRB|RWRB> bra1->ket0 Haar 68,000/285,306; cache hits/misses=27,026/183,520; elapsed=47.0s ETA~150.1s; RAM=1.33 GiB
      v10a23 D=<WRB|RWRB> bra1->ket0 Haar 70,000/285,306; cache hits/misses=27,026/185,520; elapsed=48.4s ETA~148.9s; RAM=1.33 GiB
      v10a23 D=<WRB|RWRB> bra1->ket0 Haar 72,000/285,306; cache hits/misses=27,026/187,520; elapsed=49.8s ETA~147.4s; RAM=1.33 GiB
      v10a23 D=<WRB|RWRB> bra1->ket0 Haar 74,000/285,306; cache hits/misses=27,026/189,520; elapsed=51.2s ETA~146.2s; RAM=1.33 GiB
      v10a23 D=<WRB|RWRB> bra1->ket0 Haar 76,000/285,306; cache hits/misses=27,026/191,520; elapsed=52.6s ETA~144.8s; RAM=1.33 GiB
      v10a23 D=<WRB|RWRB> bra1->ket0 Haar 78,000/285,306; cache hits/misses=27,026/193,520; elapsed=53.9s ETA~143.3s; RAM=1.33 GiB
      v10a23 D=<WRB|RWRB> bra1->ket0 Haar 80,000/285,306; cache hits/misses=27,026/195,520; elapsed=55.3s ETA~142.0s; RAM=1.33 GiB
      v10a23 D=<WRB|RWRB> bra1->ket0 Haar 82,000/285,306; cache hits/misses=27,026/197,520; elapsed=56.7s ETA~140.6s; RAM=1.33 GiB
      v10a23 D=<WRB|RWRB> bra1->ket0 Haar 84,000/285,306; cache hits/misses=27,026/199,520; elapsed=58.3s ETA~139.7s; RAM=1.33 GiB
      v10a23 D=<WRB|RWRB> bra1->ket0 Haar 86,000/285,306; cache hits/misses=27,026/201,520; elapsed=59.8s ETA~138.5s; RAM=1.33 GiB
      v10a23 D=<WRB|RWRB> bra1->ket0 Haar 88,000/285,306; cache hits/misses=27,026/203,520; elapsed=61.3s ETA~137.4s; RAM=1.33 GiB
      v10a23 D=<WRB|RWRB> bra1->ket0 Haar 90,000/285,306; cache hits/misses=27,026/205,520; elapsed=62.9s ETA~136.4s; RAM=1.33 GiB
      v10a23 D=<WRB|RWRB> bra1->ket0 Haar 92,000/285,306; cache hits/misses=27,026/207,520; elapsed=64.4s ETA~135.3s; RAM=1.33 GiB
      v10a23 D=<WRB|RWRB> bra1->ket0 Haar 94,000/285,306; cache hits/misses=27,026/209,520; elapsed=66.0s ETA~134.3s; RAM=1.33 GiB
      v10a23 D=<WRB|RWRB> bra1->ket0 Haar 96,000/285,306; cache hits/misses=27,026/211,520; elapsed=67.5s ETA~133.2s; RAM=1.33 GiB
      v10a23 D=<WRB|RWRB> bra1->ket0 Haar 98,000/285,306; cache hits/misses=27,026/213,520; elapsed=69.0s ETA~131.9s; RAM=1.33 GiB
      v10a23 D=<WRB|RWRB> bra1->ket0 Haar 100,000/285,306; cache hits/misses=27,026/215,520; elapsed=70.4s ETA~130.5s; RAM=1.33 GiB
      v10a23 D=<WRB|RWRB> bra1->ket0 Haar 102,000/285,306; cache hits/misses=27,026/217,520; elapsed=71.9s ETA~129.3s; RAM=1.33 GiB
      v10a23 D=<WRB|RWRB> bra1->ket0 Haar 104,000/285,306; cache hits/misses=27,026/219,520; elapsed=73.4s ETA~127.9s; RAM=1.33 GiB
      v10a23 D=<WRB|RWRB> bra1->ket0 Haar 106,000/285,306; cache hits/misses=27,026/221,520; elapsed=74.9s ETA~126.6s; RAM=1.33 GiB
      v10a23 D=<WRB|RWRB> bra1->ket0 Haar 108,000/285,306; cache hits/misses=27,026/223,520; elapsed=76.3s ETA~125.3s; RAM=1.33 GiB
      v10a23 D=<WRB|RWRB> bra1->ket0 Haar 110,000/285,306; cache hits/misses=27,539/225,007; elapsed=77.4s ETA~123.4s; RAM=1.33 GiB
      v10a23 D=<WRB|RWRB> bra1->ket0 Haar 112,000/285,306; cache hits/misses=27,539/227,007; elapsed=78.9s ETA~122.1s; RAM=1.33 GiB
      v10a23 D=<WRB|RWRB> bra1->ket0 Haar 114,000/285,306; cache hits/misses=27,539/229,007; elapsed=80.4s ETA~120.8s; RAM=1.33 GiB
      v10a23 D=<WRB|RWRB> bra1->ket0 Haar 116,000/285,306; cache hits/misses=27,539/231,007; elapsed=81.9s ETA~119.5s; RAM=1.33 GiB
      v10a23 D=<WRB|RWRB> bra1->ket0 Haar 118,000/285,306; cache hits/misses=27,539/233,007; elapsed=83.4s ETA~118.2s; RAM=1.33 GiB
      v10a23 D=<WRB|RWRB> bra1->ket0 Haar 120,000/285,306; cache hits/misses=27,539/235,007; elapsed=84.8s ETA~116.8s; RAM=1.33 GiB
      v10a23 D=<WRB|RWRB> bra1->ket0 Haar 122,000/285,306; cache hits/misses=27,539/237,007; elapsed=86.3s ETA~115.5s; RAM=1.33 GiB
      v10a23 D=<WRB|RWRB> bra1->ket0 Haar 124,000/285,306; cache hits/misses=27,539/239,007; elapsed=87.8s ETA~114.2s; RAM=1.33 GiB
      v10a23 D=<WRB|RWRB> bra1->ket0 Haar 126,000/285,306; cache hits/misses=27,539/241,007; elapsed=89.4s ETA~113.0s; RAM=1.33 GiB
      v10a23 D=<WRB|RWRB> bra1->ket0 Haar 128,000/285,306; cache hits/misses=27,539/243,007; elapsed=90.8s ETA~111.6s; RAM=1.33 GiB
      v10a23 D=<WRB|RWRB> bra1->ket0 Haar 130,000/285,306; cache hits/misses=27,539/245,007; elapsed=92.2s ETA~110.1s; RAM=1.33 GiB
      v10a23 D=<WRB|RWRB> bra1->ket0 Haar 132,000/285,306; cache hits/misses=27,539/247,007; elapsed=93.6s ETA~108.7s; RAM=1.33 GiB
      v10a23 D=<WRB|RWRB> bra1->ket0 Haar 134,000/285,306; cache hits/misses=27,539/249,007; elapsed=95.1s ETA~107.4s; RAM=1.33 GiB
      v10a23 D=<WRB|RWRB> bra1->ket0 Haar 136,000/285,306; cache hits/misses=27,539/251,007; elapsed=96.6s ETA~106.0s; RAM=1.33 GiB
      v10a23 D=<WRB|RWRB> bra1->ket0 Haar 138,000/285,306; cache hits/misses=27,539/253,007; elapsed=98.0s ETA~104.6s; RAM=1.33 GiB
      v10a23 D=<WRB|RWRB> bra1->ket0 Haar 140,000/285,306; cache hits/misses=27,539/255,007; elapsed=99.5s ETA~103.2s; RAM=1.33 GiB
      v10a23 D=<WRB|RWRB> bra1->ket0 Haar 142,000/285,306; cache hits/misses=27,539/257,007; elapsed=101.0s ETA~102.0s; RAM=1.33 GiB
      v10a23 D=<WRB|RWRB> bra1->ket0 Haar 144,000/285,306; cache hits/misses=27,539/259,007; elapsed=102.6s ETA~100.6s; RAM=1.33 GiB
      v10a23 D=<WRB|RWRB> bra1->ket0 Haar 146,000/285,306; cache hits/misses=27,539/261,007; elapsed=104.1s ETA~99.3s; RAM=1.33 GiB
      v10a23 D=<WRB|RWRB> bra1->ket0 Haar 148,000/285,306; cache hits/misses=27,539/263,007; elapsed=105.5s ETA~97.9s; RAM=1.33 GiB
      v10a23 D=<WRB|RWRB> bra1->ket0 Haar 150,000/285,306; cache hits/misses=27,539/265,007; elapsed=107.1s ETA~96.6s; RAM=1.33 GiB
      v10a23 D=<WRB|RWRB> bra1->ket0 Haar 152,000/285,306; cache hits/misses=27,539/267,007; elapsed=108.6s ETA~95.2s; RAM=1.33 GiB
      v10a23 D=<WRB|RWRB> bra1->ket0 Haar 154,000/285,306; cache hits/misses=27,539/269,007; elapsed=110.1s ETA~93.9s; RAM=1.33 GiB
      v10a23 D=<WRB|RWRB> bra1->ket0 Haar 156,000/285,306; cache hits/misses=27,539/271,007; elapsed=111.6s ETA~92.5s; RAM=1.33 GiB
      v10a23 D=<WRB|RWRB> bra1->ket0 Haar 158,000/285,306; cache hits/misses=27,539/273,007; elapsed=113.1s ETA~91.1s; RAM=1.33 GiB
      v10a23 D=<WRB|RWRB> bra1->ket0 Haar 160,000/285,306; cache hits/misses=27,539/275,007; elapsed=114.8s ETA~89.9s; RAM=1.33 GiB
      v10a23 D=<WRB|RWRB> bra1->ket0 Haar 162,000/285,306; cache hits/misses=27,539/277,007; elapsed=116.4s ETA~88.6s; RAM=1.33 GiB
      v10a23 D=<WRB|RWRB> bra1->ket0 Haar 164,000/285,306; cache hits/misses=27,539/279,007; elapsed=117.9s ETA~87.2s; RAM=1.33 GiB
      v10a23 D=<WRB|RWRB> bra1->ket0 Haar 166,000/285,306; cache hits/misses=27,539/281,007; elapsed=119.5s ETA~85.9s; RAM=1.33 GiB
      v10a23 D=<WRB|RWRB> bra1->ket0 Haar 168,000/285,306; cache hits/misses=27,539/283,007; elapsed=120.9s ETA~84.5s; RAM=1.33 GiB
      v10a23 D=<WRB|RWRB> bra1->ket0 Haar 170,000/285,306; cache hits/misses=27,539/285,007; elapsed=122.5s ETA~83.1s; RAM=1.33 GiB
      v10a23 D=<WRB|RWRB> bra1->ket0 Haar 172,000/285,306; cache hits/misses=27,539/287,007; elapsed=124.0s ETA~81.7s; RAM=1.33 GiB
      v10a23 D=<WRB|RWRB> bra1->ket0 Haar 174,000/285,306; cache hits/misses=27,539/289,007; elapsed=125.5s ETA~80.3s; RAM=1.33 GiB
      v10a23 D=<WRB|RWRB> bra1->ket0 Haar 176,000/285,306; cache hits/misses=27,539/291,007; elapsed=127.0s ETA~78.9s; RAM=1.33 GiB
      v10a23 D=<WRB|RWRB> bra1->ket0 Haar 178,000/285,306; cache hits/misses=27,539/293,007; elapsed=128.6s ETA~77.5s; RAM=1.33 GiB
      v10a23 D=<WRB|RWRB> bra1->ket0 Haar 180,000/285,306; cache hits/misses=27,539/295,007; elapsed=130.2s ETA~76.2s; RAM=1.33 GiB
      v10a23 D=<WRB|RWRB> bra1->ket0 Haar 182,000/285,306; cache hits/misses=27,539/297,007; elapsed=131.7s ETA~74.7s; RAM=1.33 GiB
      v10a23 D=<WRB|RWRB> bra1->ket0 Haar 184,000/285,306; cache hits/misses=27,539/299,007; elapsed=133.2s ETA~73.4s; RAM=1.33 GiB
      v10a23 D=<WRB|RWRB> bra1->ket0 Haar 186,000/285,306; cache hits/misses=27,539/301,007; elapsed=134.7s ETA~71.9s; RAM=1.33 GiB
      v10a23 D=<WRB|RWRB> bra1->ket0 Haar 188,000/285,306; cache hits/misses=27,539/303,007; elapsed=136.1s ETA~70.5s; RAM=1.33 GiB
      v10a23 D=<WRB|RWRB> bra1->ket0 Haar 190,000/285,306; cache hits/misses=27,539/305,007; elapsed=139.1s ETA~69.8s; RAM=1.33 GiB
      v10a23 D=<WRB|RWRB> bra1->ket0 Haar 192,000/285,306; cache hits/misses=27,539/307,007; elapsed=140.5s ETA~68.3s; RAM=1.33 GiB
      v10a23 D=<WRB|RWRB> bra1->ket0 Haar 194,000/285,306; cache hits/misses=27,539/309,007; elapsed=141.9s ETA~66.8s; RAM=1.33 GiB
      v10a23 D=<WRB|RWRB> bra1->ket0 Haar 196,000/285,306; cache hits/misses=27,539/311,007; elapsed=143.3s ETA~65.3s; RAM=1.33 GiB
      v10a23 D=<WRB|RWRB> bra1->ket0 Haar 198,000/285,306; cache hits/misses=27,539/313,007; elapsed=144.7s ETA~63.8s; RAM=1.33 GiB
      v10a23 D=<WRB|RWRB> bra1->ket0 Haar 200,000/285,306; cache hits/misses=27,539/315,007; elapsed=146.1s ETA~62.3s; RAM=1.33 GiB
      v10a23 D=<WRB|RWRB> bra1->ket0 Haar 202,000/285,306; cache hits/misses=27,539/317,007; elapsed=147.6s ETA~60.9s; RAM=1.33 GiB
      v10a23 D=<WRB|RWRB> bra1->ket0 Haar 204,000/285,306; cache hits/misses=27,540/319,006; elapsed=149.2s ETA~59.5s; RAM=1.33 GiB
      v10a23 D=<WRB|RWRB> bra1->ket0 Haar 206,000/285,306; cache hits/misses=28,484/320,062; elapsed=150.0s ETA~57.7s; RAM=1.33 GiB
      v10a23 D=<WRB|RWRB> bra1->ket0 Haar 208,000/285,306; cache hits/misses=29,588/320,958; elapsed=150.6s ETA~56.0s; RAM=1.33 GiB
      v10a23 D=<WRB|RWRB> bra1->ket0 Haar 210,000/285,306; cache hits/misses=29,925/322,621; elapsed=151.9s ETA~54.5s; RAM=1.33 GiB
      v10a23 D=<WRB|RWRB> bra1->ket0 Haar 212,000/285,306; cache hits/misses=31,125/323,421; elapsed=152.5s ETA~52.7s; RAM=1.33 GiB
      v10a23 D=<WRB|RWRB> bra1->ket0 Haar 214,000/285,306; cache hits/misses=31,365/325,181; elapsed=153.8s ETA~51.2s; RAM=1.33 GiB
      v10a23 D=<WRB|RWRB> bra1->ket0 Haar 216,000/285,306; cache hits/misses=32,918/325,628; elapsed=154.6s ETA~49.6s; RAM=1.33 GiB
      v10a23 D=<WRB|RWRB> bra1->ket0 Haar 218,000/285,306; cache hits/misses=32,918/327,628; elapsed=158.2s ETA~48.9s; RAM=1.33 GiB
      v10a23 D=<WRB|RWRB> bra1->ket0 Haar 220,000/285,306; cache hits/misses=32,918/329,628; elapsed=161.8s ETA~48.0s; RAM=1.33 GiB
      v10a23 D=<WRB|RWRB> bra1->ket0 Haar 222,000/285,306; cache hits/misses=33,990/330,556; elapsed=163.4s ETA~46.6s; RAM=1.33 GiB
      v10a23 D=<WRB|RWRB> bra1->ket0 Haar 224,000/285,306; cache hits/misses=35,990/330,556; elapsed=163.4s ETA~44.7s; RAM=1.33 GiB
      v10a23 D=<WRB|RWRB> bra1->ket0 Haar 226,000/285,306; cache hits/misses=37,990/330,556; elapsed=163.4s ETA~42.9s; RAM=1.33 GiB
      v10a23 D=<WRB|RWRB> bra1->ket0 Haar 228,000/285,306; cache hits/misses=38,038/332,508; elapsed=166.8s ETA~41.9s; RAM=1.33 GiB
      v10a23 D=<WRB|RWRB> bra1->ket0 Haar 230,000/285,306; cache hits/misses=38,038/334,508; elapsed=170.4s ETA~41.0s; RAM=1.33 GiB
      v10a23 D=<WRB|RWRB> bra1->ket0 Haar 232,000/285,306; cache hits/misses=38,870/335,676; elapsed=172.5s ETA~39.6s; RAM=1.33 GiB
      v10a23 D=<WRB|RWRB> bra1->ket0 Haar 234,000/285,306; cache hits/misses=40,870/335,676; elapsed=172.5s ETA~37.8s; RAM=1.33 GiB
      v10a23 D=<WRB|RWRB> bra1->ket0 Haar 236,000/285,306; cache hits/misses=42,870/335,676; elapsed=172.5s ETA~36.0s; RAM=1.33 GiB
      v10a23 D=<WRB|RWRB> bra1->ket0 Haar 238,000/285,306; cache hits/misses=43,414/337,132; elapsed=175.0s ETA~34.8s; RAM=1.33 GiB
      v10a23 D=<WRB|RWRB> bra1->ket0 Haar 240,000/285,306; cache hits/misses=44,566/337,980; elapsed=176.4s ETA~33.3s; RAM=1.33 GiB
      v10a23 D=<WRB|RWRB> bra1->ket0 Haar 242,000/285,306; cache hits/misses=45,462/339,084; elapsed=178.3s ETA~31.9s; RAM=1.34 GiB
      v10a23 D=<WRB|RWRB> bra1->ket0 Haar 244,000/285,306; cache hits/misses=46,518/340,028; elapsed=179.9s ETA~30.5s; RAM=1.34 GiB
      v10a23 D=<WRB|RWRB> bra1->ket0 Haar 246,000/285,306; cache hits/misses=47,574/340,972; elapsed=182.4s ETA~29.1s; RAM=1.34 GiB
      v10a23 D=<WRB|RWRB> bra1->ket0 Haar 248,000/285,306; cache hits/misses=47,574/342,972; elapsed=185.8s ETA~28.0s; RAM=1.34 GiB
      v10a23 D=<WRB|RWRB> bra1->ket0 Haar 250,000/285,306; cache hits/misses=49,318/343,228; elapsed=186.3s ETA~26.3s; RAM=1.34 GiB
      v10a23 D=<WRB|RWRB> bra1->ket0 Haar 252,000/285,306; cache hits/misses=49,622/344,924; elapsed=190.6s ETA~25.2s; RAM=1.34 GiB
      v10a23 D=<WRB|RWRB> bra1->ket0 Haar 254,000/285,306; cache hits/misses=49,622/346,924; elapsed=194.1s ETA~23.9s; RAM=1.35 GiB
      v10a23 D=<WRB|RWRB> bra1->ket0 Haar 256,000/285,306; cache hits/misses=51,222/347,324; elapsed=194.7s ETA~22.3s; RAM=1.35 GiB
      v10a23 D=<WRB|RWRB> bra1->ket0 Haar 258,000/285,306; cache hits/misses=52,455/348,091; elapsed=197.1s ETA~20.9s; RAM=1.35 GiB
      v10a23 D=<WRB|RWRB> bra1->ket0 Haar 260,000/285,306; cache hits/misses=53,357/349,189; elapsed=200.1s ETA~19.5s; RAM=1.35 GiB
      v10a23 D=<WRB|RWRB> bra1->ket0 Haar 262,000/285,306; cache hits/misses=54,707/349,839; elapsed=201.8s ETA~18.0s; RAM=1.37 GiB
      v10a23 D=<WRB|RWRB> bra1->ket0 Haar 264,000/285,306; cache hits/misses=55,075/351,471; elapsed=205.7s ETA~16.6s; RAM=1.37 GiB
      v10a23 D=<WRB|RWRB> bra1->ket0 Haar 266,000/285,306; cache hits/misses=55,707/352,839; elapsed=210.1s ETA~15.2s; RAM=1.37 GiB
      v10a23 D=<WRB|RWRB> bra1->ket0 Haar 268,000/285,306; cache hits/misses=55,707/354,839; elapsed=215.0s ETA~13.9s; RAM=1.37 GiB
      v10a23 D=<WRB|RWRB> bra1->ket0 Haar 270,000/285,306; cache hits/misses=55,707/356,839; elapsed=220.2s ETA~12.5s; RAM=1.37 GiB
      v10a23 D=<WRB|RWRB> bra1->ket0 Haar 272,000/285,306; cache hits/misses=55,707/358,839; elapsed=225.3s ETA~11.0s; RAM=1.37 GiB
      v10a23 D=<WRB|RWRB> bra1->ket0 Haar 274,000/285,306; cache hits/misses=56,428/360,118; elapsed=228.7s ETA~9.4s; RAM=1.37 GiB
      v10a23 D=<WRB|RWRB> bra1->ket0 Haar 276,000/285,306; cache hits/misses=57,788/360,758; elapsed=230.5s ETA~7.8s; RAM=1.37 GiB
      v10a23 D=<WRB|RWRB> bra1->ket0 Haar 278,000/285,306; cache hits/misses=58,888/361,658; elapsed=232.9s ETA~6.1s; RAM=1.37 GiB
      v10a23 D=<WRB|RWRB> bra1->ket0 Haar 280,000/285,306; cache hits/misses=59,784/362,762; elapsed=235.9s ETA~4.5s; RAM=1.37 GiB
      v10a23 D=<WRB|RWRB> bra1->ket0 Haar 282,000/285,306; cache hits/misses=61,023/363,523; elapsed=237.4s ETA~2.8s; RAM=1.37 GiB
      v10a23 D=<WRB|RWRB> bra1->ket0 Haar 284,000/285,306; cache hits/misses=61,897/364,649; elapsed=240.4s ETA~1.1s; RAM=1.37 GiB
      v10a23 D=<WRB|RWRB> bra1->ket0 Haar 285,306/285,306; cache hits/misses=62,931/364,921; elapsed=241.2s ETA~0.0s; RAM=1.37 GiB
      v10a23 D=<WRB|RWRB> bra1->ket0 COMPLETE gamma-sum=+1.75583831328596e-15; nonzero translations=20; new Haar misses=242,487; reused hits=42,819; total=267.5s
      v10a23 D=<WRB|RWRB> bra2->ket0 scan 3,439/3,439; matches=2,018; unique-blocks=1,732; raw-pairs<=1,585,128; RAM=1.31 GiB; elapsed=4.5s ETA~0.0s
[PASS] v10a23 D=<WRB|RWRB> bra2->ket0 analytic one-face shortcut confined to same polarization :: left_pol=(0, 1), right_pol=(1, 2), analytic_skips=0, crosspol_fallback=2
      v10a23 D=<WRB|RWRB> bra2->ket0 cross-polarization 1x1 fallback: matches=2; displacements={(4, 0, 1): 2}
      v10a23 D=<WRB|RWRB> bra2->ket0 collapse 1,732/1,732; pair-occ=979,214; unique=285,838; RAM=1.77 GiB; elapsed=12.0s ETA~0.0s
      v10a23 D=<WRB|RWRB> bra2->ket0 PAIR-TOPOLOGY COLLAPSE: occurrences=979,214 -> unique_nonzero=285,298; sparse displacement weights=285,888; RAM=1.84 GiB
[PASS] v10a23 D=<WRB|RWRB> bra2->ket0 factorized Haar matches dense endpoint signatures :: maxerr=1.332e-15, signatures=9
      v10a23 D=<WRB|RWRB> bra2->ket0 Haar 2,000/285,298; cache hits/misses=64,940/364,921; elapsed=0.0s ETA~1.2s; RAM=1.84 GiB
      v10a23 D=<WRB|RWRB> bra2->ket0 Haar 4,000/285,298; cache hits/misses=66,940/364,921; elapsed=0.0s ETA~1.1s; RAM=1.84 GiB
      v10a23 D=<WRB|RWRB> bra2->ket0 Haar 6,000/285,298; cache hits/misses=68,940/364,921; elapsed=0.0s ETA~1.0s; RAM=1.84 GiB
      v10a23 D=<WRB|RWRB> bra2->ket0 Haar 8,000/285,298; cache hits/misses=70,940/364,921; elapsed=0.0s ETA~1.0s; RAM=1.84 GiB
      v10a23 D=<WRB|RWRB> bra2->ket0 Haar 10,000/285,298; cache hits/misses=72,940/364,921; elapsed=0.0s ETA~1.0s; RAM=1.84 GiB
      v10a23 D=<WRB|RWRB> bra2->ket0 Haar 12,000/285,298; cache hits/misses=74,940/364,921; elapsed=0.0s ETA~1.0s; RAM=1.84 GiB
      v10a23 D=<WRB|RWRB> bra2->ket0 Haar 14,000/285,298; cache hits/misses=76,940/364,921; elapsed=0.1s ETA~1.0s; RAM=1.84 GiB
      v10a23 D=<WRB|RWRB> bra2->ket0 Haar 16,000/285,298; cache hits/misses=78,940/364,921; elapsed=0.1s ETA~1.0s; RAM=1.84 GiB
      v10a23 D=<WRB|RWRB> bra2->ket0 Haar 18,000/285,298; cache hits/misses=80,940/364,921; elapsed=0.1s ETA~1.0s; RAM=1.84 GiB
      v10a23 D=<WRB|RWRB> bra2->ket0 Haar 20,000/285,298; cache hits/misses=82,940/364,921; elapsed=0.1s ETA~1.0s; RAM=1.84 GiB
      v10a23 D=<WRB|RWRB> bra2->ket0 Haar 22,000/285,298; cache hits/misses=84,940/364,921; elapsed=0.1s ETA~0.9s; RAM=1.84 GiB
      v10a23 D=<WRB|RWRB> bra2->ket0 Haar 24,000/285,298; cache hits/misses=86,940/364,921; elapsed=0.1s ETA~0.9s; RAM=1.84 GiB
      v10a23 D=<WRB|RWRB> bra2->ket0 Haar 26,000/285,298; cache hits/misses=88,940/364,921; elapsed=0.1s ETA~0.9s; RAM=1.84 GiB
      v10a23 D=<WRB|RWRB> bra2->ket0 Haar 28,000/285,298; cache hits/misses=90,940/364,921; elapsed=0.1s ETA~0.9s; RAM=1.84 GiB
      v10a23 D=<WRB|RWRB> bra2->ket0 Haar 30,000/285,298; cache hits/misses=92,940/364,921; elapsed=0.1s ETA~0.9s; RAM=1.84 GiB
      v10a23 D=<WRB|RWRB> bra2->ket0 Haar 32,000/285,298; cache hits/misses=94,940/364,921; elapsed=0.1s ETA~0.9s; RAM=1.84 GiB
      v10a23 D=<WRB|RWRB> bra2->ket0 Haar 34,000/285,298; cache hits/misses=96,940/364,921; elapsed=0.1s ETA~0.9s; RAM=1.84 GiB
      v10a23 D=<WRB|RWRB> bra2->ket0 Haar 36,000/285,298; cache hits/misses=98,940/364,921; elapsed=0.1s ETA~0.9s; RAM=1.84 GiB
      v10a23 D=<WRB|RWRB> bra2->ket0 Haar 38,000/285,298; cache hits/misses=100,940/364,921; elapsed=0.1s ETA~0.9s; RAM=1.84 GiB
      v10a23 D=<WRB|RWRB> bra2->ket0 Haar 40,000/285,298; cache hits/misses=102,940/364,921; elapsed=0.1s ETA~0.9s; RAM=1.84 GiB
      v10a23 D=<WRB|RWRB> bra2->ket0 Haar 42,000/285,298; cache hits/misses=104,940/364,921; elapsed=0.1s ETA~0.8s; RAM=1.84 GiB
      v10a23 D=<WRB|RWRB> bra2->ket0 Haar 44,000/285,298; cache hits/misses=106,940/364,921; elapsed=0.2s ETA~0.8s; RAM=1.84 GiB
      v10a23 D=<WRB|RWRB> bra2->ket0 Haar 46,000/285,298; cache hits/misses=108,940/364,921; elapsed=0.2s ETA~0.8s; RAM=1.84 GiB
      v10a23 D=<WRB|RWRB> bra2->ket0 Haar 48,000/285,298; cache hits/misses=110,940/364,921; elapsed=0.2s ETA~0.8s; RAM=1.84 GiB
      v10a23 D=<WRB|RWRB> bra2->ket0 Haar 50,000/285,298; cache hits/misses=112,940/364,921; elapsed=0.2s ETA~0.8s; RAM=1.84 GiB
      v10a23 D=<WRB|RWRB> bra2->ket0 Haar 52,000/285,298; cache hits/misses=114,940/364,921; elapsed=0.2s ETA~0.8s; RAM=1.84 GiB
      v10a23 D=<WRB|RWRB> bra2->ket0 Haar 54,000/285,298; cache hits/misses=116,940/364,921; elapsed=0.2s ETA~0.8s; RAM=1.84 GiB
      v10a23 D=<WRB|RWRB> bra2->ket0 Haar 56,000/285,298; cache hits/misses=118,940/364,921; elapsed=0.2s ETA~0.8s; RAM=1.84 GiB
      v10a23 D=<WRB|RWRB> bra2->ket0 Haar 58,000/285,298; cache hits/misses=120,940/364,921; elapsed=0.2s ETA~0.8s; RAM=1.84 GiB
      v10a23 D=<WRB|RWRB> bra2->ket0 Haar 60,000/285,298; cache hits/misses=122,940/364,921; elapsed=0.2s ETA~0.8s; RAM=1.84 GiB
      v10a23 D=<WRB|RWRB> bra2->ket0 Haar 62,000/285,298; cache hits/misses=124,940/364,921; elapsed=0.2s ETA~0.8s; RAM=1.84 GiB
      v10a23 D=<WRB|RWRB> bra2->ket0 Haar 64,000/285,298; cache hits/misses=126,940/364,921; elapsed=0.2s ETA~0.8s; RAM=1.84 GiB
      v10a23 D=<WRB|RWRB> bra2->ket0 Haar 66,000/285,298; cache hits/misses=128,940/364,921; elapsed=0.2s ETA~0.8s; RAM=1.84 GiB
      v10a23 D=<WRB|RWRB> bra2->ket0 Haar 68,000/285,298; cache hits/misses=130,940/364,921; elapsed=0.2s ETA~0.8s; RAM=1.84 GiB
      v10a23 D=<WRB|RWRB> bra2->ket0 Haar 70,000/285,298; cache hits/misses=132,940/364,921; elapsed=0.2s ETA~0.8s; RAM=1.84 GiB
      v10a23 D=<WRB|RWRB> bra2->ket0 Haar 72,000/285,298; cache hits/misses=134,940/364,921; elapsed=0.3s ETA~0.8s; RAM=1.84 GiB
      v10a23 D=<WRB|RWRB> bra2->ket0 Haar 74,000/285,298; cache hits/misses=136,940/364,921; elapsed=0.3s ETA~0.8s; RAM=1.84 GiB
      v10a23 D=<WRB|RWRB> bra2->ket0 Haar 76,000/285,298; cache hits/misses=138,940/364,921; elapsed=0.3s ETA~0.7s; RAM=1.84 GiB
      v10a23 D=<WRB|RWRB> bra2->ket0 Haar 78,000/285,298; cache hits/misses=140,940/364,921; elapsed=0.3s ETA~0.7s; RAM=1.84 GiB
      v10a23 D=<WRB|RWRB> bra2->ket0 Haar 80,000/285,298; cache hits/misses=142,940/364,921; elapsed=0.3s ETA~0.7s; RAM=1.84 GiB
      v10a23 D=<WRB|RWRB> bra2->ket0 Haar 82,000/285,298; cache hits/misses=144,940/364,921; elapsed=0.3s ETA~0.7s; RAM=1.84 GiB
      v10a23 D=<WRB|RWRB> bra2->ket0 Haar 84,000/285,298; cache hits/misses=146,940/364,921; elapsed=0.3s ETA~0.7s; RAM=1.84 GiB
      v10a23 D=<WRB|RWRB> bra2->ket0 Haar 86,000/285,298; cache hits/misses=148,940/364,921; elapsed=0.3s ETA~0.7s; RAM=1.84 GiB
      v10a23 D=<WRB|RWRB> bra2->ket0 Haar 88,000/285,298; cache hits/misses=150,940/364,921; elapsed=0.3s ETA~0.7s; RAM=1.84 GiB
      v10a23 D=<WRB|RWRB> bra2->ket0 Haar 90,000/285,298; cache hits/misses=152,940/364,921; elapsed=0.3s ETA~0.7s; RAM=1.84 GiB
      v10a23 D=<WRB|RWRB> bra2->ket0 Haar 92,000/285,298; cache hits/misses=154,940/364,921; elapsed=0.3s ETA~0.7s; RAM=1.84 GiB
      v10a23 D=<WRB|RWRB> bra2->ket0 Haar 94,000/285,298; cache hits/misses=156,940/364,921; elapsed=0.3s ETA~0.7s; RAM=1.84 GiB
      v10a23 D=<WRB|RWRB> bra2->ket0 Haar 96,000/285,298; cache hits/misses=158,940/364,921; elapsed=0.3s ETA~0.7s; RAM=1.84 GiB
      v10a23 D=<WRB|RWRB> bra2->ket0 Haar 98,000/285,298; cache hits/misses=160,940/364,921; elapsed=0.3s ETA~0.7s; RAM=1.84 GiB
      v10a23 D=<WRB|RWRB> bra2->ket0 Haar 100,000/285,298; cache hits/misses=162,940/364,921; elapsed=0.4s ETA~0.7s; RAM=1.84 GiB
      v10a23 D=<WRB|RWRB> bra2->ket0 Haar 102,000/285,298; cache hits/misses=164,940/364,921; elapsed=0.4s ETA~0.6s; RAM=1.84 GiB
      v10a23 D=<WRB|RWRB> bra2->ket0 Haar 104,000/285,298; cache hits/misses=166,940/364,921; elapsed=0.4s ETA~0.6s; RAM=1.84 GiB
      v10a23 D=<WRB|RWRB> bra2->ket0 Haar 106,000/285,298; cache hits/misses=168,940/364,921; elapsed=0.4s ETA~0.6s; RAM=1.84 GiB
      v10a23 D=<WRB|RWRB> bra2->ket0 Haar 108,000/285,298; cache hits/misses=170,940/364,921; elapsed=0.4s ETA~0.6s; RAM=1.84 GiB
      v10a23 D=<WRB|RWRB> bra2->ket0 Haar 110,000/285,298; cache hits/misses=172,940/364,921; elapsed=0.4s ETA~0.6s; RAM=1.84 GiB
      v10a23 D=<WRB|RWRB> bra2->ket0 Haar 112,000/285,298; cache hits/misses=174,940/364,921; elapsed=0.4s ETA~0.6s; RAM=1.84 GiB
      v10a23 D=<WRB|RWRB> bra2->ket0 Haar 114,000/285,298; cache hits/misses=176,940/364,921; elapsed=0.4s ETA~0.6s; RAM=1.84 GiB
      v10a23 D=<WRB|RWRB> bra2->ket0 Haar 116,000/285,298; cache hits/misses=178,940/364,921; elapsed=0.4s ETA~0.6s; RAM=1.84 GiB
      v10a23 D=<WRB|RWRB> bra2->ket0 Haar 118,000/285,298; cache hits/misses=180,940/364,921; elapsed=0.4s ETA~0.6s; RAM=1.84 GiB
      v10a23 D=<WRB|RWRB> bra2->ket0 Haar 120,000/285,298; cache hits/misses=182,940/364,921; elapsed=0.4s ETA~0.6s; RAM=1.84 GiB
      v10a23 D=<WRB|RWRB> bra2->ket0 Haar 122,000/285,298; cache hits/misses=184,940/364,921; elapsed=0.4s ETA~0.6s; RAM=1.84 GiB
      v10a23 D=<WRB|RWRB> bra2->ket0 Haar 124,000/285,298; cache hits/misses=186,940/364,921; elapsed=0.4s ETA~0.6s; RAM=1.84 GiB
      v10a23 D=<WRB|RWRB> bra2->ket0 Haar 126,000/285,298; cache hits/misses=188,940/364,921; elapsed=0.4s ETA~0.6s; RAM=1.84 GiB
      v10a23 D=<WRB|RWRB> bra2->ket0 Haar 128,000/285,298; cache hits/misses=190,940/364,921; elapsed=0.5s ETA~0.6s; RAM=1.84 GiB
      v10a23 D=<WRB|RWRB> bra2->ket0 Haar 130,000/285,298; cache hits/misses=192,940/364,921; elapsed=0.5s ETA~0.6s; RAM=1.84 GiB
      v10a23 D=<WRB|RWRB> bra2->ket0 Haar 132,000/285,298; cache hits/misses=194,940/364,921; elapsed=0.5s ETA~0.5s; RAM=1.84 GiB
      v10a23 D=<WRB|RWRB> bra2->ket0 Haar 134,000/285,298; cache hits/misses=196,940/364,921; elapsed=0.5s ETA~0.5s; RAM=1.84 GiB
      v10a23 D=<WRB|RWRB> bra2->ket0 Haar 136,000/285,298; cache hits/misses=198,940/364,921; elapsed=0.5s ETA~0.5s; RAM=1.84 GiB
      v10a23 D=<WRB|RWRB> bra2->ket0 Haar 138,000/285,298; cache hits/misses=200,940/364,921; elapsed=0.5s ETA~0.5s; RAM=1.84 GiB
      v10a23 D=<WRB|RWRB> bra2->ket0 Haar 140,000/285,298; cache hits/misses=202,940/364,921; elapsed=0.5s ETA~0.5s; RAM=1.84 GiB
      v10a23 D=<WRB|RWRB> bra2->ket0 Haar 142,000/285,298; cache hits/misses=204,940/364,921; elapsed=0.5s ETA~0.5s; RAM=1.84 GiB
      v10a23 D=<WRB|RWRB> bra2->ket0 Haar 144,000/285,298; cache hits/misses=206,940/364,921; elapsed=0.5s ETA~0.5s; RAM=1.84 GiB
      v10a23 D=<WRB|RWRB> bra2->ket0 Haar 146,000/285,298; cache hits/misses=208,940/364,921; elapsed=0.5s ETA~0.5s; RAM=1.84 GiB
      v10a23 D=<WRB|RWRB> bra2->ket0 Haar 148,000/285,298; cache hits/misses=210,940/364,921; elapsed=0.5s ETA~0.5s; RAM=1.84 GiB
      v10a23 D=<WRB|RWRB> bra2->ket0 Haar 150,000/285,298; cache hits/misses=212,940/364,921; elapsed=0.5s ETA~0.5s; RAM=1.84 GiB
      v10a23 D=<WRB|RWRB> bra2->ket0 Haar 152,000/285,298; cache hits/misses=214,940/364,921; elapsed=0.5s ETA~0.5s; RAM=1.84 GiB
      v10a23 D=<WRB|RWRB> bra2->ket0 Haar 154,000/285,298; cache hits/misses=216,940/364,921; elapsed=0.5s ETA~0.5s; RAM=1.84 GiB
      v10a23 D=<WRB|RWRB> bra2->ket0 Haar 156,000/285,298; cache hits/misses=218,940/364,921; elapsed=0.6s ETA~0.5s; RAM=1.84 GiB
      v10a23 D=<WRB|RWRB> bra2->ket0 Haar 158,000/285,298; cache hits/misses=220,940/364,921; elapsed=0.6s ETA~0.5s; RAM=1.84 GiB
      v10a23 D=<WRB|RWRB> bra2->ket0 Haar 160,000/285,298; cache hits/misses=222,940/364,921; elapsed=0.6s ETA~0.4s; RAM=1.84 GiB
      v10a23 D=<WRB|RWRB> bra2->ket0 Haar 162,000/285,298; cache hits/misses=224,940/364,921; elapsed=0.6s ETA~0.4s; RAM=1.84 GiB
      v10a23 D=<WRB|RWRB> bra2->ket0 Haar 164,000/285,298; cache hits/misses=226,940/364,921; elapsed=0.6s ETA~0.4s; RAM=1.84 GiB
      v10a23 D=<WRB|RWRB> bra2->ket0 Haar 166,000/285,298; cache hits/misses=228,940/364,921; elapsed=0.6s ETA~0.4s; RAM=1.84 GiB
      v10a23 D=<WRB|RWRB> bra2->ket0 Haar 168,000/285,298; cache hits/misses=230,940/364,921; elapsed=0.6s ETA~0.4s; RAM=1.84 GiB
      v10a23 D=<WRB|RWRB> bra2->ket0 Haar 170,000/285,298; cache hits/misses=232,940/364,921; elapsed=0.6s ETA~0.4s; RAM=1.84 GiB
      v10a23 D=<WRB|RWRB> bra2->ket0 Haar 172,000/285,298; cache hits/misses=234,940/364,921; elapsed=0.6s ETA~0.4s; RAM=1.84 GiB
      v10a23 D=<WRB|RWRB> bra2->ket0 Haar 174,000/285,298; cache hits/misses=236,940/364,921; elapsed=0.6s ETA~0.4s; RAM=1.84 GiB
      v10a23 D=<WRB|RWRB> bra2->ket0 Haar 176,000/285,298; cache hits/misses=238,940/364,921; elapsed=0.6s ETA~0.4s; RAM=1.84 GiB
      v10a23 D=<WRB|RWRB> bra2->ket0 Haar 178,000/285,298; cache hits/misses=240,940/364,921; elapsed=0.6s ETA~0.4s; RAM=1.84 GiB
      v10a23 D=<WRB|RWRB> bra2->ket0 Haar 180,000/285,298; cache hits/misses=242,940/364,921; elapsed=0.6s ETA~0.4s; RAM=1.84 GiB
      v10a23 D=<WRB|RWRB> bra2->ket0 Haar 182,000/285,298; cache hits/misses=244,940/364,921; elapsed=0.6s ETA~0.4s; RAM=1.84 GiB
      v10a23 D=<WRB|RWRB> bra2->ket0 Haar 184,000/285,298; cache hits/misses=246,940/364,921; elapsed=0.7s ETA~0.4s; RAM=1.84 GiB
      v10a23 D=<WRB|RWRB> bra2->ket0 Haar 186,000/285,298; cache hits/misses=248,940/364,921; elapsed=0.7s ETA~0.4s; RAM=1.84 GiB
      v10a23 D=<WRB|RWRB> bra2->ket0 Haar 188,000/285,298; cache hits/misses=250,940/364,921; elapsed=0.7s ETA~0.3s; RAM=1.84 GiB
      v10a23 D=<WRB|RWRB> bra2->ket0 Haar 190,000/285,298; cache hits/misses=252,940/364,921; elapsed=0.7s ETA~0.3s; RAM=1.84 GiB
      v10a23 D=<WRB|RWRB> bra2->ket0 Haar 192,000/285,298; cache hits/misses=254,940/364,921; elapsed=0.7s ETA~0.3s; RAM=1.84 GiB
      v10a23 D=<WRB|RWRB> bra2->ket0 Haar 194,000/285,298; cache hits/misses=256,940/364,921; elapsed=0.7s ETA~0.3s; RAM=1.84 GiB
      v10a23 D=<WRB|RWRB> bra2->ket0 Haar 196,000/285,298; cache hits/misses=258,940/364,921; elapsed=0.7s ETA~0.3s; RAM=1.84 GiB
      v10a23 D=<WRB|RWRB> bra2->ket0 Haar 198,000/285,298; cache hits/misses=260,940/364,921; elapsed=0.7s ETA~0.3s; RAM=1.84 GiB
      v10a23 D=<WRB|RWRB> bra2->ket0 Haar 200,000/285,298; cache hits/misses=262,940/364,921; elapsed=0.7s ETA~0.3s; RAM=1.84 GiB
      v10a23 D=<WRB|RWRB> bra2->ket0 Haar 202,000/285,298; cache hits/misses=264,940/364,921; elapsed=0.7s ETA~0.3s; RAM=1.84 GiB
      v10a23 D=<WRB|RWRB> bra2->ket0 Haar 204,000/285,298; cache hits/misses=266,940/364,921; elapsed=0.7s ETA~0.3s; RAM=1.84 GiB
      v10a23 D=<WRB|RWRB> bra2->ket0 Haar 206,000/285,298; cache hits/misses=268,940/364,921; elapsed=0.7s ETA~0.3s; RAM=1.84 GiB
      v10a23 D=<WRB|RWRB> bra2->ket0 Haar 208,000/285,298; cache hits/misses=270,940/364,921; elapsed=0.7s ETA~0.3s; RAM=1.84 GiB
      v10a23 D=<WRB|RWRB> bra2->ket0 Haar 210,000/285,298; cache hits/misses=272,940/364,921; elapsed=0.7s ETA~0.3s; RAM=1.84 GiB
      v10a23 D=<WRB|RWRB> bra2->ket0 Haar 212,000/285,298; cache hits/misses=274,940/364,921; elapsed=0.8s ETA~0.3s; RAM=1.84 GiB
      v10a23 D=<WRB|RWRB> bra2->ket0 Haar 214,000/285,298; cache hits/misses=276,940/364,921; elapsed=0.8s ETA~0.3s; RAM=1.84 GiB
      v10a23 D=<WRB|RWRB> bra2->ket0 Haar 216,000/285,298; cache hits/misses=278,940/364,921; elapsed=0.8s ETA~0.2s; RAM=1.84 GiB
      v10a23 D=<WRB|RWRB> bra2->ket0 Haar 218,000/285,298; cache hits/misses=280,940/364,921; elapsed=0.8s ETA~0.2s; RAM=1.84 GiB
      v10a23 D=<WRB|RWRB> bra2->ket0 Haar 220,000/285,298; cache hits/misses=282,940/364,921; elapsed=0.8s ETA~0.2s; RAM=1.84 GiB
      v10a23 D=<WRB|RWRB> bra2->ket0 Haar 222,000/285,298; cache hits/misses=284,940/364,921; elapsed=0.8s ETA~0.2s; RAM=1.84 GiB
      v10a23 D=<WRB|RWRB> bra2->ket0 Haar 224,000/285,298; cache hits/misses=286,940/364,921; elapsed=0.8s ETA~0.2s; RAM=1.84 GiB
      v10a23 D=<WRB|RWRB> bra2->ket0 Haar 226,000/285,298; cache hits/misses=288,940/364,921; elapsed=0.8s ETA~0.2s; RAM=1.84 GiB
      v10a23 D=<WRB|RWRB> bra2->ket0 Haar 228,000/285,298; cache hits/misses=290,940/364,921; elapsed=0.8s ETA~0.2s; RAM=1.84 GiB
      v10a23 D=<WRB|RWRB> bra2->ket0 Haar 230,000/285,298; cache hits/misses=292,940/364,921; elapsed=0.8s ETA~0.2s; RAM=1.84 GiB
      v10a23 D=<WRB|RWRB> bra2->ket0 Haar 232,000/285,298; cache hits/misses=294,940/364,921; elapsed=0.8s ETA~0.2s; RAM=1.84 GiB
      v10a23 D=<WRB|RWRB> bra2->ket0 Haar 234,000/285,298; cache hits/misses=296,940/364,921; elapsed=0.8s ETA~0.2s; RAM=1.84 GiB
      v10a23 D=<WRB|RWRB> bra2->ket0 Haar 236,000/285,298; cache hits/misses=298,940/364,921; elapsed=0.8s ETA~0.2s; RAM=1.84 GiB
      v10a23 D=<WRB|RWRB> bra2->ket0 Haar 238,000/285,298; cache hits/misses=300,940/364,921; elapsed=0.9s ETA~0.2s; RAM=1.84 GiB
      v10a23 D=<WRB|RWRB> bra2->ket0 Haar 240,000/285,298; cache hits/misses=302,940/364,921; elapsed=0.9s ETA~0.2s; RAM=1.84 GiB
      v10a23 D=<WRB|RWRB> bra2->ket0 Haar 242,000/285,298; cache hits/misses=304,940/364,921; elapsed=0.9s ETA~0.2s; RAM=1.84 GiB
      v10a23 D=<WRB|RWRB> bra2->ket0 Haar 244,000/285,298; cache hits/misses=306,940/364,921; elapsed=0.9s ETA~0.1s; RAM=1.84 GiB
      v10a23 D=<WRB|RWRB> bra2->ket0 Haar 246,000/285,298; cache hits/misses=308,940/364,921; elapsed=0.9s ETA~0.1s; RAM=1.84 GiB
      v10a23 D=<WRB|RWRB> bra2->ket0 Haar 248,000/285,298; cache hits/misses=310,940/364,921; elapsed=0.9s ETA~0.1s; RAM=1.84 GiB
      v10a23 D=<WRB|RWRB> bra2->ket0 Haar 250,000/285,298; cache hits/misses=312,940/364,921; elapsed=0.9s ETA~0.1s; RAM=1.84 GiB
      v10a23 D=<WRB|RWRB> bra2->ket0 Haar 252,000/285,298; cache hits/misses=314,940/364,921; elapsed=0.9s ETA~0.1s; RAM=1.84 GiB
      v10a23 D=<WRB|RWRB> bra2->ket0 Haar 254,000/285,298; cache hits/misses=316,940/364,921; elapsed=0.9s ETA~0.1s; RAM=1.84 GiB
      v10a23 D=<WRB|RWRB> bra2->ket0 Haar 256,000/285,298; cache hits/misses=318,940/364,921; elapsed=0.9s ETA~0.1s; RAM=1.84 GiB
      v10a23 D=<WRB|RWRB> bra2->ket0 Haar 258,000/285,298; cache hits/misses=320,940/364,921; elapsed=0.9s ETA~0.1s; RAM=1.84 GiB
      v10a23 D=<WRB|RWRB> bra2->ket0 Haar 260,000/285,298; cache hits/misses=322,940/364,921; elapsed=0.9s ETA~0.1s; RAM=1.84 GiB
      v10a23 D=<WRB|RWRB> bra2->ket0 Haar 262,000/285,298; cache hits/misses=324,940/364,921; elapsed=1.0s ETA~0.1s; RAM=1.84 GiB
      v10a23 D=<WRB|RWRB> bra2->ket0 Haar 264,000/285,298; cache hits/misses=326,940/364,921; elapsed=1.0s ETA~0.1s; RAM=1.84 GiB
      v10a23 D=<WRB|RWRB> bra2->ket0 Haar 266,000/285,298; cache hits/misses=328,940/364,921; elapsed=1.0s ETA~0.1s; RAM=1.84 GiB
      v10a23 D=<WRB|RWRB> bra2->ket0 Haar 268,000/285,298; cache hits/misses=330,940/364,921; elapsed=1.0s ETA~0.1s; RAM=1.84 GiB
      v10a23 D=<WRB|RWRB> bra2->ket0 Haar 270,000/285,298; cache hits/misses=332,940/364,921; elapsed=1.0s ETA~0.1s; RAM=1.84 GiB
      v10a23 D=<WRB|RWRB> bra2->ket0 Haar 272,000/285,298; cache hits/misses=334,940/364,921; elapsed=1.0s ETA~0.0s; RAM=1.84 GiB
      v10a23 D=<WRB|RWRB> bra2->ket0 Haar 274,000/285,298; cache hits/misses=336,940/364,921; elapsed=1.0s ETA~0.0s; RAM=1.84 GiB
      v10a23 D=<WRB|RWRB> bra2->ket0 Haar 276,000/285,298; cache hits/misses=338,940/364,921; elapsed=1.0s ETA~0.0s; RAM=1.84 GiB
      v10a23 D=<WRB|RWRB> bra2->ket0 Haar 278,000/285,298; cache hits/misses=340,940/364,921; elapsed=1.0s ETA~0.0s; RAM=1.84 GiB
      v10a23 D=<WRB|RWRB> bra2->ket0 Haar 280,000/285,298; cache hits/misses=342,940/364,921; elapsed=1.0s ETA~0.0s; RAM=1.84 GiB
      v10a23 D=<WRB|RWRB> bra2->ket0 Haar 282,000/285,298; cache hits/misses=344,940/364,921; elapsed=1.1s ETA~0.0s; RAM=1.84 GiB
      v10a23 D=<WRB|RWRB> bra2->ket0 Haar 284,000/285,298; cache hits/misses=346,940/364,921; elapsed=1.1s ETA~0.0s; RAM=1.84 GiB
      v10a23 D=<WRB|RWRB> bra2->ket0 Haar 285,298/285,298; cache hits/misses=348,238/364,921; elapsed=1.1s ETA~0.0s; RAM=1.84 GiB
      v10a23 D=<WRB|RWRB> bra2->ket0 COMPLETE gamma-sum=+1.28087644657437e-15; nonzero translations=20; new Haar misses=0; reused hits=285,298; total=27.1s
  D=<WRB|RWRB>: ket polarization 1 (0, 2)
      v10a23 D=<WRB|RWRB> bra0->ket1 scan 3,439/3,439; matches=2,018; unique-blocks=1,748; raw-pairs<=1,585,128; RAM=1.29 GiB; elapsed=3.3s ETA~0.0s
[PASS] v10a23 D=<WRB|RWRB> bra0->ket1 analytic one-face shortcut confined to same polarization :: left_pol=(1, 2), right_pol=(0, 2), analytic_skips=0, crosspol_fallback=2
      v10a23 D=<WRB|RWRB> bra0->ket1 cross-polarization 1x1 fallback: matches=2; displacements={(1, 4, 0): 2}
      v10a23 D=<WRB|RWRB> bra0->ket1 collapse 1,748/1,748; pair-occ=979,214; unique=285,846; RAM=1.77 GiB; elapsed=13.8s ETA~0.0s
      v10a23 D=<WRB|RWRB> bra0->ket1 PAIR-TOPOLOGY COLLAPSE: occurrences=979,214 -> unique_nonzero=285,306; sparse displacement weights=285,892; RAM=1.84 GiB
[PASS] v10a23 D=<WRB|RWRB> bra0->ket1 factorized Haar matches dense endpoint signatures :: maxerr=1.332e-15, signatures=9
      v10a23 D=<WRB|RWRB> bra0->ket1 Haar 2,000/285,306; cache hits/misses=350,247/364,921; elapsed=0.0s ETA~1.3s; RAM=1.84 GiB
      v10a23 D=<WRB|RWRB> bra0->ket1 Haar 4,000/285,306; cache hits/misses=352,247/364,921; elapsed=0.0s ETA~1.1s; RAM=1.84 GiB
      v10a23 D=<WRB|RWRB> bra0->ket1 Haar 6,000/285,306; cache hits/misses=354,247/364,921; elapsed=0.0s ETA~1.1s; RAM=1.84 GiB
      v10a23 D=<WRB|RWRB> bra0->ket1 Haar 8,000/285,306; cache hits/misses=356,247/364,921; elapsed=0.0s ETA~1.0s; RAM=1.84 GiB
      v10a23 D=<WRB|RWRB> bra0->ket1 Haar 10,000/285,306; cache hits/misses=358,247/364,921; elapsed=0.0s ETA~1.0s; RAM=1.84 GiB
      v10a23 D=<WRB|RWRB> bra0->ket1 Haar 12,000/285,306; cache hits/misses=360,247/364,921; elapsed=0.0s ETA~1.0s; RAM=1.84 GiB
      v10a23 D=<WRB|RWRB> bra0->ket1 Haar 14,000/285,306; cache hits/misses=362,247/364,921; elapsed=0.0s ETA~0.9s; RAM=1.84 GiB
      v10a23 D=<WRB|RWRB> bra0->ket1 Haar 16,000/285,306; cache hits/misses=364,247/364,921; elapsed=0.1s ETA~0.9s; RAM=1.84 GiB
      v10a23 D=<WRB|RWRB> bra0->ket1 Haar 18,000/285,306; cache hits/misses=366,247/364,921; elapsed=0.1s ETA~0.9s; RAM=1.84 GiB
      v10a23 D=<WRB|RWRB> bra0->ket1 Haar 20,000/285,306; cache hits/misses=368,247/364,921; elapsed=0.1s ETA~0.9s; RAM=1.84 GiB
      v10a23 D=<WRB|RWRB> bra0->ket1 Haar 22,000/285,306; cache hits/misses=370,247/364,921; elapsed=0.1s ETA~0.9s; RAM=1.84 GiB
      v10a23 D=<WRB|RWRB> bra0->ket1 Haar 24,000/285,306; cache hits/misses=372,247/364,921; elapsed=0.1s ETA~0.9s; RAM=1.84 GiB
      v10a23 D=<WRB|RWRB> bra0->ket1 Haar 26,000/285,306; cache hits/misses=374,247/364,921; elapsed=0.1s ETA~0.9s; RAM=1.84 GiB
      v10a23 D=<WRB|RWRB> bra0->ket1 Haar 28,000/285,306; cache hits/misses=376,247/364,921; elapsed=0.1s ETA~0.9s; RAM=1.84 GiB
      v10a23 D=<WRB|RWRB> bra0->ket1 Haar 30,000/285,306; cache hits/misses=378,247/364,921; elapsed=0.1s ETA~0.9s; RAM=1.84 GiB
      v10a23 D=<WRB|RWRB> bra0->ket1 Haar 32,000/285,306; cache hits/misses=380,247/364,921; elapsed=0.1s ETA~0.9s; RAM=1.84 GiB
      v10a23 D=<WRB|RWRB> bra0->ket1 Haar 34,000/285,306; cache hits/misses=382,247/364,921; elapsed=0.1s ETA~0.9s; RAM=1.84 GiB
      v10a23 D=<WRB|RWRB> bra0->ket1 Haar 36,000/285,306; cache hits/misses=384,247/364,921; elapsed=0.1s ETA~0.9s; RAM=1.84 GiB
      v10a23 D=<WRB|RWRB> bra0->ket1 Haar 38,000/285,306; cache hits/misses=386,247/364,921; elapsed=0.1s ETA~0.8s; RAM=1.84 GiB
      v10a23 D=<WRB|RWRB> bra0->ket1 Haar 40,000/285,306; cache hits/misses=388,247/364,921; elapsed=0.1s ETA~0.8s; RAM=1.84 GiB
      v10a23 D=<WRB|RWRB> bra0->ket1 Haar 42,000/285,306; cache hits/misses=390,247/364,921; elapsed=0.1s ETA~0.8s; RAM=1.84 GiB
      v10a23 D=<WRB|RWRB> bra0->ket1 Haar 44,000/285,306; cache hits/misses=392,247/364,921; elapsed=0.1s ETA~0.8s; RAM=1.84 GiB
      v10a23 D=<WRB|RWRB> bra0->ket1 Haar 46,000/285,306; cache hits/misses=394,247/364,921; elapsed=0.2s ETA~0.8s; RAM=1.84 GiB
      v10a23 D=<WRB|RWRB> bra0->ket1 Haar 48,000/285,306; cache hits/misses=396,247/364,921; elapsed=0.2s ETA~0.8s; RAM=1.84 GiB
      v10a23 D=<WRB|RWRB> bra0->ket1 Haar 50,000/285,306; cache hits/misses=398,247/364,921; elapsed=0.2s ETA~0.8s; RAM=1.84 GiB
      v10a23 D=<WRB|RWRB> bra0->ket1 Haar 52,000/285,306; cache hits/misses=400,247/364,921; elapsed=0.2s ETA~0.8s; RAM=1.84 GiB
      v10a23 D=<WRB|RWRB> bra0->ket1 Haar 54,000/285,306; cache hits/misses=402,247/364,921; elapsed=0.2s ETA~0.8s; RAM=1.84 GiB
      v10a23 D=<WRB|RWRB> bra0->ket1 Haar 56,000/285,306; cache hits/misses=404,247/364,921; elapsed=0.2s ETA~0.8s; RAM=1.84 GiB
      v10a23 D=<WRB|RWRB> bra0->ket1 Haar 58,000/285,306; cache hits/misses=406,247/364,921; elapsed=0.2s ETA~0.8s; RAM=1.84 GiB
      v10a23 D=<WRB|RWRB> bra0->ket1 Haar 60,000/285,306; cache hits/misses=408,247/364,921; elapsed=0.2s ETA~0.8s; RAM=1.84 GiB
      v10a23 D=<WRB|RWRB> bra0->ket1 Haar 62,000/285,306; cache hits/misses=410,247/364,921; elapsed=0.2s ETA~0.8s; RAM=1.84 GiB
      v10a23 D=<WRB|RWRB> bra0->ket1 Haar 64,000/285,306; cache hits/misses=412,247/364,921; elapsed=0.2s ETA~0.7s; RAM=1.84 GiB
      v10a23 D=<WRB|RWRB> bra0->ket1 Haar 66,000/285,306; cache hits/misses=414,247/364,921; elapsed=0.2s ETA~0.7s; RAM=1.84 GiB
      v10a23 D=<WRB|RWRB> bra0->ket1 Haar 68,000/285,306; cache hits/misses=416,247/364,921; elapsed=0.2s ETA~0.7s; RAM=1.84 GiB
      v10a23 D=<WRB|RWRB> bra0->ket1 Haar 70,000/285,306; cache hits/misses=418,247/364,921; elapsed=0.2s ETA~0.7s; RAM=1.84 GiB
      v10a23 D=<WRB|RWRB> bra0->ket1 Haar 72,000/285,306; cache hits/misses=420,247/364,921; elapsed=0.2s ETA~0.7s; RAM=1.84 GiB
      v10a23 D=<WRB|RWRB> bra0->ket1 Haar 74,000/285,306; cache hits/misses=422,247/364,921; elapsed=0.3s ETA~0.7s; RAM=1.84 GiB
      v10a23 D=<WRB|RWRB> bra0->ket1 Haar 76,000/285,306; cache hits/misses=424,247/364,921; elapsed=0.3s ETA~0.7s; RAM=1.84 GiB
      v10a23 D=<WRB|RWRB> bra0->ket1 Haar 78,000/285,306; cache hits/misses=426,247/364,921; elapsed=0.3s ETA~0.7s; RAM=1.84 GiB
      v10a23 D=<WRB|RWRB> bra0->ket1 Haar 80,000/285,306; cache hits/misses=428,247/364,921; elapsed=0.3s ETA~0.7s; RAM=1.84 GiB
      v10a23 D=<WRB|RWRB> bra0->ket1 Haar 82,000/285,306; cache hits/misses=430,247/364,921; elapsed=0.3s ETA~0.7s; RAM=1.84 GiB
      v10a23 D=<WRB|RWRB> bra0->ket1 Haar 84,000/285,306; cache hits/misses=432,247/364,921; elapsed=0.3s ETA~0.7s; RAM=1.84 GiB
      v10a23 D=<WRB|RWRB> bra0->ket1 Haar 86,000/285,306; cache hits/misses=434,247/364,921; elapsed=0.3s ETA~0.7s; RAM=1.84 GiB
      v10a23 D=<WRB|RWRB> bra0->ket1 Haar 88,000/285,306; cache hits/misses=436,247/364,921; elapsed=0.3s ETA~0.7s; RAM=1.84 GiB
      v10a23 D=<WRB|RWRB> bra0->ket1 Haar 90,000/285,306; cache hits/misses=438,247/364,921; elapsed=0.3s ETA~0.7s; RAM=1.84 GiB
      v10a23 D=<WRB|RWRB> bra0->ket1 Haar 92,000/285,306; cache hits/misses=440,247/364,921; elapsed=0.3s ETA~0.7s; RAM=1.84 GiB
      v10a23 D=<WRB|RWRB> bra0->ket1 Haar 94,000/285,306; cache hits/misses=442,247/364,921; elapsed=0.3s ETA~0.7s; RAM=1.84 GiB
      v10a23 D=<WRB|RWRB> bra0->ket1 Haar 96,000/285,306; cache hits/misses=444,247/364,921; elapsed=0.3s ETA~0.6s; RAM=1.84 GiB
      v10a23 D=<WRB|RWRB> bra0->ket1 Haar 98,000/285,306; cache hits/misses=446,247/364,921; elapsed=0.3s ETA~0.6s; RAM=1.84 GiB
      v10a23 D=<WRB|RWRB> bra0->ket1 Haar 100,000/285,306; cache hits/misses=448,247/364,921; elapsed=0.3s ETA~0.6s; RAM=1.84 GiB
      v10a23 D=<WRB|RWRB> bra0->ket1 Haar 102,000/285,306; cache hits/misses=450,247/364,921; elapsed=0.3s ETA~0.6s; RAM=1.84 GiB
      v10a23 D=<WRB|RWRB> bra0->ket1 Haar 104,000/285,306; cache hits/misses=452,247/364,921; elapsed=0.4s ETA~0.6s; RAM=1.84 GiB
      v10a23 D=<WRB|RWRB> bra0->ket1 Haar 106,000/285,306; cache hits/misses=454,247/364,921; elapsed=0.4s ETA~0.6s; RAM=1.84 GiB
      v10a23 D=<WRB|RWRB> bra0->ket1 Haar 108,000/285,306; cache hits/misses=456,247/364,921; elapsed=0.4s ETA~0.6s; RAM=1.84 GiB
      v10a23 D=<WRB|RWRB> bra0->ket1 Haar 110,000/285,306; cache hits/misses=458,247/364,921; elapsed=0.4s ETA~0.6s; RAM=1.84 GiB
      v10a23 D=<WRB|RWRB> bra0->ket1 Haar 112,000/285,306; cache hits/misses=460,247/364,921; elapsed=0.4s ETA~0.6s; RAM=1.84 GiB
      v10a23 D=<WRB|RWRB> bra0->ket1 Haar 114,000/285,306; cache hits/misses=462,247/364,921; elapsed=0.4s ETA~0.6s; RAM=1.84 GiB
      v10a23 D=<WRB|RWRB> bra0->ket1 Haar 116,000/285,306; cache hits/misses=464,247/364,921; elapsed=0.4s ETA~0.6s; RAM=1.84 GiB
      v10a23 D=<WRB|RWRB> bra0->ket1 Haar 118,000/285,306; cache hits/misses=466,247/364,921; elapsed=0.4s ETA~0.6s; RAM=1.84 GiB
      v10a23 D=<WRB|RWRB> bra0->ket1 Haar 120,000/285,306; cache hits/misses=468,247/364,921; elapsed=0.4s ETA~0.6s; RAM=1.84 GiB
      v10a23 D=<WRB|RWRB> bra0->ket1 Haar 122,000/285,306; cache hits/misses=470,247/364,921; elapsed=0.4s ETA~0.6s; RAM=1.84 GiB
      v10a23 D=<WRB|RWRB> bra0->ket1 Haar 124,000/285,306; cache hits/misses=472,247/364,921; elapsed=0.4s ETA~0.6s; RAM=1.84 GiB
      v10a23 D=<WRB|RWRB> bra0->ket1 Haar 126,000/285,306; cache hits/misses=474,247/364,921; elapsed=0.4s ETA~0.6s; RAM=1.84 GiB
      v10a23 D=<WRB|RWRB> bra0->ket1 Haar 128,000/285,306; cache hits/misses=476,247/364,921; elapsed=0.5s ETA~0.6s; RAM=1.84 GiB
      v10a23 D=<WRB|RWRB> bra0->ket1 Haar 130,000/285,306; cache hits/misses=478,247/364,921; elapsed=0.5s ETA~0.5s; RAM=1.84 GiB
      v10a23 D=<WRB|RWRB> bra0->ket1 Haar 132,000/285,306; cache hits/misses=480,247/364,921; elapsed=0.5s ETA~0.5s; RAM=1.84 GiB
      v10a23 D=<WRB|RWRB> bra0->ket1 Haar 134,000/285,306; cache hits/misses=482,247/364,921; elapsed=0.5s ETA~0.5s; RAM=1.84 GiB
      v10a23 D=<WRB|RWRB> bra0->ket1 Haar 136,000/285,306; cache hits/misses=484,247/364,921; elapsed=0.5s ETA~0.5s; RAM=1.84 GiB
      v10a23 D=<WRB|RWRB> bra0->ket1 Haar 138,000/285,306; cache hits/misses=486,247/364,921; elapsed=0.5s ETA~0.5s; RAM=1.84 GiB
      v10a23 D=<WRB|RWRB> bra0->ket1 Haar 140,000/285,306; cache hits/misses=488,247/364,921; elapsed=0.5s ETA~0.5s; RAM=1.84 GiB
      v10a23 D=<WRB|RWRB> bra0->ket1 Haar 142,000/285,306; cache hits/misses=490,247/364,921; elapsed=0.5s ETA~0.5s; RAM=1.84 GiB
      v10a23 D=<WRB|RWRB> bra0->ket1 Haar 144,000/285,306; cache hits/misses=492,247/364,921; elapsed=0.5s ETA~0.5s; RAM=1.84 GiB
      v10a23 D=<WRB|RWRB> bra0->ket1 Haar 146,000/285,306; cache hits/misses=494,247/364,921; elapsed=0.5s ETA~0.5s; RAM=1.84 GiB
      v10a23 D=<WRB|RWRB> bra0->ket1 Haar 148,000/285,306; cache hits/misses=496,247/364,921; elapsed=0.5s ETA~0.5s; RAM=1.84 GiB
      v10a23 D=<WRB|RWRB> bra0->ket1 Haar 150,000/285,306; cache hits/misses=498,247/364,921; elapsed=0.5s ETA~0.5s; RAM=1.84 GiB
      v10a23 D=<WRB|RWRB> bra0->ket1 Haar 152,000/285,306; cache hits/misses=500,247/364,921; elapsed=0.5s ETA~0.5s; RAM=1.84 GiB
      v10a23 D=<WRB|RWRB> bra0->ket1 Haar 154,000/285,306; cache hits/misses=502,247/364,921; elapsed=0.5s ETA~0.5s; RAM=1.84 GiB
      v10a23 D=<WRB|RWRB> bra0->ket1 Haar 156,000/285,306; cache hits/misses=504,247/364,921; elapsed=0.6s ETA~0.5s; RAM=1.84 GiB
      v10a23 D=<WRB|RWRB> bra0->ket1 Haar 158,000/285,306; cache hits/misses=506,247/364,921; elapsed=0.6s ETA~0.5s; RAM=1.84 GiB
      v10a23 D=<WRB|RWRB> bra0->ket1 Haar 160,000/285,306; cache hits/misses=508,247/364,921; elapsed=0.6s ETA~0.4s; RAM=1.84 GiB
      v10a23 D=<WRB|RWRB> bra0->ket1 Haar 162,000/285,306; cache hits/misses=510,247/364,921; elapsed=0.6s ETA~0.4s; RAM=1.84 GiB
      v10a23 D=<WRB|RWRB> bra0->ket1 Haar 164,000/285,306; cache hits/misses=512,247/364,921; elapsed=0.6s ETA~0.4s; RAM=1.84 GiB
      v10a23 D=<WRB|RWRB> bra0->ket1 Haar 166,000/285,306; cache hits/misses=514,247/364,921; elapsed=0.6s ETA~0.4s; RAM=1.84 GiB
      v10a23 D=<WRB|RWRB> bra0->ket1 Haar 168,000/285,306; cache hits/misses=516,247/364,921; elapsed=0.6s ETA~0.4s; RAM=1.84 GiB
      v10a23 D=<WRB|RWRB> bra0->ket1 Haar 170,000/285,306; cache hits/misses=518,247/364,921; elapsed=0.6s ETA~0.4s; RAM=1.84 GiB
      v10a23 D=<WRB|RWRB> bra0->ket1 Haar 172,000/285,306; cache hits/misses=520,247/364,921; elapsed=0.6s ETA~0.4s; RAM=1.84 GiB
      v10a23 D=<WRB|RWRB> bra0->ket1 Haar 174,000/285,306; cache hits/misses=522,247/364,921; elapsed=0.6s ETA~0.4s; RAM=1.84 GiB
      v10a23 D=<WRB|RWRB> bra0->ket1 Haar 176,000/285,306; cache hits/misses=524,247/364,921; elapsed=0.6s ETA~0.4s; RAM=1.84 GiB
      v10a23 D=<WRB|RWRB> bra0->ket1 Haar 178,000/285,306; cache hits/misses=526,247/364,921; elapsed=0.6s ETA~0.4s; RAM=1.84 GiB
      v10a23 D=<WRB|RWRB> bra0->ket1 Haar 180,000/285,306; cache hits/misses=528,247/364,921; elapsed=0.6s ETA~0.4s; RAM=1.84 GiB
      v10a23 D=<WRB|RWRB> bra0->ket1 Haar 182,000/285,306; cache hits/misses=530,247/364,921; elapsed=0.6s ETA~0.4s; RAM=1.84 GiB
      v10a23 D=<WRB|RWRB> bra0->ket1 Haar 184,000/285,306; cache hits/misses=532,247/364,921; elapsed=0.7s ETA~0.4s; RAM=1.84 GiB
      v10a23 D=<WRB|RWRB> bra0->ket1 Haar 186,000/285,306; cache hits/misses=534,247/364,921; elapsed=0.7s ETA~0.4s; RAM=1.84 GiB
      v10a23 D=<WRB|RWRB> bra0->ket1 Haar 188,000/285,306; cache hits/misses=536,247/364,921; elapsed=0.7s ETA~0.3s; RAM=1.84 GiB
      v10a23 D=<WRB|RWRB> bra0->ket1 Haar 190,000/285,306; cache hits/misses=538,247/364,921; elapsed=0.7s ETA~0.3s; RAM=1.84 GiB
      v10a23 D=<WRB|RWRB> bra0->ket1 Haar 192,000/285,306; cache hits/misses=540,247/364,921; elapsed=0.7s ETA~0.3s; RAM=1.84 GiB
      v10a23 D=<WRB|RWRB> bra0->ket1 Haar 194,000/285,306; cache hits/misses=542,247/364,921; elapsed=0.7s ETA~0.3s; RAM=1.84 GiB
      v10a23 D=<WRB|RWRB> bra0->ket1 Haar 196,000/285,306; cache hits/misses=544,247/364,921; elapsed=0.7s ETA~0.3s; RAM=1.84 GiB
      v10a23 D=<WRB|RWRB> bra0->ket1 Haar 198,000/285,306; cache hits/misses=546,247/364,921; elapsed=0.7s ETA~0.3s; RAM=1.84 GiB
      v10a23 D=<WRB|RWRB> bra0->ket1 Haar 200,000/285,306; cache hits/misses=548,247/364,921; elapsed=0.7s ETA~0.3s; RAM=1.84 GiB
      v10a23 D=<WRB|RWRB> bra0->ket1 Haar 202,000/285,306; cache hits/misses=550,247/364,921; elapsed=0.7s ETA~0.3s; RAM=1.84 GiB
      v10a23 D=<WRB|RWRB> bra0->ket1 Haar 204,000/285,306; cache hits/misses=552,247/364,921; elapsed=0.7s ETA~0.3s; RAM=1.84 GiB
      v10a23 D=<WRB|RWRB> bra0->ket1 Haar 206,000/285,306; cache hits/misses=554,247/364,921; elapsed=0.7s ETA~0.3s; RAM=1.84 GiB
      v10a23 D=<WRB|RWRB> bra0->ket1 Haar 208,000/285,306; cache hits/misses=556,247/364,921; elapsed=0.7s ETA~0.3s; RAM=1.84 GiB
      v10a23 D=<WRB|RWRB> bra0->ket1 Haar 210,000/285,306; cache hits/misses=558,247/364,921; elapsed=0.7s ETA~0.3s; RAM=1.84 GiB
      v10a23 D=<WRB|RWRB> bra0->ket1 Haar 212,000/285,306; cache hits/misses=560,247/364,921; elapsed=0.8s ETA~0.3s; RAM=1.84 GiB
      v10a23 D=<WRB|RWRB> bra0->ket1 Haar 214,000/285,306; cache hits/misses=562,247/364,921; elapsed=0.8s ETA~0.3s; RAM=1.84 GiB
      v10a23 D=<WRB|RWRB> bra0->ket1 Haar 216,000/285,306; cache hits/misses=564,247/364,921; elapsed=0.8s ETA~0.2s; RAM=1.84 GiB
      v10a23 D=<WRB|RWRB> bra0->ket1 Haar 218,000/285,306; cache hits/misses=566,247/364,921; elapsed=0.8s ETA~0.2s; RAM=1.84 GiB
      v10a23 D=<WRB|RWRB> bra0->ket1 Haar 220,000/285,306; cache hits/misses=568,247/364,921; elapsed=0.8s ETA~0.2s; RAM=1.84 GiB
      v10a23 D=<WRB|RWRB> bra0->ket1 Haar 222,000/285,306; cache hits/misses=570,247/364,921; elapsed=0.8s ETA~0.2s; RAM=1.84 GiB
      v10a23 D=<WRB|RWRB> bra0->ket1 Haar 224,000/285,306; cache hits/misses=572,247/364,921; elapsed=0.8s ETA~0.2s; RAM=1.84 GiB
      v10a23 D=<WRB|RWRB> bra0->ket1 Haar 226,000/285,306; cache hits/misses=574,247/364,921; elapsed=0.8s ETA~0.2s; RAM=1.84 GiB
      v10a23 D=<WRB|RWRB> bra0->ket1 Haar 228,000/285,306; cache hits/misses=576,247/364,921; elapsed=0.8s ETA~0.2s; RAM=1.84 GiB
      v10a23 D=<WRB|RWRB> bra0->ket1 Haar 230,000/285,306; cache hits/misses=578,247/364,921; elapsed=0.9s ETA~0.2s; RAM=1.84 GiB
      v10a23 D=<WRB|RWRB> bra0->ket1 Haar 232,000/285,306; cache hits/misses=580,247/364,921; elapsed=0.9s ETA~0.2s; RAM=1.84 GiB
      v10a23 D=<WRB|RWRB> bra0->ket1 Haar 234,000/285,306; cache hits/misses=582,247/364,921; elapsed=0.9s ETA~0.2s; RAM=1.84 GiB
      v10a23 D=<WRB|RWRB> bra0->ket1 Haar 236,000/285,306; cache hits/misses=584,247/364,921; elapsed=0.9s ETA~0.2s; RAM=1.84 GiB
      v10a23 D=<WRB|RWRB> bra0->ket1 Haar 238,000/285,306; cache hits/misses=586,247/364,921; elapsed=0.9s ETA~0.2s; RAM=1.84 GiB
      v10a23 D=<WRB|RWRB> bra0->ket1 Haar 240,000/285,306; cache hits/misses=588,247/364,921; elapsed=0.9s ETA~0.2s; RAM=1.84 GiB
      v10a23 D=<WRB|RWRB> bra0->ket1 Haar 242,000/285,306; cache hits/misses=590,247/364,921; elapsed=0.9s ETA~0.2s; RAM=1.84 GiB
      v10a23 D=<WRB|RWRB> bra0->ket1 Haar 244,000/285,306; cache hits/misses=592,247/364,921; elapsed=0.9s ETA~0.2s; RAM=1.84 GiB
      v10a23 D=<WRB|RWRB> bra0->ket1 Haar 246,000/285,306; cache hits/misses=594,247/364,921; elapsed=0.9s ETA~0.1s; RAM=1.84 GiB
      v10a23 D=<WRB|RWRB> bra0->ket1 Haar 248,000/285,306; cache hits/misses=596,247/364,921; elapsed=0.9s ETA~0.1s; RAM=1.84 GiB
      v10a23 D=<WRB|RWRB> bra0->ket1 Haar 250,000/285,306; cache hits/misses=598,247/364,921; elapsed=1.0s ETA~0.1s; RAM=1.84 GiB
      v10a23 D=<WRB|RWRB> bra0->ket1 Haar 252,000/285,306; cache hits/misses=600,247/364,921; elapsed=1.0s ETA~0.1s; RAM=1.84 GiB
      v10a23 D=<WRB|RWRB> bra0->ket1 Haar 254,000/285,306; cache hits/misses=602,247/364,921; elapsed=1.0s ETA~0.1s; RAM=1.84 GiB
      v10a23 D=<WRB|RWRB> bra0->ket1 Haar 256,000/285,306; cache hits/misses=604,247/364,921; elapsed=1.0s ETA~0.1s; RAM=1.84 GiB
      v10a23 D=<WRB|RWRB> bra0->ket1 Haar 258,000/285,306; cache hits/misses=606,247/364,921; elapsed=1.0s ETA~0.1s; RAM=1.84 GiB
      v10a23 D=<WRB|RWRB> bra0->ket1 Haar 260,000/285,306; cache hits/misses=608,247/364,921; elapsed=1.0s ETA~0.1s; RAM=1.84 GiB
      v10a23 D=<WRB|RWRB> bra0->ket1 Haar 262,000/285,306; cache hits/misses=610,247/364,921; elapsed=1.0s ETA~0.1s; RAM=1.84 GiB
      v10a23 D=<WRB|RWRB> bra0->ket1 Haar 264,000/285,306; cache hits/misses=612,247/364,921; elapsed=1.0s ETA~0.1s; RAM=1.84 GiB
      v10a23 D=<WRB|RWRB> bra0->ket1 Haar 266,000/285,306; cache hits/misses=614,247/364,921; elapsed=1.0s ETA~0.1s; RAM=1.84 GiB
      v10a23 D=<WRB|RWRB> bra0->ket1 Haar 268,000/285,306; cache hits/misses=616,247/364,921; elapsed=1.0s ETA~0.1s; RAM=1.84 GiB
      v10a23 D=<WRB|RWRB> bra0->ket1 Haar 270,000/285,306; cache hits/misses=618,247/364,921; elapsed=1.0s ETA~0.1s; RAM=1.84 GiB
      v10a23 D=<WRB|RWRB> bra0->ket1 Haar 272,000/285,306; cache hits/misses=620,247/364,921; elapsed=1.1s ETA~0.1s; RAM=1.84 GiB
      v10a23 D=<WRB|RWRB> bra0->ket1 Haar 274,000/285,306; cache hits/misses=622,247/364,921; elapsed=1.1s ETA~0.0s; RAM=1.84 GiB
      v10a23 D=<WRB|RWRB> bra0->ket1 Haar 276,000/285,306; cache hits/misses=624,247/364,921; elapsed=1.1s ETA~0.0s; RAM=1.84 GiB
      v10a23 D=<WRB|RWRB> bra0->ket1 Haar 278,000/285,306; cache hits/misses=626,247/364,921; elapsed=1.1s ETA~0.0s; RAM=1.84 GiB
      v10a23 D=<WRB|RWRB> bra0->ket1 Haar 280,000/285,306; cache hits/misses=628,247/364,921; elapsed=1.1s ETA~0.0s; RAM=1.84 GiB
      v10a23 D=<WRB|RWRB> bra0->ket1 Haar 282,000/285,306; cache hits/misses=630,247/364,921; elapsed=1.1s ETA~0.0s; RAM=1.84 GiB
      v10a23 D=<WRB|RWRB> bra0->ket1 Haar 284,000/285,306; cache hits/misses=632,247/364,921; elapsed=1.1s ETA~0.0s; RAM=1.84 GiB
      v10a23 D=<WRB|RWRB> bra0->ket1 Haar 285,306/285,306; cache hits/misses=633,553/364,921; elapsed=1.1s ETA~0.0s; RAM=1.84 GiB
      v10a23 D=<WRB|RWRB> bra0->ket1 COMPLETE gamma-sum=-4.52995930697031e-15; nonzero translations=20; new Haar misses=0; reused hits=285,306; total=26.2s
      v10a23 D=<WRB|RWRB> bra1->ket1 scan 3,439/3,439; matches=5,400; unique-blocks=3,513; raw-pairs<=9,814,138; RAM=1.30 GiB; elapsed=6.2s ETA~0.0s
[PASS] v10a23 D=<WRB|RWRB> bra1->ket1 analytic one-face shortcut confined to same polarization :: left_pol=(0, 2), right_pol=(0, 2), analytic_skips=54, crosspol_fallback=0
[PASS] v10a23 D=<WRB|RWRB> bra1->ket1 one-face direct block=-13/896 :: -0.014508928571428572
      v10a23 D=<WRB|RWRB> bra1->ket1 collapse 3,513/3,513; pair-occ=2,468,250; unique=117,187; RAM=1.48 GiB; elapsed=12.7s ETA~0.0s
      v10a23 D=<WRB|RWRB> bra1->ket1 PAIR-TOPOLOGY COLLAPSE: occurrences=2,468,250 -> unique_nonzero=117,163; sparse displacement weights=161,071; RAM=1.51 GiB
[PASS] v10a23 D=<WRB|RWRB> bra1->ket1 factorized Haar matches dense endpoint signatures :: maxerr=4.441e-16, signatures=9
      v10a23 D=<WRB|RWRB> bra1->ket1 Haar 2,000/117,163; cache hits/misses=635,562/364,921; elapsed=0.0s ETA~0.5s; RAM=1.51 GiB
      v10a23 D=<WRB|RWRB> bra1->ket1 Haar 4,000/117,163; cache hits/misses=637,562/364,921; elapsed=0.0s ETA~0.4s; RAM=1.51 GiB
      v10a23 D=<WRB|RWRB> bra1->ket1 Haar 6,000/117,163; cache hits/misses=639,562/364,921; elapsed=0.0s ETA~0.4s; RAM=1.51 GiB
      v10a23 D=<WRB|RWRB> bra1->ket1 Haar 8,000/117,163; cache hits/misses=641,562/364,921; elapsed=0.0s ETA~0.4s; RAM=1.51 GiB
      v10a23 D=<WRB|RWRB> bra1->ket1 Haar 10,000/117,163; cache hits/misses=643,562/364,921; elapsed=0.0s ETA~0.4s; RAM=1.51 GiB
      v10a23 D=<WRB|RWRB> bra1->ket1 Haar 12,000/117,163; cache hits/misses=645,562/364,921; elapsed=0.0s ETA~0.4s; RAM=1.51 GiB
      v10a23 D=<WRB|RWRB> bra1->ket1 Haar 14,000/117,163; cache hits/misses=647,562/364,921; elapsed=0.0s ETA~0.4s; RAM=1.51 GiB
      v10a23 D=<WRB|RWRB> bra1->ket1 Haar 16,000/117,163; cache hits/misses=649,562/364,921; elapsed=0.1s ETA~0.4s; RAM=1.51 GiB
      v10a23 D=<WRB|RWRB> bra1->ket1 Haar 18,000/117,163; cache hits/misses=651,562/364,921; elapsed=0.1s ETA~0.4s; RAM=1.51 GiB
      v10a23 D=<WRB|RWRB> bra1->ket1 Haar 20,000/117,163; cache hits/misses=653,562/364,921; elapsed=0.1s ETA~0.3s; RAM=1.51 GiB
      v10a23 D=<WRB|RWRB> bra1->ket1 Haar 22,000/117,163; cache hits/misses=655,562/364,921; elapsed=0.1s ETA~0.3s; RAM=1.51 GiB
      v10a23 D=<WRB|RWRB> bra1->ket1 Haar 24,000/117,163; cache hits/misses=657,562/364,921; elapsed=0.1s ETA~0.3s; RAM=1.51 GiB
      v10a23 D=<WRB|RWRB> bra1->ket1 Haar 26,000/117,163; cache hits/misses=659,562/364,921; elapsed=0.1s ETA~0.3s; RAM=1.51 GiB
      v10a23 D=<WRB|RWRB> bra1->ket1 Haar 28,000/117,163; cache hits/misses=661,562/364,921; elapsed=0.1s ETA~0.3s; RAM=1.51 GiB
      v10a23 D=<WRB|RWRB> bra1->ket1 Haar 30,000/117,163; cache hits/misses=663,562/364,921; elapsed=0.1s ETA~0.3s; RAM=1.51 GiB
      v10a23 D=<WRB|RWRB> bra1->ket1 Haar 32,000/117,163; cache hits/misses=665,562/364,921; elapsed=0.1s ETA~0.3s; RAM=1.51 GiB
      v10a23 D=<WRB|RWRB> bra1->ket1 Haar 34,000/117,163; cache hits/misses=667,562/364,921; elapsed=0.1s ETA~0.3s; RAM=1.51 GiB
      v10a23 D=<WRB|RWRB> bra1->ket1 Haar 36,000/117,163; cache hits/misses=669,562/364,921; elapsed=0.1s ETA~0.3s; RAM=1.51 GiB
      v10a23 D=<WRB|RWRB> bra1->ket1 Haar 38,000/117,163; cache hits/misses=671,562/364,921; elapsed=0.1s ETA~0.3s; RAM=1.51 GiB
      v10a23 D=<WRB|RWRB> bra1->ket1 Haar 40,000/117,163; cache hits/misses=673,562/364,921; elapsed=0.1s ETA~0.3s; RAM=1.51 GiB
      v10a23 D=<WRB|RWRB> bra1->ket1 Haar 42,000/117,163; cache hits/misses=675,562/364,921; elapsed=0.2s ETA~0.3s; RAM=1.51 GiB
      v10a23 D=<WRB|RWRB> bra1->ket1 Haar 44,000/117,163; cache hits/misses=677,562/364,921; elapsed=0.2s ETA~0.3s; RAM=1.51 GiB
      v10a23 D=<WRB|RWRB> bra1->ket1 Haar 46,000/117,163; cache hits/misses=679,562/364,921; elapsed=0.2s ETA~0.3s; RAM=1.51 GiB
      v10a23 D=<WRB|RWRB> bra1->ket1 Haar 48,000/117,163; cache hits/misses=681,562/364,921; elapsed=0.2s ETA~0.3s; RAM=1.51 GiB
      v10a23 D=<WRB|RWRB> bra1->ket1 Haar 50,000/117,163; cache hits/misses=683,562/364,921; elapsed=0.2s ETA~0.3s; RAM=1.51 GiB
      v10a23 D=<WRB|RWRB> bra1->ket1 Haar 52,000/117,163; cache hits/misses=685,562/364,921; elapsed=0.2s ETA~0.2s; RAM=1.51 GiB
      v10a23 D=<WRB|RWRB> bra1->ket1 Haar 54,000/117,163; cache hits/misses=687,562/364,921; elapsed=0.2s ETA~0.2s; RAM=1.51 GiB
      v10a23 D=<WRB|RWRB> bra1->ket1 Haar 56,000/117,163; cache hits/misses=689,562/364,921; elapsed=0.2s ETA~0.2s; RAM=1.51 GiB
      v10a23 D=<WRB|RWRB> bra1->ket1 Haar 58,000/117,163; cache hits/misses=691,562/364,921; elapsed=0.2s ETA~0.2s; RAM=1.51 GiB
      v10a23 D=<WRB|RWRB> bra1->ket1 Haar 60,000/117,163; cache hits/misses=693,562/364,921; elapsed=0.2s ETA~0.2s; RAM=1.51 GiB
      v10a23 D=<WRB|RWRB> bra1->ket1 Haar 62,000/117,163; cache hits/misses=695,562/364,921; elapsed=0.2s ETA~0.2s; RAM=1.51 GiB
      v10a23 D=<WRB|RWRB> bra1->ket1 Haar 64,000/117,163; cache hits/misses=697,562/364,921; elapsed=0.2s ETA~0.2s; RAM=1.51 GiB
      v10a23 D=<WRB|RWRB> bra1->ket1 Haar 66,000/117,163; cache hits/misses=699,562/364,921; elapsed=0.3s ETA~0.2s; RAM=1.51 GiB
      v10a23 D=<WRB|RWRB> bra1->ket1 Haar 68,000/117,163; cache hits/misses=701,562/364,921; elapsed=0.3s ETA~0.2s; RAM=1.51 GiB
      v10a23 D=<WRB|RWRB> bra1->ket1 Haar 70,000/117,163; cache hits/misses=703,562/364,921; elapsed=0.3s ETA~0.2s; RAM=1.51 GiB
      v10a23 D=<WRB|RWRB> bra1->ket1 Haar 72,000/117,163; cache hits/misses=705,562/364,921; elapsed=0.3s ETA~0.2s; RAM=1.51 GiB
      v10a23 D=<WRB|RWRB> bra1->ket1 Haar 74,000/117,163; cache hits/misses=707,562/364,921; elapsed=0.3s ETA~0.2s; RAM=1.51 GiB
      v10a23 D=<WRB|RWRB> bra1->ket1 Haar 76,000/117,163; cache hits/misses=709,562/364,921; elapsed=0.3s ETA~0.2s; RAM=1.51 GiB
      v10a23 D=<WRB|RWRB> bra1->ket1 Haar 78,000/117,163; cache hits/misses=711,562/364,921; elapsed=0.3s ETA~0.2s; RAM=1.51 GiB
      v10a23 D=<WRB|RWRB> bra1->ket1 Haar 80,000/117,163; cache hits/misses=713,562/364,921; elapsed=0.3s ETA~0.1s; RAM=1.51 GiB
      v10a23 D=<WRB|RWRB> bra1->ket1 Haar 82,000/117,163; cache hits/misses=715,562/364,921; elapsed=0.3s ETA~0.1s; RAM=1.51 GiB
      v10a23 D=<WRB|RWRB> bra1->ket1 Haar 84,000/117,163; cache hits/misses=717,562/364,921; elapsed=0.3s ETA~0.1s; RAM=1.51 GiB
      v10a23 D=<WRB|RWRB> bra1->ket1 Haar 86,000/117,163; cache hits/misses=719,562/364,921; elapsed=0.3s ETA~0.1s; RAM=1.51 GiB
      v10a23 D=<WRB|RWRB> bra1->ket1 Haar 88,000/117,163; cache hits/misses=721,562/364,921; elapsed=0.3s ETA~0.1s; RAM=1.51 GiB
      v10a23 D=<WRB|RWRB> bra1->ket1 Haar 90,000/117,163; cache hits/misses=723,562/364,921; elapsed=0.3s ETA~0.1s; RAM=1.51 GiB
      v10a23 D=<WRB|RWRB> bra1->ket1 Haar 92,000/117,163; cache hits/misses=725,562/364,921; elapsed=0.4s ETA~0.1s; RAM=1.51 GiB
      v10a23 D=<WRB|RWRB> bra1->ket1 Haar 94,000/117,163; cache hits/misses=727,562/364,921; elapsed=0.4s ETA~0.1s; RAM=1.51 GiB
      v10a23 D=<WRB|RWRB> bra1->ket1 Haar 96,000/117,163; cache hits/misses=729,562/364,921; elapsed=0.4s ETA~0.1s; RAM=1.51 GiB
      v10a23 D=<WRB|RWRB> bra1->ket1 Haar 98,000/117,163; cache hits/misses=731,562/364,921; elapsed=0.4s ETA~0.1s; RAM=1.51 GiB
      v10a23 D=<WRB|RWRB> bra1->ket1 Haar 100,000/117,163; cache hits/misses=733,562/364,921; elapsed=0.4s ETA~0.1s; RAM=1.51 GiB
      v10a23 D=<WRB|RWRB> bra1->ket1 Haar 102,000/117,163; cache hits/misses=735,562/364,921; elapsed=0.4s ETA~0.1s; RAM=1.51 GiB
      v10a23 D=<WRB|RWRB> bra1->ket1 Haar 104,000/117,163; cache hits/misses=737,562/364,921; elapsed=0.4s ETA~0.1s; RAM=1.51 GiB
      v10a23 D=<WRB|RWRB> bra1->ket1 Haar 106,000/117,163; cache hits/misses=739,562/364,921; elapsed=0.4s ETA~0.0s; RAM=1.51 GiB
      v10a23 D=<WRB|RWRB> bra1->ket1 Haar 108,000/117,163; cache hits/misses=741,562/364,921; elapsed=0.4s ETA~0.0s; RAM=1.51 GiB
      v10a23 D=<WRB|RWRB> bra1->ket1 Haar 110,000/117,163; cache hits/misses=743,562/364,921; elapsed=0.5s ETA~0.0s; RAM=1.51 GiB
      v10a23 D=<WRB|RWRB> bra1->ket1 Haar 112,000/117,163; cache hits/misses=745,562/364,921; elapsed=0.5s ETA~0.0s; RAM=1.51 GiB
      v10a23 D=<WRB|RWRB> bra1->ket1 Haar 114,000/117,163; cache hits/misses=747,562/364,921; elapsed=0.5s ETA~0.0s; RAM=1.51 GiB
      v10a23 D=<WRB|RWRB> bra1->ket1 Haar 116,000/117,163; cache hits/misses=749,562/364,921; elapsed=0.5s ETA~0.0s; RAM=1.51 GiB
      v10a23 D=<WRB|RWRB> bra1->ket1 Haar 117,163/117,163; cache hits/misses=750,725/364,921; elapsed=0.5s ETA~0.0s; RAM=1.51 GiB
      v10a23 D=<WRB|RWRB> bra1->ket1 COMPLETE gamma-sum=-49.790170444484; nonzero translations=23; new Haar misses=0; reused hits=117,163; total=22.5s
      v10a23 D=<WRB|RWRB> bra2->ket1 scan 3,439/3,439; matches=2,018; unique-blocks=1,764; raw-pairs<=1,585,128; RAM=1.33 GiB; elapsed=2.9s ETA~0.0s
[PASS] v10a23 D=<WRB|RWRB> bra2->ket1 analytic one-face shortcut confined to same polarization :: left_pol=(0, 1), right_pol=(0, 2), analytic_skips=0, crosspol_fallback=2
      v10a23 D=<WRB|RWRB> bra2->ket1 cross-polarization 1x1 fallback: matches=2; displacements={(0, 4, 1): 2}
      v10a23 D=<WRB|RWRB> bra2->ket1 collapse 1,764/1,764; pair-occ=979,214; unique=285,838; RAM=1.77 GiB; elapsed=12.7s ETA~0.0s
      v10a23 D=<WRB|RWRB> bra2->ket1 PAIR-TOPOLOGY COLLAPSE: occurrences=979,214 -> unique_nonzero=285,298; sparse displacement weights=285,896; RAM=1.84 GiB
[PASS] v10a23 D=<WRB|RWRB> bra2->ket1 factorized Haar matches dense endpoint signatures :: maxerr=4.441e-16, signatures=9
      v10a23 D=<WRB|RWRB> bra2->ket1 Haar 2,000/285,298; cache hits/misses=752,734/364,921; elapsed=0.0s ETA~1.1s; RAM=1.84 GiB
      v10a23 D=<WRB|RWRB> bra2->ket1 Haar 4,000/285,298; cache hits/misses=754,734/364,921; elapsed=0.0s ETA~1.0s; RAM=1.84 GiB
      v10a23 D=<WRB|RWRB> bra2->ket1 Haar 6,000/285,298; cache hits/misses=756,734/364,921; elapsed=0.0s ETA~1.0s; RAM=1.84 GiB
      v10a23 D=<WRB|RWRB> bra2->ket1 Haar 8,000/285,298; cache hits/misses=758,734/364,921; elapsed=0.0s ETA~0.9s; RAM=1.84 GiB
      v10a23 D=<WRB|RWRB> bra2->ket1 Haar 10,000/285,298; cache hits/misses=760,734/364,921; elapsed=0.0s ETA~0.9s; RAM=1.84 GiB
      v10a23 D=<WRB|RWRB> bra2->ket1 Haar 12,000/285,298; cache hits/misses=762,734/364,921; elapsed=0.0s ETA~0.9s; RAM=1.84 GiB
      v10a23 D=<WRB|RWRB> bra2->ket1 Haar 14,000/285,298; cache hits/misses=764,734/364,921; elapsed=0.0s ETA~0.9s; RAM=1.84 GiB
      v10a23 D=<WRB|RWRB> bra2->ket1 Haar 16,000/285,298; cache hits/misses=766,734/364,921; elapsed=0.1s ETA~0.9s; RAM=1.84 GiB
      v10a23 D=<WRB|RWRB> bra2->ket1 Haar 18,000/285,298; cache hits/misses=768,734/364,921; elapsed=0.1s ETA~0.9s; RAM=1.84 GiB
      v10a23 D=<WRB|RWRB> bra2->ket1 Haar 20,000/285,298; cache hits/misses=770,734/364,921; elapsed=0.1s ETA~0.9s; RAM=1.84 GiB
      v10a23 D=<WRB|RWRB> bra2->ket1 Haar 22,000/285,298; cache hits/misses=772,734/364,921; elapsed=0.1s ETA~0.9s; RAM=1.84 GiB
      v10a23 D=<WRB|RWRB> bra2->ket1 Haar 24,000/285,298; cache hits/misses=774,734/364,921; elapsed=0.1s ETA~0.9s; RAM=1.84 GiB
      v10a23 D=<WRB|RWRB> bra2->ket1 Haar 26,000/285,298; cache hits/misses=776,734/364,921; elapsed=0.1s ETA~0.9s; RAM=1.84 GiB
      v10a23 D=<WRB|RWRB> bra2->ket1 Haar 28,000/285,298; cache hits/misses=778,734/364,921; elapsed=0.1s ETA~0.9s; RAM=1.84 GiB
      v10a23 D=<WRB|RWRB> bra2->ket1 Haar 30,000/285,298; cache hits/misses=780,734/364,921; elapsed=0.1s ETA~0.9s; RAM=1.84 GiB
      v10a23 D=<WRB|RWRB> bra2->ket1 Haar 32,000/285,298; cache hits/misses=782,734/364,921; elapsed=0.1s ETA~0.9s; RAM=1.84 GiB
      v10a23 D=<WRB|RWRB> bra2->ket1 Haar 34,000/285,298; cache hits/misses=784,734/364,921; elapsed=0.1s ETA~0.9s; RAM=1.84 GiB
      v10a23 D=<WRB|RWRB> bra2->ket1 Haar 36,000/285,298; cache hits/misses=786,734/364,921; elapsed=0.1s ETA~0.9s; RAM=1.84 GiB
      v10a23 D=<WRB|RWRB> bra2->ket1 Haar 38,000/285,298; cache hits/misses=788,734/364,921; elapsed=0.1s ETA~0.8s; RAM=1.84 GiB
      v10a23 D=<WRB|RWRB> bra2->ket1 Haar 40,000/285,298; cache hits/misses=790,734/364,921; elapsed=0.1s ETA~0.8s; RAM=1.84 GiB
      v10a23 D=<WRB|RWRB> bra2->ket1 Haar 42,000/285,298; cache hits/misses=792,734/364,921; elapsed=0.1s ETA~0.8s; RAM=1.84 GiB
      v10a23 D=<WRB|RWRB> bra2->ket1 Haar 44,000/285,298; cache hits/misses=794,734/364,921; elapsed=0.2s ETA~0.8s; RAM=1.84 GiB
      v10a23 D=<WRB|RWRB> bra2->ket1 Haar 46,000/285,298; cache hits/misses=796,734/364,921; elapsed=0.2s ETA~0.8s; RAM=1.84 GiB
      v10a23 D=<WRB|RWRB> bra2->ket1 Haar 48,000/285,298; cache hits/misses=798,734/364,921; elapsed=0.2s ETA~0.8s; RAM=1.84 GiB
      v10a23 D=<WRB|RWRB> bra2->ket1 Haar 50,000/285,298; cache hits/misses=800,734/364,921; elapsed=0.2s ETA~0.8s; RAM=1.84 GiB
      v10a23 D=<WRB|RWRB> bra2->ket1 Haar 52,000/285,298; cache hits/misses=802,734/364,921; elapsed=0.2s ETA~0.8s; RAM=1.84 GiB
      v10a23 D=<WRB|RWRB> bra2->ket1 Haar 54,000/285,298; cache hits/misses=804,734/364,921; elapsed=0.2s ETA~0.8s; RAM=1.84 GiB
      v10a23 D=<WRB|RWRB> bra2->ket1 Haar 56,000/285,298; cache hits/misses=806,734/364,921; elapsed=0.2s ETA~0.8s; RAM=1.84 GiB
      v10a23 D=<WRB|RWRB> bra2->ket1 Haar 58,000/285,298; cache hits/misses=808,734/364,921; elapsed=0.2s ETA~0.8s; RAM=1.84 GiB
      v10a23 D=<WRB|RWRB> bra2->ket1 Haar 60,000/285,298; cache hits/misses=810,734/364,921; elapsed=0.2s ETA~0.8s; RAM=1.84 GiB
      v10a23 D=<WRB|RWRB> bra2->ket1 Haar 62,000/285,298; cache hits/misses=812,734/364,921; elapsed=0.2s ETA~0.8s; RAM=1.84 GiB
      v10a23 D=<WRB|RWRB> bra2->ket1 Haar 64,000/285,298; cache hits/misses=814,734/364,921; elapsed=0.2s ETA~0.8s; RAM=1.84 GiB
      v10a23 D=<WRB|RWRB> bra2->ket1 Haar 66,000/285,298; cache hits/misses=816,734/364,921; elapsed=0.2s ETA~0.7s; RAM=1.84 GiB
      v10a23 D=<WRB|RWRB> bra2->ket1 Haar 68,000/285,298; cache hits/misses=818,734/364,921; elapsed=0.2s ETA~0.7s; RAM=1.84 GiB
      v10a23 D=<WRB|RWRB> bra2->ket1 Haar 70,000/285,298; cache hits/misses=820,734/364,921; elapsed=0.2s ETA~0.7s; RAM=1.84 GiB
      v10a23 D=<WRB|RWRB> bra2->ket1 Haar 72,000/285,298; cache hits/misses=822,734/364,921; elapsed=0.2s ETA~0.7s; RAM=1.84 GiB
      v10a23 D=<WRB|RWRB> bra2->ket1 Haar 74,000/285,298; cache hits/misses=824,734/364,921; elapsed=0.3s ETA~0.7s; RAM=1.84 GiB
      v10a23 D=<WRB|RWRB> bra2->ket1 Haar 76,000/285,298; cache hits/misses=826,734/364,921; elapsed=0.3s ETA~0.7s; RAM=1.84 GiB
      v10a23 D=<WRB|RWRB> bra2->ket1 Haar 78,000/285,298; cache hits/misses=828,734/364,921; elapsed=0.3s ETA~0.7s; RAM=1.84 GiB
      v10a23 D=<WRB|RWRB> bra2->ket1 Haar 80,000/285,298; cache hits/misses=830,734/364,921; elapsed=0.3s ETA~0.7s; RAM=1.84 GiB
      v10a23 D=<WRB|RWRB> bra2->ket1 Haar 82,000/285,298; cache hits/misses=832,734/364,921; elapsed=0.3s ETA~0.7s; RAM=1.84 GiB
      v10a23 D=<WRB|RWRB> bra2->ket1 Haar 84,000/285,298; cache hits/misses=834,734/364,921; elapsed=0.3s ETA~0.7s; RAM=1.84 GiB
      v10a23 D=<WRB|RWRB> bra2->ket1 Haar 86,000/285,298; cache hits/misses=836,734/364,921; elapsed=0.3s ETA~0.7s; RAM=1.84 GiB
      v10a23 D=<WRB|RWRB> bra2->ket1 Haar 88,000/285,298; cache hits/misses=838,734/364,921; elapsed=0.3s ETA~0.7s; RAM=1.84 GiB
      v10a23 D=<WRB|RWRB> bra2->ket1 Haar 90,000/285,298; cache hits/misses=840,734/364,921; elapsed=0.3s ETA~0.7s; RAM=1.84 GiB
      v10a23 D=<WRB|RWRB> bra2->ket1 Haar 92,000/285,298; cache hits/misses=842,734/364,921; elapsed=0.3s ETA~0.7s; RAM=1.84 GiB
      v10a23 D=<WRB|RWRB> bra2->ket1 Haar 94,000/285,298; cache hits/misses=844,734/364,921; elapsed=0.3s ETA~0.6s; RAM=1.84 GiB
      v10a23 D=<WRB|RWRB> bra2->ket1 Haar 96,000/285,298; cache hits/misses=846,734/364,921; elapsed=0.3s ETA~0.6s; RAM=1.84 GiB
      v10a23 D=<WRB|RWRB> bra2->ket1 Haar 98,000/285,298; cache hits/misses=848,734/364,921; elapsed=0.3s ETA~0.6s; RAM=1.84 GiB
      v10a23 D=<WRB|RWRB> bra2->ket1 Haar 100,000/285,298; cache hits/misses=850,734/364,921; elapsed=0.3s ETA~0.6s; RAM=1.84 GiB
      v10a23 D=<WRB|RWRB> bra2->ket1 Haar 102,000/285,298; cache hits/misses=852,734/364,921; elapsed=0.3s ETA~0.6s; RAM=1.84 GiB
      v10a23 D=<WRB|RWRB> bra2->ket1 Haar 104,000/285,298; cache hits/misses=854,734/364,921; elapsed=0.4s ETA~0.6s; RAM=1.84 GiB
      v10a23 D=<WRB|RWRB> bra2->ket1 Haar 106,000/285,298; cache hits/misses=856,734/364,921; elapsed=0.4s ETA~0.6s; RAM=1.84 GiB
      v10a23 D=<WRB|RWRB> bra2->ket1 Haar 108,000/285,298; cache hits/misses=858,734/364,921; elapsed=0.4s ETA~0.6s; RAM=1.84 GiB
      v10a23 D=<WRB|RWRB> bra2->ket1 Haar 110,000/285,298; cache hits/misses=860,734/364,921; elapsed=0.4s ETA~0.6s; RAM=1.84 GiB
      v10a23 D=<WRB|RWRB> bra2->ket1 Haar 112,000/285,298; cache hits/misses=862,734/364,921; elapsed=0.4s ETA~0.6s; RAM=1.84 GiB
      v10a23 D=<WRB|RWRB> bra2->ket1 Haar 114,000/285,298; cache hits/misses=864,734/364,921; elapsed=0.4s ETA~0.6s; RAM=1.84 GiB
      v10a23 D=<WRB|RWRB> bra2->ket1 Haar 116,000/285,298; cache hits/misses=866,734/364,921; elapsed=0.4s ETA~0.6s; RAM=1.84 GiB
      v10a23 D=<WRB|RWRB> bra2->ket1 Haar 118,000/285,298; cache hits/misses=868,734/364,921; elapsed=0.4s ETA~0.6s; RAM=1.84 GiB
      v10a23 D=<WRB|RWRB> bra2->ket1 Haar 120,000/285,298; cache hits/misses=870,734/364,921; elapsed=0.4s ETA~0.6s; RAM=1.84 GiB
      v10a23 D=<WRB|RWRB> bra2->ket1 Haar 122,000/285,298; cache hits/misses=872,734/364,921; elapsed=0.4s ETA~0.6s; RAM=1.84 GiB
      v10a23 D=<WRB|RWRB> bra2->ket1 Haar 124,000/285,298; cache hits/misses=874,734/364,921; elapsed=0.4s ETA~0.6s; RAM=1.84 GiB
      v10a23 D=<WRB|RWRB> bra2->ket1 Haar 126,000/285,298; cache hits/misses=876,734/364,921; elapsed=0.4s ETA~0.5s; RAM=1.84 GiB
      v10a23 D=<WRB|RWRB> bra2->ket1 Haar 128,000/285,298; cache hits/misses=878,734/364,921; elapsed=0.4s ETA~0.5s; RAM=1.84 GiB
      v10a23 D=<WRB|RWRB> bra2->ket1 Haar 130,000/285,298; cache hits/misses=880,734/364,921; elapsed=0.4s ETA~0.5s; RAM=1.84 GiB
      v10a23 D=<WRB|RWRB> bra2->ket1 Haar 132,000/285,298; cache hits/misses=882,734/364,921; elapsed=0.5s ETA~0.5s; RAM=1.84 GiB
      v10a23 D=<WRB|RWRB> bra2->ket1 Haar 134,000/285,298; cache hits/misses=884,734/364,921; elapsed=0.5s ETA~0.5s; RAM=1.84 GiB
      v10a23 D=<WRB|RWRB> bra2->ket1 Haar 136,000/285,298; cache hits/misses=886,734/364,921; elapsed=0.5s ETA~0.5s; RAM=1.84 GiB
      v10a23 D=<WRB|RWRB> bra2->ket1 Haar 138,000/285,298; cache hits/misses=888,734/364,921; elapsed=0.5s ETA~0.5s; RAM=1.84 GiB
      v10a23 D=<WRB|RWRB> bra2->ket1 Haar 140,000/285,298; cache hits/misses=890,734/364,921; elapsed=0.5s ETA~0.5s; RAM=1.84 GiB
      v10a23 D=<WRB|RWRB> bra2->ket1 Haar 142,000/285,298; cache hits/misses=892,734/364,921; elapsed=0.5s ETA~0.5s; RAM=1.84 GiB
      v10a23 D=<WRB|RWRB> bra2->ket1 Haar 144,000/285,298; cache hits/misses=894,734/364,921; elapsed=0.5s ETA~0.5s; RAM=1.84 GiB
      v10a23 D=<WRB|RWRB> bra2->ket1 Haar 146,000/285,298; cache hits/misses=896,734/364,921; elapsed=0.5s ETA~0.5s; RAM=1.84 GiB
      v10a23 D=<WRB|RWRB> bra2->ket1 Haar 148,000/285,298; cache hits/misses=898,734/364,921; elapsed=0.5s ETA~0.5s; RAM=1.84 GiB
      v10a23 D=<WRB|RWRB> bra2->ket1 Haar 150,000/285,298; cache hits/misses=900,734/364,921; elapsed=0.5s ETA~0.5s; RAM=1.84 GiB
      v10a23 D=<WRB|RWRB> bra2->ket1 Haar 152,000/285,298; cache hits/misses=902,734/364,921; elapsed=0.5s ETA~0.5s; RAM=1.84 GiB
      v10a23 D=<WRB|RWRB> bra2->ket1 Haar 154,000/285,298; cache hits/misses=904,734/364,921; elapsed=0.5s ETA~0.5s; RAM=1.84 GiB
      v10a23 D=<WRB|RWRB> bra2->ket1 Haar 156,000/285,298; cache hits/misses=906,734/364,921; elapsed=0.5s ETA~0.4s; RAM=1.84 GiB
      v10a23 D=<WRB|RWRB> bra2->ket1 Haar 158,000/285,298; cache hits/misses=908,734/364,921; elapsed=0.5s ETA~0.4s; RAM=1.84 GiB
      v10a23 D=<WRB|RWRB> bra2->ket1 Haar 160,000/285,298; cache hits/misses=910,734/364,921; elapsed=0.6s ETA~0.4s; RAM=1.84 GiB
      v10a23 D=<WRB|RWRB> bra2->ket1 Haar 162,000/285,298; cache hits/misses=912,734/364,921; elapsed=0.6s ETA~0.4s; RAM=1.84 GiB
      v10a23 D=<WRB|RWRB> bra2->ket1 Haar 164,000/285,298; cache hits/misses=914,734/364,921; elapsed=0.6s ETA~0.4s; RAM=1.84 GiB
      v10a23 D=<WRB|RWRB> bra2->ket1 Haar 166,000/285,298; cache hits/misses=916,734/364,921; elapsed=0.6s ETA~0.4s; RAM=1.84 GiB
      v10a23 D=<WRB|RWRB> bra2->ket1 Haar 168,000/285,298; cache hits/misses=918,734/364,921; elapsed=0.6s ETA~0.4s; RAM=1.84 GiB
      v10a23 D=<WRB|RWRB> bra2->ket1 Haar 170,000/285,298; cache hits/misses=920,734/364,921; elapsed=0.6s ETA~0.4s; RAM=1.84 GiB
      v10a23 D=<WRB|RWRB> bra2->ket1 Haar 172,000/285,298; cache hits/misses=922,734/364,921; elapsed=0.6s ETA~0.4s; RAM=1.84 GiB
      v10a23 D=<WRB|RWRB> bra2->ket1 Haar 174,000/285,298; cache hits/misses=924,734/364,921; elapsed=0.6s ETA~0.4s; RAM=1.84 GiB
      v10a23 D=<WRB|RWRB> bra2->ket1 Haar 176,000/285,298; cache hits/misses=926,734/364,921; elapsed=0.6s ETA~0.4s; RAM=1.84 GiB
      v10a23 D=<WRB|RWRB> bra2->ket1 Haar 178,000/285,298; cache hits/misses=928,734/364,921; elapsed=0.6s ETA~0.4s; RAM=1.84 GiB
      v10a23 D=<WRB|RWRB> bra2->ket1 Haar 180,000/285,298; cache hits/misses=930,734/364,921; elapsed=0.6s ETA~0.4s; RAM=1.84 GiB
      v10a23 D=<WRB|RWRB> bra2->ket1 Haar 182,000/285,298; cache hits/misses=932,734/364,921; elapsed=0.6s ETA~0.4s; RAM=1.84 GiB
      v10a23 D=<WRB|RWRB> bra2->ket1 Haar 184,000/285,298; cache hits/misses=934,734/364,921; elapsed=0.6s ETA~0.3s; RAM=1.84 GiB
      v10a23 D=<WRB|RWRB> bra2->ket1 Haar 186,000/285,298; cache hits/misses=936,734/364,921; elapsed=0.6s ETA~0.3s; RAM=1.84 GiB
      v10a23 D=<WRB|RWRB> bra2->ket1 Haar 188,000/285,298; cache hits/misses=938,734/364,921; elapsed=0.6s ETA~0.3s; RAM=1.84 GiB
      v10a23 D=<WRB|RWRB> bra2->ket1 Haar 190,000/285,298; cache hits/misses=940,734/364,921; elapsed=0.7s ETA~0.3s; RAM=1.84 GiB
      v10a23 D=<WRB|RWRB> bra2->ket1 Haar 192,000/285,298; cache hits/misses=942,734/364,921; elapsed=0.7s ETA~0.3s; RAM=1.84 GiB
      v10a23 D=<WRB|RWRB> bra2->ket1 Haar 194,000/285,298; cache hits/misses=944,734/364,921; elapsed=0.7s ETA~0.3s; RAM=1.84 GiB
      v10a23 D=<WRB|RWRB> bra2->ket1 Haar 196,000/285,298; cache hits/misses=946,734/364,921; elapsed=0.7s ETA~0.3s; RAM=1.84 GiB
      v10a23 D=<WRB|RWRB> bra2->ket1 Haar 198,000/285,298; cache hits/misses=948,734/364,921; elapsed=0.7s ETA~0.3s; RAM=1.84 GiB
      v10a23 D=<WRB|RWRB> bra2->ket1 Haar 200,000/285,298; cache hits/misses=950,734/364,921; elapsed=0.7s ETA~0.3s; RAM=1.84 GiB
      v10a23 D=<WRB|RWRB> bra2->ket1 Haar 202,000/285,298; cache hits/misses=952,734/364,921; elapsed=0.7s ETA~0.3s; RAM=1.84 GiB
      v10a23 D=<WRB|RWRB> bra2->ket1 Haar 204,000/285,298; cache hits/misses=954,734/364,921; elapsed=0.7s ETA~0.3s; RAM=1.84 GiB
      v10a23 D=<WRB|RWRB> bra2->ket1 Haar 206,000/285,298; cache hits/misses=956,734/364,921; elapsed=0.7s ETA~0.3s; RAM=1.84 GiB
      v10a23 D=<WRB|RWRB> bra2->ket1 Haar 208,000/285,298; cache hits/misses=958,734/364,921; elapsed=0.7s ETA~0.3s; RAM=1.84 GiB
      v10a23 D=<WRB|RWRB> bra2->ket1 Haar 210,000/285,298; cache hits/misses=960,734/364,921; elapsed=0.7s ETA~0.3s; RAM=1.84 GiB
      v10a23 D=<WRB|RWRB> bra2->ket1 Haar 212,000/285,298; cache hits/misses=962,734/364,921; elapsed=0.7s ETA~0.3s; RAM=1.84 GiB
      v10a23 D=<WRB|RWRB> bra2->ket1 Haar 214,000/285,298; cache hits/misses=964,734/364,921; elapsed=0.7s ETA~0.2s; RAM=1.84 GiB
      v10a23 D=<WRB|RWRB> bra2->ket1 Haar 216,000/285,298; cache hits/misses=966,734/364,921; elapsed=0.7s ETA~0.2s; RAM=1.84 GiB
      v10a23 D=<WRB|RWRB> bra2->ket1 Haar 218,000/285,298; cache hits/misses=968,734/364,921; elapsed=0.8s ETA~0.2s; RAM=1.84 GiB
      v10a23 D=<WRB|RWRB> bra2->ket1 Haar 220,000/285,298; cache hits/misses=970,734/364,921; elapsed=0.8s ETA~0.2s; RAM=1.84 GiB
      v10a23 D=<WRB|RWRB> bra2->ket1 Haar 222,000/285,298; cache hits/misses=972,734/364,921; elapsed=0.8s ETA~0.2s; RAM=1.84 GiB
      v10a23 D=<WRB|RWRB> bra2->ket1 Haar 224,000/285,298; cache hits/misses=974,734/364,921; elapsed=0.8s ETA~0.2s; RAM=1.84 GiB
      v10a23 D=<WRB|RWRB> bra2->ket1 Haar 226,000/285,298; cache hits/misses=976,734/364,921; elapsed=0.8s ETA~0.2s; RAM=1.84 GiB
      v10a23 D=<WRB|RWRB> bra2->ket1 Haar 228,000/285,298; cache hits/misses=978,734/364,921; elapsed=0.8s ETA~0.2s; RAM=1.84 GiB
      v10a23 D=<WRB|RWRB> bra2->ket1 Haar 230,000/285,298; cache hits/misses=980,734/364,921; elapsed=0.8s ETA~0.2s; RAM=1.84 GiB
      v10a23 D=<WRB|RWRB> bra2->ket1 Haar 232,000/285,298; cache hits/misses=982,734/364,921; elapsed=0.8s ETA~0.2s; RAM=1.84 GiB
      v10a23 D=<WRB|RWRB> bra2->ket1 Haar 234,000/285,298; cache hits/misses=984,734/364,921; elapsed=0.8s ETA~0.2s; RAM=1.84 GiB
      v10a23 D=<WRB|RWRB> bra2->ket1 Haar 236,000/285,298; cache hits/misses=986,734/364,921; elapsed=0.8s ETA~0.2s; RAM=1.84 GiB
      v10a23 D=<WRB|RWRB> bra2->ket1 Haar 238,000/285,298; cache hits/misses=988,734/364,921; elapsed=0.8s ETA~0.2s; RAM=1.84 GiB
      v10a23 D=<WRB|RWRB> bra2->ket1 Haar 240,000/285,298; cache hits/misses=990,734/364,921; elapsed=0.8s ETA~0.2s; RAM=1.84 GiB
      v10a23 D=<WRB|RWRB> bra2->ket1 Haar 242,000/285,298; cache hits/misses=992,734/364,921; elapsed=0.8s ETA~0.2s; RAM=1.84 GiB
      v10a23 D=<WRB|RWRB> bra2->ket1 Haar 244,000/285,298; cache hits/misses=994,734/364,921; elapsed=0.9s ETA~0.1s; RAM=1.84 GiB
      v10a23 D=<WRB|RWRB> bra2->ket1 Haar 246,000/285,298; cache hits/misses=996,734/364,921; elapsed=0.9s ETA~0.1s; RAM=1.84 GiB
      v10a23 D=<WRB|RWRB> bra2->ket1 Haar 248,000/285,298; cache hits/misses=998,734/364,921; elapsed=0.9s ETA~0.1s; RAM=1.84 GiB
      v10a23 D=<WRB|RWRB> bra2->ket1 Haar 250,000/285,298; cache hits/misses=1,000,734/364,921; elapsed=0.9s ETA~0.1s; RAM=1.84 GiB
      v10a23 D=<WRB|RWRB> bra2->ket1 Haar 252,000/285,298; cache hits/misses=1,002,734/364,921; elapsed=0.9s ETA~0.1s; RAM=1.84 GiB
      v10a23 D=<WRB|RWRB> bra2->ket1 Haar 254,000/285,298; cache hits/misses=1,004,734/364,921; elapsed=0.9s ETA~0.1s; RAM=1.84 GiB
      v10a23 D=<WRB|RWRB> bra2->ket1 Haar 256,000/285,298; cache hits/misses=1,006,734/364,921; elapsed=0.9s ETA~0.1s; RAM=1.84 GiB
      v10a23 D=<WRB|RWRB> bra2->ket1 Haar 258,000/285,298; cache hits/misses=1,008,734/364,921; elapsed=0.9s ETA~0.1s; RAM=1.84 GiB
      v10a23 D=<WRB|RWRB> bra2->ket1 Haar 260,000/285,298; cache hits/misses=1,010,734/364,921; elapsed=0.9s ETA~0.1s; RAM=1.84 GiB
      v10a23 D=<WRB|RWRB> bra2->ket1 Haar 262,000/285,298; cache hits/misses=1,012,734/364,921; elapsed=0.9s ETA~0.1s; RAM=1.84 GiB
      v10a23 D=<WRB|RWRB> bra2->ket1 Haar 264,000/285,298; cache hits/misses=1,014,734/364,921; elapsed=0.9s ETA~0.1s; RAM=1.84 GiB
      v10a23 D=<WRB|RWRB> bra2->ket1 Haar 266,000/285,298; cache hits/misses=1,016,734/364,921; elapsed=1.0s ETA~0.1s; RAM=1.84 GiB
      v10a23 D=<WRB|RWRB> bra2->ket1 Haar 268,000/285,298; cache hits/misses=1,018,734/364,921; elapsed=1.0s ETA~0.1s; RAM=1.84 GiB
      v10a23 D=<WRB|RWRB> bra2->ket1 Haar 270,000/285,298; cache hits/misses=1,020,734/364,921; elapsed=1.0s ETA~0.1s; RAM=1.84 GiB
      v10a23 D=<WRB|RWRB> bra2->ket1 Haar 272,000/285,298; cache hits/misses=1,022,734/364,921; elapsed=1.0s ETA~0.0s; RAM=1.84 GiB
      v10a23 D=<WRB|RWRB> bra2->ket1 Haar 274,000/285,298; cache hits/misses=1,024,734/364,921; elapsed=1.0s ETA~0.0s; RAM=1.84 GiB
      v10a23 D=<WRB|RWRB> bra2->ket1 Haar 276,000/285,298; cache hits/misses=1,026,734/364,921; elapsed=1.0s ETA~0.0s; RAM=1.84 GiB
      v10a23 D=<WRB|RWRB> bra2->ket1 Haar 278,000/285,298; cache hits/misses=1,028,734/364,921; elapsed=1.0s ETA~0.0s; RAM=1.84 GiB
      v10a23 D=<WRB|RWRB> bra2->ket1 Haar 280,000/285,298; cache hits/misses=1,030,734/364,921; elapsed=1.0s ETA~0.0s; RAM=1.84 GiB
      v10a23 D=<WRB|RWRB> bra2->ket1 Haar 282,000/285,298; cache hits/misses=1,032,734/364,921; elapsed=1.0s ETA~0.0s; RAM=1.84 GiB
      v10a23 D=<WRB|RWRB> bra2->ket1 Haar 284,000/285,298; cache hits/misses=1,034,734/364,921; elapsed=1.1s ETA~0.0s; RAM=1.84 GiB
      v10a23 D=<WRB|RWRB> bra2->ket1 Haar 285,298/285,298; cache hits/misses=1,036,032/364,921; elapsed=1.1s ETA~0.0s; RAM=1.84 GiB
      v10a23 D=<WRB|RWRB> bra2->ket1 COMPLETE gamma-sum=-3.03376030894031e-15; nonzero translations=20; new Haar misses=0; reused hits=285,298; total=24.3s
  D=<WRB|RWRB>: ket polarization 2 (0, 1)
      v10a23 D=<WRB|RWRB> bra0->ket2 scan 3,439/3,439; matches=2,018; unique-blocks=1,732; raw-pairs<=1,585,128; RAM=1.31 GiB; elapsed=4.2s ETA~0.0s
[PASS] v10a23 D=<WRB|RWRB> bra0->ket2 analytic one-face shortcut confined to same polarization :: left_pol=(1, 2), right_pol=(0, 1), analytic_skips=0, crosspol_fallback=2
      v10a23 D=<WRB|RWRB> bra0->ket2 cross-polarization 1x1 fallback: matches=2; displacements={(1, 0, 4): 2}
      v10a23 D=<WRB|RWRB> bra0->ket2 collapse 1,732/1,732; pair-occ=979,214; unique=285,846; RAM=1.77 GiB; elapsed=11.4s ETA~0.0s
      v10a23 D=<WRB|RWRB> bra0->ket2 PAIR-TOPOLOGY COLLAPSE: occurrences=979,214 -> unique_nonzero=285,306; sparse displacement weights=285,894; RAM=1.84 GiB
[PASS] v10a23 D=<WRB|RWRB> bra0->ket2 factorized Haar matches dense endpoint signatures :: maxerr=8.882e-16, signatures=9
      v10a23 D=<WRB|RWRB> bra0->ket2 Haar 2,000/285,306; cache hits/misses=1,038,041/364,921; elapsed=0.0s ETA~1.1s; RAM=1.84 GiB
      v10a23 D=<WRB|RWRB> bra0->ket2 Haar 4,000/285,306; cache hits/misses=1,040,041/364,921; elapsed=0.0s ETA~1.0s; RAM=1.84 GiB
      v10a23 D=<WRB|RWRB> bra0->ket2 Haar 6,000/285,306; cache hits/misses=1,042,041/364,921; elapsed=0.0s ETA~1.0s; RAM=1.84 GiB
      v10a23 D=<WRB|RWRB> bra0->ket2 Haar 8,000/285,306; cache hits/misses=1,044,041/364,921; elapsed=0.0s ETA~1.0s; RAM=1.84 GiB
      v10a23 D=<WRB|RWRB> bra0->ket2 Haar 10,000/285,306; cache hits/misses=1,046,041/364,921; elapsed=0.0s ETA~1.0s; RAM=1.84 GiB
      v10a23 D=<WRB|RWRB> bra0->ket2 Haar 12,000/285,306; cache hits/misses=1,048,041/364,921; elapsed=0.0s ETA~1.0s; RAM=1.84 GiB
      v10a23 D=<WRB|RWRB> bra0->ket2 Haar 14,000/285,306; cache hits/misses=1,050,041/364,921; elapsed=0.0s ETA~0.9s; RAM=1.84 GiB
      v10a23 D=<WRB|RWRB> bra0->ket2 Haar 16,000/285,306; cache hits/misses=1,052,041/364,921; elapsed=0.1s ETA~0.9s; RAM=1.84 GiB
      v10a23 D=<WRB|RWRB> bra0->ket2 Haar 18,000/285,306; cache hits/misses=1,054,041/364,921; elapsed=0.1s ETA~0.9s; RAM=1.84 GiB
      v10a23 D=<WRB|RWRB> bra0->ket2 Haar 20,000/285,306; cache hits/misses=1,056,041/364,921; elapsed=0.1s ETA~0.9s; RAM=1.84 GiB
      v10a23 D=<WRB|RWRB> bra0->ket2 Haar 22,000/285,306; cache hits/misses=1,058,041/364,921; elapsed=0.1s ETA~0.9s; RAM=1.84 GiB
      v10a23 D=<WRB|RWRB> bra0->ket2 Haar 24,000/285,306; cache hits/misses=1,060,041/364,921; elapsed=0.1s ETA~0.9s; RAM=1.84 GiB
      v10a23 D=<WRB|RWRB> bra0->ket2 Haar 26,000/285,306; cache hits/misses=1,062,041/364,921; elapsed=0.1s ETA~0.9s; RAM=1.84 GiB
      v10a23 D=<WRB|RWRB> bra0->ket2 Haar 28,000/285,306; cache hits/misses=1,064,041/364,921; elapsed=0.1s ETA~0.9s; RAM=1.84 GiB
      v10a23 D=<WRB|RWRB> bra0->ket2 Haar 30,000/285,306; cache hits/misses=1,066,041/364,921; elapsed=0.1s ETA~0.9s; RAM=1.84 GiB
      v10a23 D=<WRB|RWRB> bra0->ket2 Haar 32,000/285,306; cache hits/misses=1,068,041/364,921; elapsed=0.1s ETA~0.9s; RAM=1.84 GiB
      v10a23 D=<WRB|RWRB> bra0->ket2 Haar 34,000/285,306; cache hits/misses=1,070,041/364,921; elapsed=0.1s ETA~0.9s; RAM=1.84 GiB
      v10a23 D=<WRB|RWRB> bra0->ket2 Haar 36,000/285,306; cache hits/misses=1,072,041/364,921; elapsed=0.1s ETA~0.9s; RAM=1.84 GiB
      v10a23 D=<WRB|RWRB> bra0->ket2 Haar 38,000/285,306; cache hits/misses=1,074,041/364,921; elapsed=0.1s ETA~0.9s; RAM=1.84 GiB
      v10a23 D=<WRB|RWRB> bra0->ket2 Haar 40,000/285,306; cache hits/misses=1,076,041/364,921; elapsed=0.1s ETA~0.9s; RAM=1.84 GiB
      v10a23 D=<WRB|RWRB> bra0->ket2 Haar 42,000/285,306; cache hits/misses=1,078,041/364,921; elapsed=0.1s ETA~0.9s; RAM=1.84 GiB
      v10a23 D=<WRB|RWRB> bra0->ket2 Haar 44,000/285,306; cache hits/misses=1,080,041/364,921; elapsed=0.2s ETA~0.8s; RAM=1.84 GiB
      v10a23 D=<WRB|RWRB> bra0->ket2 Haar 46,000/285,306; cache hits/misses=1,082,041/364,921; elapsed=0.2s ETA~0.8s; RAM=1.84 GiB
      v10a23 D=<WRB|RWRB> bra0->ket2 Haar 48,000/285,306; cache hits/misses=1,084,041/364,921; elapsed=0.2s ETA~0.8s; RAM=1.84 GiB
      v10a23 D=<WRB|RWRB> bra0->ket2 Haar 50,000/285,306; cache hits/misses=1,086,041/364,921; elapsed=0.2s ETA~0.8s; RAM=1.84 GiB
      v10a23 D=<WRB|RWRB> bra0->ket2 Haar 52,000/285,306; cache hits/misses=1,088,041/364,921; elapsed=0.2s ETA~0.8s; RAM=1.84 GiB
      v10a23 D=<WRB|RWRB> bra0->ket2 Haar 54,000/285,306; cache hits/misses=1,090,041/364,921; elapsed=0.2s ETA~0.8s; RAM=1.84 GiB
      v10a23 D=<WRB|RWRB> bra0->ket2 Haar 56,000/285,306; cache hits/misses=1,092,041/364,921; elapsed=0.2s ETA~0.8s; RAM=1.84 GiB
      v10a23 D=<WRB|RWRB> bra0->ket2 Haar 58,000/285,306; cache hits/misses=1,094,041/364,921; elapsed=0.2s ETA~0.8s; RAM=1.84 GiB
      v10a23 D=<WRB|RWRB> bra0->ket2 Haar 60,000/285,306; cache hits/misses=1,096,041/364,921; elapsed=0.2s ETA~0.8s; RAM=1.84 GiB
      v10a23 D=<WRB|RWRB> bra0->ket2 Haar 62,000/285,306; cache hits/misses=1,098,041/364,921; elapsed=0.2s ETA~0.8s; RAM=1.84 GiB
      v10a23 D=<WRB|RWRB> bra0->ket2 Haar 64,000/285,306; cache hits/misses=1,100,041/364,921; elapsed=0.2s ETA~0.8s; RAM=1.84 GiB
      v10a23 D=<WRB|RWRB> bra0->ket2 Haar 66,000/285,306; cache hits/misses=1,102,041/364,921; elapsed=0.2s ETA~0.8s; RAM=1.84 GiB
      v10a23 D=<WRB|RWRB> bra0->ket2 Haar 68,000/285,306; cache hits/misses=1,104,041/364,921; elapsed=0.2s ETA~0.8s; RAM=1.84 GiB
      v10a23 D=<WRB|RWRB> bra0->ket2 Haar 70,000/285,306; cache hits/misses=1,106,041/364,921; elapsed=0.2s ETA~0.8s; RAM=1.84 GiB
      v10a23 D=<WRB|RWRB> bra0->ket2 Haar 72,000/285,306; cache hits/misses=1,108,041/364,921; elapsed=0.3s ETA~0.8s; RAM=1.84 GiB
      v10a23 D=<WRB|RWRB> bra0->ket2 Haar 74,000/285,306; cache hits/misses=1,110,041/364,921; elapsed=0.3s ETA~0.7s; RAM=1.84 GiB
      v10a23 D=<WRB|RWRB> bra0->ket2 Haar 76,000/285,306; cache hits/misses=1,112,041/364,921; elapsed=0.3s ETA~0.7s; RAM=1.84 GiB
      v10a23 D=<WRB|RWRB> bra0->ket2 Haar 78,000/285,306; cache hits/misses=1,114,041/364,921; elapsed=0.3s ETA~0.7s; RAM=1.84 GiB
      v10a23 D=<WRB|RWRB> bra0->ket2 Haar 80,000/285,306; cache hits/misses=1,116,041/364,921; elapsed=0.3s ETA~0.7s; RAM=1.84 GiB
      v10a23 D=<WRB|RWRB> bra0->ket2 Haar 82,000/285,306; cache hits/misses=1,118,041/364,921; elapsed=0.3s ETA~0.7s; RAM=1.84 GiB
      v10a23 D=<WRB|RWRB> bra0->ket2 Haar 84,000/285,306; cache hits/misses=1,120,041/364,921; elapsed=0.3s ETA~0.7s; RAM=1.84 GiB
      v10a23 D=<WRB|RWRB> bra0->ket2 Haar 86,000/285,306; cache hits/misses=1,122,041/364,921; elapsed=0.3s ETA~0.7s; RAM=1.84 GiB
      v10a23 D=<WRB|RWRB> bra0->ket2 Haar 88,000/285,306; cache hits/misses=1,124,041/364,921; elapsed=0.3s ETA~0.7s; RAM=1.84 GiB
      v10a23 D=<WRB|RWRB> bra0->ket2 Haar 90,000/285,306; cache hits/misses=1,126,041/364,921; elapsed=0.3s ETA~0.7s; RAM=1.84 GiB
      v10a23 D=<WRB|RWRB> bra0->ket2 Haar 92,000/285,306; cache hits/misses=1,128,041/364,921; elapsed=0.3s ETA~0.7s; RAM=1.84 GiB
      v10a23 D=<WRB|RWRB> bra0->ket2 Haar 94,000/285,306; cache hits/misses=1,130,041/364,921; elapsed=0.3s ETA~0.7s; RAM=1.84 GiB
      v10a23 D=<WRB|RWRB> bra0->ket2 Haar 96,000/285,306; cache hits/misses=1,132,041/364,921; elapsed=0.3s ETA~0.7s; RAM=1.84 GiB
      v10a23 D=<WRB|RWRB> bra0->ket2 Haar 98,000/285,306; cache hits/misses=1,134,041/364,921; elapsed=0.3s ETA~0.7s; RAM=1.84 GiB
      v10a23 D=<WRB|RWRB> bra0->ket2 Haar 100,000/285,306; cache hits/misses=1,136,041/364,921; elapsed=0.3s ETA~0.6s; RAM=1.84 GiB
      v10a23 D=<WRB|RWRB> bra0->ket2 Haar 102,000/285,306; cache hits/misses=1,138,041/364,921; elapsed=0.4s ETA~0.6s; RAM=1.84 GiB
      v10a23 D=<WRB|RWRB> bra0->ket2 Haar 104,000/285,306; cache hits/misses=1,140,041/364,921; elapsed=0.4s ETA~0.6s; RAM=1.84 GiB
      v10a23 D=<WRB|RWRB> bra0->ket2 Haar 106,000/285,306; cache hits/misses=1,142,041/364,921; elapsed=0.4s ETA~0.6s; RAM=1.84 GiB
      v10a23 D=<WRB|RWRB> bra0->ket2 Haar 108,000/285,306; cache hits/misses=1,144,041/364,921; elapsed=0.4s ETA~0.6s; RAM=1.84 GiB
      v10a23 D=<WRB|RWRB> bra0->ket2 Haar 110,000/285,306; cache hits/misses=1,146,041/364,921; elapsed=0.4s ETA~0.6s; RAM=1.84 GiB
      v10a23 D=<WRB|RWRB> bra0->ket2 Haar 112,000/285,306; cache hits/misses=1,148,041/364,921; elapsed=0.4s ETA~0.6s; RAM=1.84 GiB
      v10a23 D=<WRB|RWRB> bra0->ket2 Haar 114,000/285,306; cache hits/misses=1,150,041/364,921; elapsed=0.4s ETA~0.6s; RAM=1.84 GiB
      v10a23 D=<WRB|RWRB> bra0->ket2 Haar 116,000/285,306; cache hits/misses=1,152,041/364,921; elapsed=0.4s ETA~0.6s; RAM=1.84 GiB
      v10a23 D=<WRB|RWRB> bra0->ket2 Haar 118,000/285,306; cache hits/misses=1,154,041/364,921; elapsed=0.4s ETA~0.6s; RAM=1.84 GiB
      v10a23 D=<WRB|RWRB> bra0->ket2 Haar 120,000/285,306; cache hits/misses=1,156,041/364,921; elapsed=0.4s ETA~0.6s; RAM=1.84 GiB
      v10a23 D=<WRB|RWRB> bra0->ket2 Haar 122,000/285,306; cache hits/misses=1,158,041/364,921; elapsed=0.4s ETA~0.6s; RAM=1.84 GiB
      v10a23 D=<WRB|RWRB> bra0->ket2 Haar 124,000/285,306; cache hits/misses=1,160,041/364,921; elapsed=0.4s ETA~0.6s; RAM=1.84 GiB
      v10a23 D=<WRB|RWRB> bra0->ket2 Haar 126,000/285,306; cache hits/misses=1,162,041/364,921; elapsed=0.4s ETA~0.6s; RAM=1.84 GiB
      v10a23 D=<WRB|RWRB> bra0->ket2 Haar 128,000/285,306; cache hits/misses=1,164,041/364,921; elapsed=0.4s ETA~0.5s; RAM=1.84 GiB
      v10a23 D=<WRB|RWRB> bra0->ket2 Haar 130,000/285,306; cache hits/misses=1,166,041/364,921; elapsed=0.5s ETA~0.5s; RAM=1.84 GiB
      v10a23 D=<WRB|RWRB> bra0->ket2 Haar 132,000/285,306; cache hits/misses=1,168,041/364,921; elapsed=0.5s ETA~0.5s; RAM=1.84 GiB
      v10a23 D=<WRB|RWRB> bra0->ket2 Haar 134,000/285,306; cache hits/misses=1,170,041/364,921; elapsed=0.5s ETA~0.5s; RAM=1.84 GiB
      v10a23 D=<WRB|RWRB> bra0->ket2 Haar 136,000/285,306; cache hits/misses=1,172,041/364,921; elapsed=0.5s ETA~0.5s; RAM=1.84 GiB
      v10a23 D=<WRB|RWRB> bra0->ket2 Haar 138,000/285,306; cache hits/misses=1,174,041/364,921; elapsed=0.5s ETA~0.5s; RAM=1.84 GiB
      v10a23 D=<WRB|RWRB> bra0->ket2 Haar 140,000/285,306; cache hits/misses=1,176,041/364,921; elapsed=0.5s ETA~0.5s; RAM=1.84 GiB
      v10a23 D=<WRB|RWRB> bra0->ket2 Haar 142,000/285,306; cache hits/misses=1,178,041/364,921; elapsed=0.5s ETA~0.5s; RAM=1.84 GiB
      v10a23 D=<WRB|RWRB> bra0->ket2 Haar 144,000/285,306; cache hits/misses=1,180,041/364,921; elapsed=0.5s ETA~0.5s; RAM=1.84 GiB
      v10a23 D=<WRB|RWRB> bra0->ket2 Haar 146,000/285,306; cache hits/misses=1,182,041/364,921; elapsed=0.5s ETA~0.5s; RAM=1.84 GiB
      v10a23 D=<WRB|RWRB> bra0->ket2 Haar 148,000/285,306; cache hits/misses=1,184,041/364,921; elapsed=0.5s ETA~0.5s; RAM=1.84 GiB
      v10a23 D=<WRB|RWRB> bra0->ket2 Haar 150,000/285,306; cache hits/misses=1,186,041/364,921; elapsed=0.5s ETA~0.5s; RAM=1.84 GiB
      v10a23 D=<WRB|RWRB> bra0->ket2 Haar 152,000/285,306; cache hits/misses=1,188,041/364,921; elapsed=0.5s ETA~0.5s; RAM=1.84 GiB
      v10a23 D=<WRB|RWRB> bra0->ket2 Haar 154,000/285,306; cache hits/misses=1,190,041/364,921; elapsed=0.5s ETA~0.5s; RAM=1.84 GiB
      v10a23 D=<WRB|RWRB> bra0->ket2 Haar 156,000/285,306; cache hits/misses=1,192,041/364,921; elapsed=0.5s ETA~0.5s; RAM=1.84 GiB
      v10a23 D=<WRB|RWRB> bra0->ket2 Haar 158,000/285,306; cache hits/misses=1,194,041/364,921; elapsed=0.6s ETA~0.4s; RAM=1.84 GiB
      v10a23 D=<WRB|RWRB> bra0->ket2 Haar 160,000/285,306; cache hits/misses=1,196,041/364,921; elapsed=0.6s ETA~0.4s; RAM=1.84 GiB
      v10a23 D=<WRB|RWRB> bra0->ket2 Haar 162,000/285,306; cache hits/misses=1,198,041/364,921; elapsed=0.6s ETA~0.4s; RAM=1.84 GiB
      v10a23 D=<WRB|RWRB> bra0->ket2 Haar 164,000/285,306; cache hits/misses=1,200,041/364,921; elapsed=0.6s ETA~0.4s; RAM=1.84 GiB
      v10a23 D=<WRB|RWRB> bra0->ket2 Haar 166,000/285,306; cache hits/misses=1,202,041/364,921; elapsed=0.6s ETA~0.4s; RAM=1.84 GiB
      v10a23 D=<WRB|RWRB> bra0->ket2 Haar 168,000/285,306; cache hits/misses=1,204,041/364,921; elapsed=0.6s ETA~0.4s; RAM=1.84 GiB
      v10a23 D=<WRB|RWRB> bra0->ket2 Haar 170,000/285,306; cache hits/misses=1,206,041/364,921; elapsed=0.6s ETA~0.4s; RAM=1.84 GiB
      v10a23 D=<WRB|RWRB> bra0->ket2 Haar 172,000/285,306; cache hits/misses=1,208,041/364,921; elapsed=0.6s ETA~0.4s; RAM=1.84 GiB
      v10a23 D=<WRB|RWRB> bra0->ket2 Haar 174,000/285,306; cache hits/misses=1,210,041/364,921; elapsed=0.6s ETA~0.4s; RAM=1.84 GiB
      v10a23 D=<WRB|RWRB> bra0->ket2 Haar 176,000/285,306; cache hits/misses=1,212,041/364,921; elapsed=0.6s ETA~0.4s; RAM=1.84 GiB
      v10a23 D=<WRB|RWRB> bra0->ket2 Haar 178,000/285,306; cache hits/misses=1,214,041/364,921; elapsed=0.6s ETA~0.4s; RAM=1.84 GiB
      v10a23 D=<WRB|RWRB> bra0->ket2 Haar 180,000/285,306; cache hits/misses=1,216,041/364,921; elapsed=0.6s ETA~0.4s; RAM=1.84 GiB
      v10a23 D=<WRB|RWRB> bra0->ket2 Haar 182,000/285,306; cache hits/misses=1,218,041/364,921; elapsed=0.6s ETA~0.4s; RAM=1.84 GiB
      v10a23 D=<WRB|RWRB> bra0->ket2 Haar 184,000/285,306; cache hits/misses=1,220,041/364,921; elapsed=0.6s ETA~0.4s; RAM=1.84 GiB
      v10a23 D=<WRB|RWRB> bra0->ket2 Haar 186,000/285,306; cache hits/misses=1,222,041/364,921; elapsed=0.7s ETA~0.3s; RAM=1.84 GiB
      v10a23 D=<WRB|RWRB> bra0->ket2 Haar 188,000/285,306; cache hits/misses=1,224,041/364,921; elapsed=0.7s ETA~0.3s; RAM=1.84 GiB
      v10a23 D=<WRB|RWRB> bra0->ket2 Haar 190,000/285,306; cache hits/misses=1,226,041/364,921; elapsed=0.7s ETA~0.3s; RAM=1.84 GiB
      v10a23 D=<WRB|RWRB> bra0->ket2 Haar 192,000/285,306; cache hits/misses=1,228,041/364,921; elapsed=0.7s ETA~0.3s; RAM=1.84 GiB
      v10a23 D=<WRB|RWRB> bra0->ket2 Haar 194,000/285,306; cache hits/misses=1,230,041/364,921; elapsed=0.7s ETA~0.3s; RAM=1.84 GiB
      v10a23 D=<WRB|RWRB> bra0->ket2 Haar 196,000/285,306; cache hits/misses=1,232,041/364,921; elapsed=0.7s ETA~0.3s; RAM=1.84 GiB
      v10a23 D=<WRB|RWRB> bra0->ket2 Haar 198,000/285,306; cache hits/misses=1,234,041/364,921; elapsed=0.7s ETA~0.3s; RAM=1.84 GiB
      v10a23 D=<WRB|RWRB> bra0->ket2 Haar 200,000/285,306; cache hits/misses=1,236,041/364,921; elapsed=0.7s ETA~0.3s; RAM=1.84 GiB
      v10a23 D=<WRB|RWRB> bra0->ket2 Haar 202,000/285,306; cache hits/misses=1,238,041/364,921; elapsed=0.7s ETA~0.3s; RAM=1.84 GiB
      v10a23 D=<WRB|RWRB> bra0->ket2 Haar 204,000/285,306; cache hits/misses=1,240,041/364,921; elapsed=0.7s ETA~0.3s; RAM=1.84 GiB
      v10a23 D=<WRB|RWRB> bra0->ket2 Haar 206,000/285,306; cache hits/misses=1,242,041/364,921; elapsed=0.7s ETA~0.3s; RAM=1.84 GiB
      v10a23 D=<WRB|RWRB> bra0->ket2 Haar 208,000/285,306; cache hits/misses=1,244,041/364,921; elapsed=0.7s ETA~0.3s; RAM=1.84 GiB
      v10a23 D=<WRB|RWRB> bra0->ket2 Haar 210,000/285,306; cache hits/misses=1,246,041/364,921; elapsed=0.7s ETA~0.3s; RAM=1.84 GiB
      v10a23 D=<WRB|RWRB> bra0->ket2 Haar 212,000/285,306; cache hits/misses=1,248,041/364,921; elapsed=0.7s ETA~0.3s; RAM=1.84 GiB
      v10a23 D=<WRB|RWRB> bra0->ket2 Haar 214,000/285,306; cache hits/misses=1,250,041/364,921; elapsed=0.7s ETA~0.2s; RAM=1.84 GiB
      v10a23 D=<WRB|RWRB> bra0->ket2 Haar 216,000/285,306; cache hits/misses=1,252,041/364,921; elapsed=0.8s ETA~0.2s; RAM=1.84 GiB
      v10a23 D=<WRB|RWRB> bra0->ket2 Haar 218,000/285,306; cache hits/misses=1,254,041/364,921; elapsed=0.8s ETA~0.2s; RAM=1.84 GiB
      v10a23 D=<WRB|RWRB> bra0->ket2 Haar 220,000/285,306; cache hits/misses=1,256,041/364,921; elapsed=0.8s ETA~0.2s; RAM=1.84 GiB
      v10a23 D=<WRB|RWRB> bra0->ket2 Haar 222,000/285,306; cache hits/misses=1,258,041/364,921; elapsed=0.8s ETA~0.2s; RAM=1.84 GiB
      v10a23 D=<WRB|RWRB> bra0->ket2 Haar 224,000/285,306; cache hits/misses=1,260,041/364,921; elapsed=0.8s ETA~0.2s; RAM=1.84 GiB
      v10a23 D=<WRB|RWRB> bra0->ket2 Haar 226,000/285,306; cache hits/misses=1,262,041/364,921; elapsed=0.8s ETA~0.2s; RAM=1.84 GiB
      v10a23 D=<WRB|RWRB> bra0->ket2 Haar 228,000/285,306; cache hits/misses=1,264,041/364,921; elapsed=0.8s ETA~0.2s; RAM=1.84 GiB
      v10a23 D=<WRB|RWRB> bra0->ket2 Haar 230,000/285,306; cache hits/misses=1,266,041/364,921; elapsed=0.8s ETA~0.2s; RAM=1.84 GiB
      v10a23 D=<WRB|RWRB> bra0->ket2 Haar 232,000/285,306; cache hits/misses=1,268,041/364,921; elapsed=0.8s ETA~0.2s; RAM=1.84 GiB
      v10a23 D=<WRB|RWRB> bra0->ket2 Haar 234,000/285,306; cache hits/misses=1,270,041/364,921; elapsed=0.8s ETA~0.2s; RAM=1.84 GiB
      v10a23 D=<WRB|RWRB> bra0->ket2 Haar 236,000/285,306; cache hits/misses=1,272,041/364,921; elapsed=0.8s ETA~0.2s; RAM=1.84 GiB
      v10a23 D=<WRB|RWRB> bra0->ket2 Haar 238,000/285,306; cache hits/misses=1,274,041/364,921; elapsed=0.8s ETA~0.2s; RAM=1.84 GiB
      v10a23 D=<WRB|RWRB> bra0->ket2 Haar 240,000/285,306; cache hits/misses=1,276,041/364,921; elapsed=0.8s ETA~0.2s; RAM=1.84 GiB
      v10a23 D=<WRB|RWRB> bra0->ket2 Haar 242,000/285,306; cache hits/misses=1,278,041/364,921; elapsed=0.9s ETA~0.2s; RAM=1.84 GiB
      v10a23 D=<WRB|RWRB> bra0->ket2 Haar 244,000/285,306; cache hits/misses=1,280,041/364,921; elapsed=0.9s ETA~0.1s; RAM=1.84 GiB
      v10a23 D=<WRB|RWRB> bra0->ket2 Haar 246,000/285,306; cache hits/misses=1,282,041/364,921; elapsed=0.9s ETA~0.1s; RAM=1.84 GiB
      v10a23 D=<WRB|RWRB> bra0->ket2 Haar 248,000/285,306; cache hits/misses=1,284,041/364,921; elapsed=0.9s ETA~0.1s; RAM=1.84 GiB
      v10a23 D=<WRB|RWRB> bra0->ket2 Haar 250,000/285,306; cache hits/misses=1,286,041/364,921; elapsed=0.9s ETA~0.1s; RAM=1.84 GiB
      v10a23 D=<WRB|RWRB> bra0->ket2 Haar 252,000/285,306; cache hits/misses=1,288,041/364,921; elapsed=0.9s ETA~0.1s; RAM=1.84 GiB
      v10a23 D=<WRB|RWRB> bra0->ket2 Haar 254,000/285,306; cache hits/misses=1,290,041/364,921; elapsed=0.9s ETA~0.1s; RAM=1.84 GiB
      v10a23 D=<WRB|RWRB> bra0->ket2 Haar 256,000/285,306; cache hits/misses=1,292,041/364,921; elapsed=0.9s ETA~0.1s; RAM=1.84 GiB
      v10a23 D=<WRB|RWRB> bra0->ket2 Haar 258,000/285,306; cache hits/misses=1,294,041/364,921; elapsed=0.9s ETA~0.1s; RAM=1.84 GiB
      v10a23 D=<WRB|RWRB> bra0->ket2 Haar 260,000/285,306; cache hits/misses=1,296,041/364,921; elapsed=0.9s ETA~0.1s; RAM=1.84 GiB
      v10a23 D=<WRB|RWRB> bra0->ket2 Haar 262,000/285,306; cache hits/misses=1,298,041/364,921; elapsed=0.9s ETA~0.1s; RAM=1.84 GiB
      v10a23 D=<WRB|RWRB> bra0->ket2 Haar 264,000/285,306; cache hits/misses=1,300,041/364,921; elapsed=1.0s ETA~0.1s; RAM=1.84 GiB
      v10a23 D=<WRB|RWRB> bra0->ket2 Haar 266,000/285,306; cache hits/misses=1,302,041/364,921; elapsed=1.0s ETA~0.1s; RAM=1.84 GiB
      v10a23 D=<WRB|RWRB> bra0->ket2 Haar 268,000/285,306; cache hits/misses=1,304,041/364,921; elapsed=1.0s ETA~0.1s; RAM=1.84 GiB
      v10a23 D=<WRB|RWRB> bra0->ket2 Haar 270,000/285,306; cache hits/misses=1,306,041/364,921; elapsed=1.0s ETA~0.1s; RAM=1.84 GiB
      v10a23 D=<WRB|RWRB> bra0->ket2 Haar 272,000/285,306; cache hits/misses=1,308,041/364,921; elapsed=1.0s ETA~0.0s; RAM=1.84 GiB
      v10a23 D=<WRB|RWRB> bra0->ket2 Haar 274,000/285,306; cache hits/misses=1,310,041/364,921; elapsed=1.0s ETA~0.0s; RAM=1.84 GiB
      v10a23 D=<WRB|RWRB> bra0->ket2 Haar 276,000/285,306; cache hits/misses=1,312,041/364,921; elapsed=1.0s ETA~0.0s; RAM=1.84 GiB
      v10a23 D=<WRB|RWRB> bra0->ket2 Haar 278,000/285,306; cache hits/misses=1,314,041/364,921; elapsed=1.0s ETA~0.0s; RAM=1.84 GiB
      v10a23 D=<WRB|RWRB> bra0->ket2 Haar 280,000/285,306; cache hits/misses=1,316,041/364,921; elapsed=1.1s ETA~0.0s; RAM=1.84 GiB
      v10a23 D=<WRB|RWRB> bra0->ket2 Haar 282,000/285,306; cache hits/misses=1,318,041/364,921; elapsed=1.1s ETA~0.0s; RAM=1.84 GiB
      v10a23 D=<WRB|RWRB> bra0->ket2 Haar 284,000/285,306; cache hits/misses=1,320,041/364,921; elapsed=1.1s ETA~0.0s; RAM=1.84 GiB
      v10a23 D=<WRB|RWRB> bra0->ket2 Haar 285,306/285,306; cache hits/misses=1,321,347/364,921; elapsed=1.1s ETA~0.0s; RAM=1.84 GiB
      v10a23 D=<WRB|RWRB> bra0->ket2 COMPLETE gamma-sum=+2.58099748171037e-15; nonzero translations=20; new Haar misses=0; reused hits=285,306; total=24.5s
      v10a23 D=<WRB|RWRB> bra1->ket2 scan 3,439/3,439; matches=2,018; unique-blocks=1,764; raw-pairs<=1,585,128; RAM=1.32 GiB; elapsed=4.2s ETA~0.0s
[PASS] v10a23 D=<WRB|RWRB> bra1->ket2 analytic one-face shortcut confined to same polarization :: left_pol=(0, 2), right_pol=(0, 1), analytic_skips=0, crosspol_fallback=2
      v10a23 D=<WRB|RWRB> bra1->ket2 cross-polarization 1x1 fallback: matches=2; displacements={(0, 1, 4): 2}
      v10a23 D=<WRB|RWRB> bra1->ket2 collapse 1,764/1,764; pair-occ=979,214; unique=285,838; RAM=1.77 GiB; elapsed=11.2s ETA~0.0s
      v10a23 D=<WRB|RWRB> bra1->ket2 PAIR-TOPOLOGY COLLAPSE: occurrences=979,214 -> unique_nonzero=285,298; sparse displacement weights=285,896; RAM=1.84 GiB
[PASS] v10a23 D=<WRB|RWRB> bra1->ket2 factorized Haar matches dense endpoint signatures :: maxerr=4.441e-16, signatures=9
      v10a23 D=<WRB|RWRB> bra1->ket2 Haar 2,000/285,298; cache hits/misses=1,323,356/364,921; elapsed=0.0s ETA~1.2s; RAM=1.84 GiB
      v10a23 D=<WRB|RWRB> bra1->ket2 Haar 4,000/285,298; cache hits/misses=1,325,356/364,921; elapsed=0.0s ETA~1.1s; RAM=1.84 GiB
      v10a23 D=<WRB|RWRB> bra1->ket2 Haar 6,000/285,298; cache hits/misses=1,327,356/364,921; elapsed=0.0s ETA~1.0s; RAM=1.84 GiB
      v10a23 D=<WRB|RWRB> bra1->ket2 Haar 8,000/285,298; cache hits/misses=1,329,356/364,921; elapsed=0.0s ETA~1.0s; RAM=1.84 GiB
      v10a23 D=<WRB|RWRB> bra1->ket2 Haar 10,000/285,298; cache hits/misses=1,331,356/364,921; elapsed=0.0s ETA~1.0s; RAM=1.84 GiB
      v10a23 D=<WRB|RWRB> bra1->ket2 Haar 12,000/285,298; cache hits/misses=1,333,356/364,921; elapsed=0.0s ETA~1.0s; RAM=1.84 GiB
      v10a23 D=<WRB|RWRB> bra1->ket2 Haar 14,000/285,298; cache hits/misses=1,335,356/364,921; elapsed=0.0s ETA~0.9s; RAM=1.84 GiB
      v10a23 D=<WRB|RWRB> bra1->ket2 Haar 16,000/285,298; cache hits/misses=1,337,356/364,921; elapsed=0.1s ETA~0.9s; RAM=1.84 GiB
      v10a23 D=<WRB|RWRB> bra1->ket2 Haar 18,000/285,298; cache hits/misses=1,339,356/364,921; elapsed=0.1s ETA~0.9s; RAM=1.84 GiB
      v10a23 D=<WRB|RWRB> bra1->ket2 Haar 20,000/285,298; cache hits/misses=1,341,356/364,921; elapsed=0.1s ETA~0.9s; RAM=1.84 GiB
      v10a23 D=<WRB|RWRB> bra1->ket2 Haar 22,000/285,298; cache hits/misses=1,343,356/364,921; elapsed=0.1s ETA~0.9s; RAM=1.84 GiB
      v10a23 D=<WRB|RWRB> bra1->ket2 Haar 24,000/285,298; cache hits/misses=1,345,356/364,921; elapsed=0.1s ETA~0.9s; RAM=1.84 GiB
      v10a23 D=<WRB|RWRB> bra1->ket2 Haar 26,000/285,298; cache hits/misses=1,347,356/364,921; elapsed=0.1s ETA~0.9s; RAM=1.84 GiB
      v10a23 D=<WRB|RWRB> bra1->ket2 Haar 28,000/285,298; cache hits/misses=1,349,356/364,921; elapsed=0.1s ETA~0.9s; RAM=1.84 GiB
      v10a23 D=<WRB|RWRB> bra1->ket2 Haar 30,000/285,298; cache hits/misses=1,351,356/364,921; elapsed=0.1s ETA~0.9s; RAM=1.84 GiB
      v10a23 D=<WRB|RWRB> bra1->ket2 Haar 32,000/285,298; cache hits/misses=1,353,356/364,921; elapsed=0.1s ETA~0.9s; RAM=1.84 GiB
      v10a23 D=<WRB|RWRB> bra1->ket2 Haar 34,000/285,298; cache hits/misses=1,355,356/364,921; elapsed=0.1s ETA~0.9s; RAM=1.84 GiB
      v10a23 D=<WRB|RWRB> bra1->ket2 Haar 36,000/285,298; cache hits/misses=1,357,356/364,921; elapsed=0.1s ETA~0.9s; RAM=1.84 GiB
      v10a23 D=<WRB|RWRB> bra1->ket2 Haar 38,000/285,298; cache hits/misses=1,359,356/364,921; elapsed=0.1s ETA~0.8s; RAM=1.84 GiB
      v10a23 D=<WRB|RWRB> bra1->ket2 Haar 40,000/285,298; cache hits/misses=1,361,356/364,921; elapsed=0.1s ETA~0.8s; RAM=1.84 GiB
      v10a23 D=<WRB|RWRB> bra1->ket2 Haar 42,000/285,298; cache hits/misses=1,363,356/364,921; elapsed=0.1s ETA~0.8s; RAM=1.84 GiB
      v10a23 D=<WRB|RWRB> bra1->ket2 Haar 44,000/285,298; cache hits/misses=1,365,356/364,921; elapsed=0.1s ETA~0.8s; RAM=1.84 GiB
      v10a23 D=<WRB|RWRB> bra1->ket2 Haar 46,000/285,298; cache hits/misses=1,367,356/364,921; elapsed=0.2s ETA~0.8s; RAM=1.84 GiB
      v10a23 D=<WRB|RWRB> bra1->ket2 Haar 48,000/285,298; cache hits/misses=1,369,356/364,921; elapsed=0.2s ETA~0.8s; RAM=1.84 GiB
      v10a23 D=<WRB|RWRB> bra1->ket2 Haar 50,000/285,298; cache hits/misses=1,371,356/364,921; elapsed=0.2s ETA~0.8s; RAM=1.84 GiB
      v10a23 D=<WRB|RWRB> bra1->ket2 Haar 52,000/285,298; cache hits/misses=1,373,356/364,921; elapsed=0.2s ETA~0.8s; RAM=1.84 GiB
      v10a23 D=<WRB|RWRB> bra1->ket2 Haar 54,000/285,298; cache hits/misses=1,375,356/364,921; elapsed=0.2s ETA~0.8s; RAM=1.84 GiB
      v10a23 D=<WRB|RWRB> bra1->ket2 Haar 56,000/285,298; cache hits/misses=1,377,356/364,921; elapsed=0.2s ETA~0.8s; RAM=1.84 GiB
      v10a23 D=<WRB|RWRB> bra1->ket2 Haar 58,000/285,298; cache hits/misses=1,379,356/364,921; elapsed=0.2s ETA~0.8s; RAM=1.84 GiB
      v10a23 D=<WRB|RWRB> bra1->ket2 Haar 60,000/285,298; cache hits/misses=1,381,356/364,921; elapsed=0.2s ETA~0.7s; RAM=1.84 GiB
      v10a23 D=<WRB|RWRB> bra1->ket2 Haar 62,000/285,298; cache hits/misses=1,383,356/364,921; elapsed=0.2s ETA~0.7s; RAM=1.84 GiB
      v10a23 D=<WRB|RWRB> bra1->ket2 Haar 64,000/285,298; cache hits/misses=1,385,356/364,921; elapsed=0.2s ETA~0.7s; RAM=1.84 GiB
      v10a23 D=<WRB|RWRB> bra1->ket2 Haar 66,000/285,298; cache hits/misses=1,387,356/364,921; elapsed=0.2s ETA~0.7s; RAM=1.84 GiB
      v10a23 D=<WRB|RWRB> bra1->ket2 Haar 68,000/285,298; cache hits/misses=1,389,356/364,921; elapsed=0.2s ETA~0.7s; RAM=1.84 GiB
      v10a23 D=<WRB|RWRB> bra1->ket2 Haar 70,000/285,298; cache hits/misses=1,391,356/364,921; elapsed=0.2s ETA~0.7s; RAM=1.84 GiB
      v10a23 D=<WRB|RWRB> bra1->ket2 Haar 72,000/285,298; cache hits/misses=1,393,356/364,921; elapsed=0.2s ETA~0.7s; RAM=1.84 GiB
      v10a23 D=<WRB|RWRB> bra1->ket2 Haar 74,000/285,298; cache hits/misses=1,395,356/364,921; elapsed=0.2s ETA~0.7s; RAM=1.84 GiB
      v10a23 D=<WRB|RWRB> bra1->ket2 Haar 76,000/285,298; cache hits/misses=1,397,356/364,921; elapsed=0.2s ETA~0.7s; RAM=1.84 GiB
      v10a23 D=<WRB|RWRB> bra1->ket2 Haar 78,000/285,298; cache hits/misses=1,399,356/364,921; elapsed=0.3s ETA~0.7s; RAM=1.84 GiB
      v10a23 D=<WRB|RWRB> bra1->ket2 Haar 80,000/285,298; cache hits/misses=1,401,356/364,921; elapsed=0.3s ETA~0.7s; RAM=1.84 GiB
      v10a23 D=<WRB|RWRB> bra1->ket2 Haar 82,000/285,298; cache hits/misses=1,403,356/364,921; elapsed=0.3s ETA~0.7s; RAM=1.84 GiB
      v10a23 D=<WRB|RWRB> bra1->ket2 Haar 84,000/285,298; cache hits/misses=1,405,356/364,921; elapsed=0.3s ETA~0.7s; RAM=1.84 GiB
      v10a23 D=<WRB|RWRB> bra1->ket2 Haar 86,000/285,298; cache hits/misses=1,407,356/364,921; elapsed=0.3s ETA~0.7s; RAM=1.84 GiB
      v10a23 D=<WRB|RWRB> bra1->ket2 Haar 88,000/285,298; cache hits/misses=1,409,356/364,921; elapsed=0.3s ETA~0.6s; RAM=1.84 GiB
      v10a23 D=<WRB|RWRB> bra1->ket2 Haar 90,000/285,298; cache hits/misses=1,411,356/364,921; elapsed=0.3s ETA~0.6s; RAM=1.84 GiB
      v10a23 D=<WRB|RWRB> bra1->ket2 Haar 92,000/285,298; cache hits/misses=1,413,356/364,921; elapsed=0.3s ETA~0.6s; RAM=1.84 GiB
      v10a23 D=<WRB|RWRB> bra1->ket2 Haar 94,000/285,298; cache hits/misses=1,415,356/364,921; elapsed=0.3s ETA~0.6s; RAM=1.84 GiB
      v10a23 D=<WRB|RWRB> bra1->ket2 Haar 96,000/285,298; cache hits/misses=1,417,356/364,921; elapsed=0.3s ETA~0.6s; RAM=1.84 GiB
      v10a23 D=<WRB|RWRB> bra1->ket2 Haar 98,000/285,298; cache hits/misses=1,419,356/364,921; elapsed=0.3s ETA~0.6s; RAM=1.84 GiB
      v10a23 D=<WRB|RWRB> bra1->ket2 Haar 100,000/285,298; cache hits/misses=1,421,356/364,921; elapsed=0.3s ETA~0.6s; RAM=1.84 GiB
      v10a23 D=<WRB|RWRB> bra1->ket2 Haar 102,000/285,298; cache hits/misses=1,423,356/364,921; elapsed=0.3s ETA~0.6s; RAM=1.84 GiB
      v10a23 D=<WRB|RWRB> bra1->ket2 Haar 104,000/285,298; cache hits/misses=1,425,356/364,921; elapsed=0.3s ETA~0.6s; RAM=1.84 GiB
      v10a23 D=<WRB|RWRB> bra1->ket2 Haar 106,000/285,298; cache hits/misses=1,427,356/364,921; elapsed=0.3s ETA~0.6s; RAM=1.84 GiB
      v10a23 D=<WRB|RWRB> bra1->ket2 Haar 108,000/285,298; cache hits/misses=1,429,356/364,921; elapsed=0.4s ETA~0.6s; RAM=1.84 GiB
      v10a23 D=<WRB|RWRB> bra1->ket2 Haar 110,000/285,298; cache hits/misses=1,431,356/364,921; elapsed=0.4s ETA~0.6s; RAM=1.84 GiB
      v10a23 D=<WRB|RWRB> bra1->ket2 Haar 112,000/285,298; cache hits/misses=1,433,356/364,921; elapsed=0.4s ETA~0.6s; RAM=1.84 GiB
      v10a23 D=<WRB|RWRB> bra1->ket2 Haar 114,000/285,298; cache hits/misses=1,435,356/364,921; elapsed=0.4s ETA~0.6s; RAM=1.84 GiB
      v10a23 D=<WRB|RWRB> bra1->ket2 Haar 116,000/285,298; cache hits/misses=1,437,356/364,921; elapsed=0.4s ETA~0.6s; RAM=1.84 GiB
      v10a23 D=<WRB|RWRB> bra1->ket2 Haar 118,000/285,298; cache hits/misses=1,439,356/364,921; elapsed=0.4s ETA~0.5s; RAM=1.84 GiB
      v10a23 D=<WRB|RWRB> bra1->ket2 Haar 120,000/285,298; cache hits/misses=1,441,356/364,921; elapsed=0.4s ETA~0.5s; RAM=1.84 GiB
      v10a23 D=<WRB|RWRB> bra1->ket2 Haar 122,000/285,298; cache hits/misses=1,443,356/364,921; elapsed=0.4s ETA~0.5s; RAM=1.84 GiB
      v10a23 D=<WRB|RWRB> bra1->ket2 Haar 124,000/285,298; cache hits/misses=1,445,356/364,921; elapsed=0.4s ETA~0.5s; RAM=1.84 GiB
      v10a23 D=<WRB|RWRB> bra1->ket2 Haar 126,000/285,298; cache hits/misses=1,447,356/364,921; elapsed=0.4s ETA~0.5s; RAM=1.84 GiB
      v10a23 D=<WRB|RWRB> bra1->ket2 Haar 128,000/285,298; cache hits/misses=1,449,356/364,921; elapsed=0.4s ETA~0.5s; RAM=1.84 GiB
      v10a23 D=<WRB|RWRB> bra1->ket2 Haar 130,000/285,298; cache hits/misses=1,451,356/364,921; elapsed=0.4s ETA~0.5s; RAM=1.84 GiB
      v10a23 D=<WRB|RWRB> bra1->ket2 Haar 132,000/285,298; cache hits/misses=1,453,356/364,921; elapsed=0.4s ETA~0.5s; RAM=1.84 GiB
      v10a23 D=<WRB|RWRB> bra1->ket2 Haar 134,000/285,298; cache hits/misses=1,455,356/364,921; elapsed=0.4s ETA~0.5s; RAM=1.84 GiB
      v10a23 D=<WRB|RWRB> bra1->ket2 Haar 136,000/285,298; cache hits/misses=1,457,356/364,921; elapsed=0.4s ETA~0.5s; RAM=1.84 GiB
      v10a23 D=<WRB|RWRB> bra1->ket2 Haar 138,000/285,298; cache hits/misses=1,459,356/364,921; elapsed=0.5s ETA~0.5s; RAM=1.84 GiB
      v10a23 D=<WRB|RWRB> bra1->ket2 Haar 140,000/285,298; cache hits/misses=1,461,356/364,921; elapsed=0.5s ETA~0.5s; RAM=1.84 GiB
      v10a23 D=<WRB|RWRB> bra1->ket2 Haar 142,000/285,298; cache hits/misses=1,463,356/364,921; elapsed=0.5s ETA~0.5s; RAM=1.84 GiB
      v10a23 D=<WRB|RWRB> bra1->ket2 Haar 144,000/285,298; cache hits/misses=1,465,356/364,921; elapsed=0.5s ETA~0.5s; RAM=1.84 GiB
      v10a23 D=<WRB|RWRB> bra1->ket2 Haar 146,000/285,298; cache hits/misses=1,467,356/364,921; elapsed=0.5s ETA~0.5s; RAM=1.84 GiB
      v10a23 D=<WRB|RWRB> bra1->ket2 Haar 148,000/285,298; cache hits/misses=1,469,356/364,921; elapsed=0.5s ETA~0.5s; RAM=1.84 GiB
      v10a23 D=<WRB|RWRB> bra1->ket2 Haar 150,000/285,298; cache hits/misses=1,471,356/364,921; elapsed=0.5s ETA~0.4s; RAM=1.84 GiB
      v10a23 D=<WRB|RWRB> bra1->ket2 Haar 152,000/285,298; cache hits/misses=1,473,356/364,921; elapsed=0.5s ETA~0.4s; RAM=1.84 GiB
      v10a23 D=<WRB|RWRB> bra1->ket2 Haar 154,000/285,298; cache hits/misses=1,475,356/364,921; elapsed=0.5s ETA~0.4s; RAM=1.84 GiB
      v10a23 D=<WRB|RWRB> bra1->ket2 Haar 156,000/285,298; cache hits/misses=1,477,356/364,921; elapsed=0.5s ETA~0.4s; RAM=1.84 GiB
      v10a23 D=<WRB|RWRB> bra1->ket2 Haar 158,000/285,298; cache hits/misses=1,479,356/364,921; elapsed=0.5s ETA~0.4s; RAM=1.84 GiB
      v10a23 D=<WRB|RWRB> bra1->ket2 Haar 160,000/285,298; cache hits/misses=1,481,356/364,921; elapsed=0.5s ETA~0.4s; RAM=1.84 GiB
      v10a23 D=<WRB|RWRB> bra1->ket2 Haar 162,000/285,298; cache hits/misses=1,483,356/364,921; elapsed=0.5s ETA~0.4s; RAM=1.84 GiB
      v10a23 D=<WRB|RWRB> bra1->ket2 Haar 164,000/285,298; cache hits/misses=1,485,356/364,921; elapsed=0.5s ETA~0.4s; RAM=1.84 GiB
      v10a23 D=<WRB|RWRB> bra1->ket2 Haar 166,000/285,298; cache hits/misses=1,487,356/364,921; elapsed=0.6s ETA~0.4s; RAM=1.84 GiB
      v10a23 D=<WRB|RWRB> bra1->ket2 Haar 168,000/285,298; cache hits/misses=1,489,356/364,921; elapsed=0.6s ETA~0.4s; RAM=1.84 GiB
      v10a23 D=<WRB|RWRB> bra1->ket2 Haar 170,000/285,298; cache hits/misses=1,491,356/364,921; elapsed=0.6s ETA~0.4s; RAM=1.84 GiB
      v10a23 D=<WRB|RWRB> bra1->ket2 Haar 172,000/285,298; cache hits/misses=1,493,356/364,921; elapsed=0.6s ETA~0.4s; RAM=1.84 GiB
      v10a23 D=<WRB|RWRB> bra1->ket2 Haar 174,000/285,298; cache hits/misses=1,495,356/364,921; elapsed=0.6s ETA~0.4s; RAM=1.84 GiB
      v10a23 D=<WRB|RWRB> bra1->ket2 Haar 176,000/285,298; cache hits/misses=1,497,356/364,921; elapsed=0.6s ETA~0.4s; RAM=1.84 GiB
      v10a23 D=<WRB|RWRB> bra1->ket2 Haar 178,000/285,298; cache hits/misses=1,499,356/364,921; elapsed=0.6s ETA~0.4s; RAM=1.84 GiB
      v10a23 D=<WRB|RWRB> bra1->ket2 Haar 180,000/285,298; cache hits/misses=1,501,356/364,921; elapsed=0.6s ETA~0.3s; RAM=1.84 GiB
      v10a23 D=<WRB|RWRB> bra1->ket2 Haar 182,000/285,298; cache hits/misses=1,503,356/364,921; elapsed=0.6s ETA~0.3s; RAM=1.84 GiB
      v10a23 D=<WRB|RWRB> bra1->ket2 Haar 184,000/285,298; cache hits/misses=1,505,356/364,921; elapsed=0.6s ETA~0.3s; RAM=1.84 GiB
      v10a23 D=<WRB|RWRB> bra1->ket2 Haar 186,000/285,298; cache hits/misses=1,507,356/364,921; elapsed=0.6s ETA~0.3s; RAM=1.84 GiB
      v10a23 D=<WRB|RWRB> bra1->ket2 Haar 188,000/285,298; cache hits/misses=1,509,356/364,921; elapsed=0.6s ETA~0.3s; RAM=1.84 GiB
      v10a23 D=<WRB|RWRB> bra1->ket2 Haar 190,000/285,298; cache hits/misses=1,511,356/364,921; elapsed=0.6s ETA~0.3s; RAM=1.84 GiB
      v10a23 D=<WRB|RWRB> bra1->ket2 Haar 192,000/285,298; cache hits/misses=1,513,356/364,921; elapsed=0.6s ETA~0.3s; RAM=1.84 GiB
      v10a23 D=<WRB|RWRB> bra1->ket2 Haar 194,000/285,298; cache hits/misses=1,515,356/364,921; elapsed=0.6s ETA~0.3s; RAM=1.84 GiB
      v10a23 D=<WRB|RWRB> bra1->ket2 Haar 196,000/285,298; cache hits/misses=1,517,356/364,921; elapsed=0.7s ETA~0.3s; RAM=1.84 GiB
      v10a23 D=<WRB|RWRB> bra1->ket2 Haar 198,000/285,298; cache hits/misses=1,519,356/364,921; elapsed=0.7s ETA~0.3s; RAM=1.84 GiB
      v10a23 D=<WRB|RWRB> bra1->ket2 Haar 200,000/285,298; cache hits/misses=1,521,356/364,921; elapsed=0.7s ETA~0.3s; RAM=1.84 GiB
      v10a23 D=<WRB|RWRB> bra1->ket2 Haar 202,000/285,298; cache hits/misses=1,523,356/364,921; elapsed=0.7s ETA~0.3s; RAM=1.84 GiB
      v10a23 D=<WRB|RWRB> bra1->ket2 Haar 204,000/285,298; cache hits/misses=1,525,356/364,921; elapsed=0.7s ETA~0.3s; RAM=1.84 GiB
      v10a23 D=<WRB|RWRB> bra1->ket2 Haar 206,000/285,298; cache hits/misses=1,527,356/364,921; elapsed=0.7s ETA~0.3s; RAM=1.84 GiB
      v10a23 D=<WRB|RWRB> bra1->ket2 Haar 208,000/285,298; cache hits/misses=1,529,356/364,921; elapsed=0.7s ETA~0.3s; RAM=1.84 GiB
      v10a23 D=<WRB|RWRB> bra1->ket2 Haar 210,000/285,298; cache hits/misses=1,531,356/364,921; elapsed=0.7s ETA~0.3s; RAM=1.84 GiB
      v10a23 D=<WRB|RWRB> bra1->ket2 Haar 212,000/285,298; cache hits/misses=1,533,356/364,921; elapsed=0.7s ETA~0.2s; RAM=1.84 GiB
      v10a23 D=<WRB|RWRB> bra1->ket2 Haar 214,000/285,298; cache hits/misses=1,535,356/364,921; elapsed=0.7s ETA~0.2s; RAM=1.84 GiB
      v10a23 D=<WRB|RWRB> bra1->ket2 Haar 216,000/285,298; cache hits/misses=1,537,356/364,921; elapsed=0.7s ETA~0.2s; RAM=1.84 GiB
      v10a23 D=<WRB|RWRB> bra1->ket2 Haar 218,000/285,298; cache hits/misses=1,539,356/364,921; elapsed=0.7s ETA~0.2s; RAM=1.84 GiB
      v10a23 D=<WRB|RWRB> bra1->ket2 Haar 220,000/285,298; cache hits/misses=1,541,356/364,921; elapsed=0.7s ETA~0.2s; RAM=1.84 GiB
      v10a23 D=<WRB|RWRB> bra1->ket2 Haar 222,000/285,298; cache hits/misses=1,543,356/364,921; elapsed=0.7s ETA~0.2s; RAM=1.84 GiB
      v10a23 D=<WRB|RWRB> bra1->ket2 Haar 224,000/285,298; cache hits/misses=1,545,356/364,921; elapsed=0.8s ETA~0.2s; RAM=1.84 GiB
      v10a23 D=<WRB|RWRB> bra1->ket2 Haar 226,000/285,298; cache hits/misses=1,547,356/364,921; elapsed=0.8s ETA~0.2s; RAM=1.84 GiB
      v10a23 D=<WRB|RWRB> bra1->ket2 Haar 228,000/285,298; cache hits/misses=1,549,356/364,921; elapsed=0.8s ETA~0.2s; RAM=1.84 GiB
      v10a23 D=<WRB|RWRB> bra1->ket2 Haar 230,000/285,298; cache hits/misses=1,551,356/364,921; elapsed=0.8s ETA~0.2s; RAM=1.84 GiB
      v10a23 D=<WRB|RWRB> bra1->ket2 Haar 232,000/285,298; cache hits/misses=1,553,356/364,921; elapsed=0.8s ETA~0.2s; RAM=1.84 GiB
      v10a23 D=<WRB|RWRB> bra1->ket2 Haar 234,000/285,298; cache hits/misses=1,555,356/364,921; elapsed=0.8s ETA~0.2s; RAM=1.84 GiB
      v10a23 D=<WRB|RWRB> bra1->ket2 Haar 236,000/285,298; cache hits/misses=1,557,356/364,921; elapsed=0.8s ETA~0.2s; RAM=1.84 GiB
      v10a23 D=<WRB|RWRB> bra1->ket2 Haar 238,000/285,298; cache hits/misses=1,559,356/364,921; elapsed=0.8s ETA~0.2s; RAM=1.84 GiB
      v10a23 D=<WRB|RWRB> bra1->ket2 Haar 240,000/285,298; cache hits/misses=1,561,356/364,921; elapsed=0.8s ETA~0.2s; RAM=1.84 GiB
      v10a23 D=<WRB|RWRB> bra1->ket2 Haar 242,000/285,298; cache hits/misses=1,563,356/364,921; elapsed=0.8s ETA~0.1s; RAM=1.84 GiB
      v10a23 D=<WRB|RWRB> bra1->ket2 Haar 244,000/285,298; cache hits/misses=1,565,356/364,921; elapsed=0.8s ETA~0.1s; RAM=1.84 GiB
      v10a23 D=<WRB|RWRB> bra1->ket2 Haar 246,000/285,298; cache hits/misses=1,567,356/364,921; elapsed=0.8s ETA~0.1s; RAM=1.84 GiB
      v10a23 D=<WRB|RWRB> bra1->ket2 Haar 248,000/285,298; cache hits/misses=1,569,356/364,921; elapsed=0.8s ETA~0.1s; RAM=1.84 GiB
      v10a23 D=<WRB|RWRB> bra1->ket2 Haar 250,000/285,298; cache hits/misses=1,571,356/364,921; elapsed=0.9s ETA~0.1s; RAM=1.84 GiB
      v10a23 D=<WRB|RWRB> bra1->ket2 Haar 252,000/285,298; cache hits/misses=1,573,356/364,921; elapsed=0.9s ETA~0.1s; RAM=1.84 GiB
      v10a23 D=<WRB|RWRB> bra1->ket2 Haar 254,000/285,298; cache hits/misses=1,575,356/364,921; elapsed=0.9s ETA~0.1s; RAM=1.84 GiB
      v10a23 D=<WRB|RWRB> bra1->ket2 Haar 256,000/285,298; cache hits/misses=1,577,356/364,921; elapsed=0.9s ETA~0.1s; RAM=1.84 GiB
      v10a23 D=<WRB|RWRB> bra1->ket2 Haar 258,000/285,298; cache hits/misses=1,579,356/364,921; elapsed=0.9s ETA~0.1s; RAM=1.84 GiB
      v10a23 D=<WRB|RWRB> bra1->ket2 Haar 260,000/285,298; cache hits/misses=1,581,356/364,921; elapsed=0.9s ETA~0.1s; RAM=1.84 GiB
      v10a23 D=<WRB|RWRB> bra1->ket2 Haar 262,000/285,298; cache hits/misses=1,583,356/364,921; elapsed=0.9s ETA~0.1s; RAM=1.84 GiB
      v10a23 D=<WRB|RWRB> bra1->ket2 Haar 264,000/285,298; cache hits/misses=1,585,356/364,921; elapsed=0.9s ETA~0.1s; RAM=1.84 GiB
      v10a23 D=<WRB|RWRB> bra1->ket2 Haar 266,000/285,298; cache hits/misses=1,587,356/364,921; elapsed=0.9s ETA~0.1s; RAM=1.84 GiB
      v10a23 D=<WRB|RWRB> bra1->ket2 Haar 268,000/285,298; cache hits/misses=1,589,356/364,921; elapsed=0.9s ETA~0.1s; RAM=1.84 GiB
      v10a23 D=<WRB|RWRB> bra1->ket2 Haar 270,000/285,298; cache hits/misses=1,591,356/364,921; elapsed=0.9s ETA~0.1s; RAM=1.84 GiB
      v10a23 D=<WRB|RWRB> bra1->ket2 Haar 272,000/285,298; cache hits/misses=1,593,356/364,921; elapsed=0.9s ETA~0.0s; RAM=1.84 GiB
      v10a23 D=<WRB|RWRB> bra1->ket2 Haar 274,000/285,298; cache hits/misses=1,595,356/364,921; elapsed=1.0s ETA~0.0s; RAM=1.84 GiB
      v10a23 D=<WRB|RWRB> bra1->ket2 Haar 276,000/285,298; cache hits/misses=1,597,356/364,921; elapsed=1.0s ETA~0.0s; RAM=1.84 GiB
      v10a23 D=<WRB|RWRB> bra1->ket2 Haar 278,000/285,298; cache hits/misses=1,599,356/364,921; elapsed=1.0s ETA~0.0s; RAM=1.84 GiB
      v10a23 D=<WRB|RWRB> bra1->ket2 Haar 280,000/285,298; cache hits/misses=1,601,356/364,921; elapsed=1.0s ETA~0.0s; RAM=1.84 GiB
      v10a23 D=<WRB|RWRB> bra1->ket2 Haar 282,000/285,298; cache hits/misses=1,603,356/364,921; elapsed=1.0s ETA~0.0s; RAM=1.84 GiB
      v10a23 D=<WRB|RWRB> bra1->ket2 Haar 284,000/285,298; cache hits/misses=1,605,356/364,921; elapsed=1.0s ETA~0.0s; RAM=1.84 GiB
      v10a23 D=<WRB|RWRB> bra1->ket2 Haar 285,298/285,298; cache hits/misses=1,606,654/364,921; elapsed=1.0s ETA~0.0s; RAM=1.84 GiB
      v10a23 D=<WRB|RWRB> bra1->ket2 COMPLETE gamma-sum=-2.96746134609283e-15; nonzero translations=20; new Haar misses=0; reused hits=285,298; total=25.9s
      v10a23 D=<WRB|RWRB> bra2->ket2 scan 3,439/3,439; matches=5,400; unique-blocks=3,607; raw-pairs<=9,814,138; RAM=1.32 GiB; elapsed=5.3s ETA~0.0s
[PASS] v10a23 D=<WRB|RWRB> bra2->ket2 analytic one-face shortcut confined to same polarization :: left_pol=(0, 1), right_pol=(0, 1), analytic_skips=54, crosspol_fallback=0
[PASS] v10a23 D=<WRB|RWRB> bra2->ket2 one-face direct block=-13/896 :: -0.014508928571428572
      v10a23 D=<WRB|RWRB> bra2->ket2 collapse 3,607/3,607; pair-occ=2,468,250; unique=117,187; RAM=1.48 GiB; elapsed=12.3s ETA~0.0s
      v10a23 D=<WRB|RWRB> bra2->ket2 PAIR-TOPOLOGY COLLAPSE: occurrences=2,468,250 -> unique_nonzero=117,163; sparse displacement weights=161,071; RAM=1.51 GiB
[PASS] v10a23 D=<WRB|RWRB> bra2->ket2 factorized Haar matches dense endpoint signatures :: maxerr=4.441e-16, signatures=9
      v10a23 D=<WRB|RWRB> bra2->ket2 Haar 2,000/117,163; cache hits/misses=1,608,663/364,921; elapsed=0.0s ETA~0.5s; RAM=1.52 GiB
      v10a23 D=<WRB|RWRB> bra2->ket2 Haar 4,000/117,163; cache hits/misses=1,610,663/364,921; elapsed=0.0s ETA~0.4s; RAM=1.52 GiB
      v10a23 D=<WRB|RWRB> bra2->ket2 Haar 6,000/117,163; cache hits/misses=1,612,663/364,921; elapsed=0.0s ETA~0.4s; RAM=1.52 GiB
      v10a23 D=<WRB|RWRB> bra2->ket2 Haar 8,000/117,163; cache hits/misses=1,614,663/364,921; elapsed=0.0s ETA~0.4s; RAM=1.52 GiB
      v10a23 D=<WRB|RWRB> bra2->ket2 Haar 10,000/117,163; cache hits/misses=1,616,663/364,921; elapsed=0.0s ETA~0.4s; RAM=1.52 GiB
      v10a23 D=<WRB|RWRB> bra2->ket2 Haar 12,000/117,163; cache hits/misses=1,618,663/364,921; elapsed=0.0s ETA~0.4s; RAM=1.52 GiB
      v10a23 D=<WRB|RWRB> bra2->ket2 Haar 14,000/117,163; cache hits/misses=1,620,663/364,921; elapsed=0.1s ETA~0.4s; RAM=1.52 GiB
      v10a23 D=<WRB|RWRB> bra2->ket2 Haar 16,000/117,163; cache hits/misses=1,622,663/364,921; elapsed=0.1s ETA~0.4s; RAM=1.52 GiB
      v10a23 D=<WRB|RWRB> bra2->ket2 Haar 18,000/117,163; cache hits/misses=1,624,663/364,921; elapsed=0.1s ETA~0.4s; RAM=1.52 GiB
      v10a23 D=<WRB|RWRB> bra2->ket2 Haar 20,000/117,163; cache hits/misses=1,626,663/364,921; elapsed=0.1s ETA~0.3s; RAM=1.52 GiB
      v10a23 D=<WRB|RWRB> bra2->ket2 Haar 22,000/117,163; cache hits/misses=1,628,663/364,921; elapsed=0.1s ETA~0.3s; RAM=1.52 GiB
      v10a23 D=<WRB|RWRB> bra2->ket2 Haar 24,000/117,163; cache hits/misses=1,630,663/364,921; elapsed=0.1s ETA~0.3s; RAM=1.52 GiB
      v10a23 D=<WRB|RWRB> bra2->ket2 Haar 26,000/117,163; cache hits/misses=1,632,663/364,921; elapsed=0.1s ETA~0.3s; RAM=1.52 GiB
      v10a23 D=<WRB|RWRB> bra2->ket2 Haar 28,000/117,163; cache hits/misses=1,634,663/364,921; elapsed=0.1s ETA~0.3s; RAM=1.52 GiB
      v10a23 D=<WRB|RWRB> bra2->ket2 Haar 30,000/117,163; cache hits/misses=1,636,663/364,921; elapsed=0.1s ETA~0.3s; RAM=1.52 GiB
      v10a23 D=<WRB|RWRB> bra2->ket2 Haar 32,000/117,163; cache hits/misses=1,638,663/364,921; elapsed=0.1s ETA~0.3s; RAM=1.52 GiB
      v10a23 D=<WRB|RWRB> bra2->ket2 Haar 34,000/117,163; cache hits/misses=1,640,663/364,921; elapsed=0.1s ETA~0.3s; RAM=1.52 GiB
      v10a23 D=<WRB|RWRB> bra2->ket2 Haar 36,000/117,163; cache hits/misses=1,642,663/364,921; elapsed=0.1s ETA~0.3s; RAM=1.52 GiB
      v10a23 D=<WRB|RWRB> bra2->ket2 Haar 38,000/117,163; cache hits/misses=1,644,663/364,921; elapsed=0.1s ETA~0.3s; RAM=1.52 GiB
      v10a23 D=<WRB|RWRB> bra2->ket2 Haar 40,000/117,163; cache hits/misses=1,646,663/364,921; elapsed=0.1s ETA~0.3s; RAM=1.52 GiB
      v10a23 D=<WRB|RWRB> bra2->ket2 Haar 42,000/117,163; cache hits/misses=1,648,663/364,921; elapsed=0.2s ETA~0.3s; RAM=1.52 GiB
      v10a23 D=<WRB|RWRB> bra2->ket2 Haar 44,000/117,163; cache hits/misses=1,650,663/364,921; elapsed=0.2s ETA~0.3s; RAM=1.52 GiB
      v10a23 D=<WRB|RWRB> bra2->ket2 Haar 46,000/117,163; cache hits/misses=1,652,663/364,921; elapsed=0.2s ETA~0.3s; RAM=1.52 GiB
      v10a23 D=<WRB|RWRB> bra2->ket2 Haar 48,000/117,163; cache hits/misses=1,654,663/364,921; elapsed=0.2s ETA~0.3s; RAM=1.52 GiB
      v10a23 D=<WRB|RWRB> bra2->ket2 Haar 50,000/117,163; cache hits/misses=1,656,663/364,921; elapsed=0.2s ETA~0.2s; RAM=1.52 GiB
      v10a23 D=<WRB|RWRB> bra2->ket2 Haar 52,000/117,163; cache hits/misses=1,658,663/364,921; elapsed=0.2s ETA~0.2s; RAM=1.52 GiB
      v10a23 D=<WRB|RWRB> bra2->ket2 Haar 54,000/117,163; cache hits/misses=1,660,663/364,921; elapsed=0.2s ETA~0.2s; RAM=1.52 GiB
      v10a23 D=<WRB|RWRB> bra2->ket2 Haar 56,000/117,163; cache hits/misses=1,662,663/364,921; elapsed=0.2s ETA~0.2s; RAM=1.52 GiB
      v10a23 D=<WRB|RWRB> bra2->ket2 Haar 58,000/117,163; cache hits/misses=1,664,663/364,921; elapsed=0.2s ETA~0.2s; RAM=1.52 GiB
      v10a23 D=<WRB|RWRB> bra2->ket2 Haar 60,000/117,163; cache hits/misses=1,666,663/364,921; elapsed=0.2s ETA~0.2s; RAM=1.52 GiB
      v10a23 D=<WRB|RWRB> bra2->ket2 Haar 62,000/117,163; cache hits/misses=1,668,663/364,921; elapsed=0.2s ETA~0.2s; RAM=1.52 GiB
      v10a23 D=<WRB|RWRB> bra2->ket2 Haar 64,000/117,163; cache hits/misses=1,670,663/364,921; elapsed=0.2s ETA~0.2s; RAM=1.52 GiB
      v10a23 D=<WRB|RWRB> bra2->ket2 Haar 66,000/117,163; cache hits/misses=1,672,663/364,921; elapsed=0.2s ETA~0.2s; RAM=1.52 GiB
      v10a23 D=<WRB|RWRB> bra2->ket2 Haar 68,000/117,163; cache hits/misses=1,674,663/364,921; elapsed=0.3s ETA~0.2s; RAM=1.52 GiB
      v10a23 D=<WRB|RWRB> bra2->ket2 Haar 70,000/117,163; cache hits/misses=1,676,663/364,921; elapsed=0.3s ETA~0.2s; RAM=1.52 GiB
      v10a23 D=<WRB|RWRB> bra2->ket2 Haar 72,000/117,163; cache hits/misses=1,678,663/364,921; elapsed=0.3s ETA~0.2s; RAM=1.52 GiB
      v10a23 D=<WRB|RWRB> bra2->ket2 Haar 74,000/117,163; cache hits/misses=1,680,663/364,921; elapsed=0.3s ETA~0.2s; RAM=1.52 GiB
      v10a23 D=<WRB|RWRB> bra2->ket2 Haar 76,000/117,163; cache hits/misses=1,682,663/364,921; elapsed=0.3s ETA~0.2s; RAM=1.52 GiB
      v10a23 D=<WRB|RWRB> bra2->ket2 Haar 78,000/117,163; cache hits/misses=1,684,663/364,921; elapsed=0.3s ETA~0.1s; RAM=1.52 GiB
      v10a23 D=<WRB|RWRB> bra2->ket2 Haar 80,000/117,163; cache hits/misses=1,686,663/364,921; elapsed=0.3s ETA~0.1s; RAM=1.52 GiB
      v10a23 D=<WRB|RWRB> bra2->ket2 Haar 82,000/117,163; cache hits/misses=1,688,663/364,921; elapsed=0.3s ETA~0.1s; RAM=1.52 GiB
      v10a23 D=<WRB|RWRB> bra2->ket2 Haar 84,000/117,163; cache hits/misses=1,690,663/364,921; elapsed=0.3s ETA~0.1s; RAM=1.52 GiB
      v10a23 D=<WRB|RWRB> bra2->ket2 Haar 86,000/117,163; cache hits/misses=1,692,663/364,921; elapsed=0.3s ETA~0.1s; RAM=1.52 GiB
      v10a23 D=<WRB|RWRB> bra2->ket2 Haar 88,000/117,163; cache hits/misses=1,694,663/364,921; elapsed=0.3s ETA~0.1s; RAM=1.52 GiB
      v10a23 D=<WRB|RWRB> bra2->ket2 Haar 90,000/117,163; cache hits/misses=1,696,663/364,921; elapsed=0.3s ETA~0.1s; RAM=1.52 GiB
      v10a23 D=<WRB|RWRB> bra2->ket2 Haar 92,000/117,163; cache hits/misses=1,698,663/364,921; elapsed=0.3s ETA~0.1s; RAM=1.52 GiB
      v10a23 D=<WRB|RWRB> bra2->ket2 Haar 94,000/117,163; cache hits/misses=1,700,663/364,921; elapsed=0.4s ETA~0.1s; RAM=1.52 GiB
      v10a23 D=<WRB|RWRB> bra2->ket2 Haar 96,000/117,163; cache hits/misses=1,702,663/364,921; elapsed=0.4s ETA~0.1s; RAM=1.52 GiB
      v10a23 D=<WRB|RWRB> bra2->ket2 Haar 98,000/117,163; cache hits/misses=1,704,663/364,921; elapsed=0.4s ETA~0.1s; RAM=1.52 GiB
      v10a23 D=<WRB|RWRB> bra2->ket2 Haar 100,000/117,163; cache hits/misses=1,706,663/364,921; elapsed=0.4s ETA~0.1s; RAM=1.52 GiB
      v10a23 D=<WRB|RWRB> bra2->ket2 Haar 102,000/117,163; cache hits/misses=1,708,663/364,921; elapsed=0.4s ETA~0.1s; RAM=1.52 GiB
      v10a23 D=<WRB|RWRB> bra2->ket2 Haar 104,000/117,163; cache hits/misses=1,710,663/364,921; elapsed=0.4s ETA~0.1s; RAM=1.52 GiB
      v10a23 D=<WRB|RWRB> bra2->ket2 Haar 106,000/117,163; cache hits/misses=1,712,663/364,921; elapsed=0.4s ETA~0.0s; RAM=1.52 GiB
      v10a23 D=<WRB|RWRB> bra2->ket2 Haar 108,000/117,163; cache hits/misses=1,714,663/364,921; elapsed=0.4s ETA~0.0s; RAM=1.52 GiB
      v10a23 D=<WRB|RWRB> bra2->ket2 Haar 110,000/117,163; cache hits/misses=1,716,663/364,921; elapsed=0.4s ETA~0.0s; RAM=1.52 GiB
      v10a23 D=<WRB|RWRB> bra2->ket2 Haar 112,000/117,163; cache hits/misses=1,718,663/364,921; elapsed=0.5s ETA~0.0s; RAM=1.52 GiB
      v10a23 D=<WRB|RWRB> bra2->ket2 Haar 114,000/117,163; cache hits/misses=1,720,663/364,921; elapsed=0.5s ETA~0.0s; RAM=1.52 GiB
      v10a23 D=<WRB|RWRB> bra2->ket2 Haar 116,000/117,163; cache hits/misses=1,722,663/364,921; elapsed=0.5s ETA~0.0s; RAM=1.52 GiB
      v10a23 D=<WRB|RWRB> bra2->ket2 Haar 117,163/117,163; cache hits/misses=1,723,826/364,921; elapsed=0.5s ETA~0.0s; RAM=1.52 GiB
      v10a23 D=<WRB|RWRB> bra2->ket2 COMPLETE gamma-sum=-49.7901704444838; nonzero translations=23; new Haar misses=0; reused hits=117,163; total=21.0s
[PASS] v10a.23 N is Hermitian
[PASS] v10a.23 J is Hermitian
[PASS] v10a.23 D is Hermitian :: 4.551914400963142e-15
[PASS] v10a.23 folded axial H4 is Hermitian :: 2.7755575615628914e-17

[13] FOLDED AXIAL BLOCH/HODGE SHAPE — STILL BLIND
  rest_direct            = -11.9485781794007
  A                      = +0.104166666666722
  B                      = +1.63569247491971e-15
  C_direct               = -0.0202133288861666
  D                      = +2.01583808996259e-13
  alpha                  = +0.416666666666889
  fifth_residual_max     = +2.41584530158434e-13
  hermiticity_error      = +1.69399813187282e-16
  gamma_spread           = +2.16715534406831e-13
[PASS] v10a.23 folded axial Gamma block is cubic/scalar :: 2.1671553440683056e-13
[PASS] v10a.23 folded axial real-space kernel is Hermitian :: 1.6939981318728203e-16
[PASS] v10a.23 protected A3^shp=5/48 :: 0.10416666666672217
[PASS] v10a.23 protected B3^shp=0 :: 1.635692474919711e-15
[PASS] v10a.23 protected D3^shp=0 :: 2.0158380899625939e-13
[PASS] v10a.23 protected alpha3=5/12 :: 0.4166666666668887
[PASS] v10a.23 folded full-shape residual closes :: 2.4158453015843406e-13
  Gamma moment audit:
    D = -49.79017044448387  C = 0.0  N = 4.093385556837106  J = -1.9217690672642245
    scalar folded formula = -11.948578179400714
    matrix H4 Gamma       = -11.948578179400696
[PASS] v10a.23 matrix fold reduces to scalar Feshbach formula at Gamma :: 1.7763568394002505e-14
  blind folded axial nonzero anchored records = 189
[DUMP] kernel leg complete in 12.3 min
[DUMP] 189 records -> /tmp/claude-0/-home-user-WORKHOUSE/4008a2ff-6520-54ec-a4cd-725bd930553c/scratchpad/g3_kernel_records.json
[DUMP] shape: A=np.float64(0.10416666666672217) C_direct=np.float64(-0.020213328886166577)
