tier,category,year,title,authors,publication_status,journal_reference,doi,arxiv_id,arxiv_version,primary_arxiv_category,citation_count,citation_count_without_self_citations,citation_source,citation_as_of,inspire_recid,workhouse_connection,landing_url,pdf_url,local_file,downloaded,pages,sha256,published,updated,abstract
core,hamiltonian_quantum,2025,Improved Honeycomb and Hyperhoneycomb Lattice Hamiltonians for Quantum Simulations of Non-Abelian Gauge Theories,Marc Illa; Martin J. Savage; Xiaojun Yao,journal/proceedings record,"Phys.Rev.D 111 (2025) 11, 114520",10.1103/3rwf-f844,2503.09688,2503.09688v2,hep-lat,22,11,INSPIRE,2026-08-21,2899792,improved non-Abelian Hamiltonian lattices,https://arxiv.org/abs/2503.09688v2,https://arxiv.org/pdf/2503.09688v2,papers/core_cited_and_canonical/07_hamiltonian_and_gauge_invariant_formulations/2025_Illa_2503.09688.pdf,True,12,df674b88783bf478316bcea9397e4d98d30a45bc19438c3b5f62d580887f2c4d,2025-03-12,2025-06-26,"Improved Kogut-Susskind Hamiltonians for quantum simulations of non-Abelian Yang-Mills gauge theories are developed for honeycomb (2+1D) and hyperhoneycomb (3+1D) spatial tessellations. This is motivated by the desire to identify lattices for quantum simulations that involve only 3-link vertices among the gauge field group spaces in order to reduce the complexity in applications of the plaquette operator. For the honeycomb lattice, we derive a classically ${\cal O}(b^2)$-improved Hamiltonian, with $b$ being the lattice spacing. Tadpole improvement via the mean-field value of the plaquette operator is used to provide the corresponding quantum improvements. We have identified the (non-chiral) hyperhoneycomb as a candidate spatial tessellation for 3+1D quantum simulations of gauge theories, and determined the associated ${\cal O}(b)$-improved Hamiltonian."
core,rigorous_lgt,2024,Bootstrap for Finite N Lattice Yang-Mills Theory,Vladimir Kazakov; Zechuan Zheng,journal/proceedings record,JHEP 03 (2025) 099,10.1007/JHEP03(2025)099,2404.16925,2404.16925v4,hep-th,31,27,INSPIRE,2026-08-21,2781247,finite-N lattice Yang-Mills bootstrap,https://arxiv.org/abs/2404.16925v4,https://arxiv.org/pdf/2404.16925v4,papers/core_cited_and_canonical/04_rigorous_lattice_yang_mills/2024_Kazakov_2404.16925.pdf,True,43,392052f409cfa442ef0c4b0ae8c1a9b426ef7c2afd811c4734ded71081b11678,2024-04-25,2024-12-04,"We introduce a comprehensive framework for analyzing finite $N$ lattice Yang-Mills theory and finite $N$ matrix models. Utilizing this framework, we examine the bootstrap approach to SU(2) Lattice Yang-Mills Theory in 2,3 and 4 dimensions. The SU(2) Makeenko-Migdal loop equations on the lattice are linear and closed exclusively on single-trace Wilson loops. This inherent linearity significantly enhances the efficiency of the bootstrap approach due to the convex nature of the problem, permitting the inclusion of Wilson loops up to length 24. The exact upper and lower margins for the free energy per plaquette, derived from our bootstrap method, demonstrate good agreement with Monte Carlo data, achieving precision within $0.1\%$ for the physically relevant range of couplings in both three and four dimensions. Additionally, our bootstrap data provides estimates of the string tension, in qualitative agreement with existing Monte Carlo computations."
core,rigorous_lgt,2022,A new derivation of the finite $N$ master loop equation for lattice Yang-Mills,Hao Shen; Scott A. Smith; Rongchan Zhu,journal/proceedings record,Electron.J.Probab. 29 (2023) 29,10.1214/24-EJP1090,2202.00880,2202.00880v2,math.PR,14,8,INSPIRE,2026-08-21,2024837,"finite-N master loop equation for SU(N), U(N), and SO(N)",https://arxiv.org/abs/2202.00880v2,https://arxiv.org/pdf/2202.00880v2,papers/core_cited_and_canonical/04_rigorous_lattice_yang_mills/2022_Shen_2202.00880.pdf,True,16,28dea65f77872124de5253031f4c01938ebcbfe4d2f6578df41d1036b25a7630,2022-02-02,2024-02-06,"We give a new derivation of the finite $N$ master loop equation for lattice Yang-Mills theory with structure group $SO(N)$, $U(N)$ or $SU(N)$. The $SO(N)$ case was initially proved by Chatterjee in \cite{Cha}, and $SU(N)$ was analyzed in a follow-up work by Jafarov \cite{Jafar}. Our approach is based on the Langevin dynamic, an SDE on the manifold of configurations, and yields a simple proof via Itô's formula."
core,rigorous_lgt,2022,A stochastic analysis approach to lattice Yang--Mills at strong coupling,Hao Shen; Rongchan Zhu; Xiangchan Zhu,journal/proceedings record,Commun.Math.Phys. 400 (2023) 805,10.1007/s00220-022-04609-1,2204.12737,2204.12737v1,math.PR,17,11,INSPIRE,2026-08-21,2072947,strong-coupling mass gap and exponential clustering,https://arxiv.org/abs/2204.12737v1,https://arxiv.org/pdf/2204.12737v1,papers/core_cited_and_canonical/04_rigorous_lattice_yang_mills/2022_Shen_2204.12737.pdf,True,43,21d0cf19e74e13f8468d1f980ba05849a781f28018301ea2b11d7551822597d1,2022-04-27,2022-04-27,"We develop a new stochastic analysis approach to the lattice Yang--Mills model at strong coupling in any dimension $d>1$, with t' Hooft scaling $βN$ for the inverse coupling strength. We study their Langevin dynamics, ergodicity, functional inequalities, large $N$ limits, and mass gap. Assuming $|β| < \frac{N-2}{32(d-1)N}$ for the structure group $SO(N)$, or $|β| < \frac{1}{16(d-1)}$ for $SU(N)$, we prove the following results. The invariant measure for the corresponding Langevin dynamic is unique on the entire lattice, and the dynamic is exponentially ergodic under a Wasserstein distance. The finite volume Yang--Mills measures converge to this unique invariant measure in the infinite volume limit, for which Log-Sobolev and Poincaré inequalities hold. These functional inequalities imply that the suitably rescaled Wilson loops for the infinite volume measure has factorized correlations and converges in probability to deterministic limits in the large $N$ limit, and correlations of a large class of observables decay exponentially, namely the infinite volume measure has a strictly positive mass gap. Our method improves earlier results or simplifies the proofs, and provides some new perspectives to the study of lattice Yang--Mills model."
core,rigorous_lgt,2022,Bootstrap for Lattice Yang-Mills theory,Vladimir Kazakov; Zechuan Zheng,journal/proceedings record,Phys.Rev.D 107 (2023) L051501,10.1103/PhysRevD.107.L051501,2203.11360,2203.11360v6,hep-th,57,51,INSPIRE,2026-08-21,2056834,large-N lattice Yang-Mills bootstrap from loop equations and positivity,https://arxiv.org/abs/2203.11360v6,https://arxiv.org/pdf/2203.11360v6,papers/core_cited_and_canonical/04_rigorous_lattice_yang_mills/2022_Kazakov_2203.11360.pdf,True,10,f9b3e94f40ef2a811f7243e7c25b6a60bb33dc563b9e1e6dc9ac2fc233d8d26f,2022-03-21,2025-01-27,"We study the $SU(\infty)$ lattice Yang-Mills theory at the dimensions $D=2,3,4$ via the numerical bootstrap method. It combines the Makeenko-Migdal loop equations, with a cut-off $L_{\mathrm{max}}$ on the maximal length of loops, and positivity conditions on certain matrices of Wilson loops. Our algorithm is inspired by the pioneering paper of P. Anderson and M. Kruczenski but it is significantly more efficient, as it takes into account the symmetries of the lattice theory and uses the relaxation procedure in line with our previous work on matrix bootstrap. We thus obtain rigorous upper and lower bounds on the plaquette average at various couplings and dimensions. For $D=4$, the lower bound data appear to be close to the MC data in the strong coupling phase and the upper bound data in the weak coupling phase reproduce well the 3-loop perturbation theory. Our results suggest that this bootstrap approach can provide a tangible alternative to the, so far uncontested, Monte Carlo approach."
core,hamiltonian_quantum,2022,Loop-string-hadron formulation of an SU(3) gauge theory with dynamical quarks,Saurabh V. Kadam; Indrakshi Raychowdhury; Jesse R. Stryker,journal/proceedings record,"Phys. Rev. D 107, 094513 (2023)",10.1103/PhysRevD.107.094513,2212.04490,2212.04490v2,hep-lat,67,55,INSPIRE,2026-08-21,2612878,modern SU(3) gauge-invariant loop-string-hadron formulation,https://arxiv.org/abs/2212.04490v2,https://arxiv.org/pdf/2212.04490v2,papers/core_cited_and_canonical/07_hamiltonian_and_gauge_invariant_formulations/2022_Kadam_2212.04490.pdf,True,37,aa8e8e08147e8e5899e2c09926524d89ceaadeb481936e14dcfd563122756724,2022-12-08,2023-02-09,"Towards the goal of quantum computing for lattice quantum chromodynamics, we present a loop-string-hadron (LSH) framework in 1+1 dimensions for describing the dynamics of SU(3) gauge fields coupled to staggered fermions. This novel framework was previously developed for an SU(2) lattice gauge theory in $d\leq3$ spatial dimensions and its advantages for classical and quantum algorithms have thus far been demonstrated in $d=1$. The LSH approach uses gauge invariant degrees of freedoms such as loop segments, string ends, and on-site hadrons, it is free of all nonabelian gauge redundancy, and it is described by a Hamiltonian containing only local interactions. In this work, the SU(3) LSH framework is systematically derived from the reformulation of Hamiltonian lattice gauge theory in terms of irreducible Schwinger bosons, including the addition of staggered quarks. Furthermore, the superselection rules governing the LSH dynamics are identified directly from the form of the Hamiltonian. The SU(3) LSH Hamiltonian with open boundary conditions has been numerically confirmed to agree with the completely gauge-fixed Hamiltonian, which contains long-range interactions and does not generalize to either periodic boundary conditions or to $d>1$."
core,hamiltonian_quantum,2022,Quantum Simulation for High Energy Physics,Christian W. Bauer; Zohreh Davoudi; A. Baha Balantekin; Tanmoy Bhattacharya; Marcela Carena; Wibe A. de Jong; Patrick Draper; Aida El-Khadra; Nate Gemelke; Masanori Hanada; Dmitri Kharzeev; Henry Lamm; Ying-Ying Li; Junyu Liu; Mikhail Lukin; Yannick Meurice; Christopher Monroe; Benjamin Nachman; Guido Pagano; John Preskill; Enrico Rinaldi; Alessandro Roggero; David I. Santiago; Martin J. Savage; Irfan Siddiqi; George Siopsis; David Van Zanten; Nathan Wiebe; Yukari Yamauchi; Kübra Yeter-Aydeniz; Silvia Zorzetti,journal/proceedings record,"PRX Quantum 4, 027001, 2023",10.1103/PRXQuantum.4.027001,2204.03381,2204.03381v1,quant-ph,549,402,INSPIRE,2026-08-21,2064292,peer-reviewed high-energy quantum-simulation review,https://arxiv.org/abs/2204.03381v1,https://arxiv.org/pdf/2204.03381v1,papers/core_cited_and_canonical/07_hamiltonian_and_gauge_invariant_formulations/2022_Bauer_2204.03381.pdf,True,103,719833e6ac3fcb887dc3d9b29ce7dacc749c1a3f924ec422eee27fbc64233aa0,2022-04-07,2022-04-07,"It is for the first time that Quantum Simulation for High Energy Physics (HEP) is studied in the U.S. decadal particle-physics community planning, and in fact until recently, this was not considered a mainstream topic in the community. This fact speaks of a remarkable rate of growth of this subfield over the past few years, stimulated by the impressive advancements in Quantum Information Sciences (QIS) and associated technologies over the past decade, and the significant investment in this area by the government and private sectors in the U.S. and other countries. High-energy physicists have quickly identified problems of importance to our understanding of nature at the most fundamental level, from tiniest distances to cosmological extents, that are intractable with classical computers but may benefit from quantum advantage. They have initiated, and continue to carry out, a vigorous program in theory, algorithm, and hardware co-design for simulations of relevance to the HEP mission. This community whitepaper is an attempt to bring this exciting and yet challenging area of research to the spotlight, and to elaborate on what the promises, requirements, challenges, and potential solutions are over the next decade and beyond."
core,spectrum,2022,Spectrum of Large N Glueballs: Holography vs Lattice,Anatoly Dymarsky; Dmitry Melnikov,journal/proceedings record,JHEP 11 (2022) 164,10.1007/JHEP11(2022)164,2206.14826,2206.14826v1,hep-lat,4,4,INSPIRE,2026-08-21,2103886,large-N lattice glueball spectrum comparison and synthesis,https://arxiv.org/abs/2206.14826v1,https://arxiv.org/pdf/2206.14826v1,papers/core_cited_and_canonical/01_glueball_spectrum/2022_Dymarsky_2206.14826.pdf,True,18,a8ccd8d25b79bd29768ba42fcfc5e96c92c2f2485009e6091851c174d87a63e7,2022-06-29,2022-06-29,"Recently there has been a notable progress in the study of glueball states in lattice gauge theories, in particular extrapolating their spectrum to the limit of large number of colors $N$. In this note we compare the large $N$ lattice results with the holographic predictions, focusing on the Klebanov-Strassler model. We note that glueball spectrum demonstrates approximate universality across a range of gauge theory models. Because of this universality the holographic models can give reliable predictions for the spectrum of pure $SU(N)$ Yang-Mills theories with and without supersymmetry. This is especially important for the supersymmetric theories, for which no firm lattice predictions exist yet, and the holographic models remain the most tractable approach. For non-supersymmetric pure $SU(N)$ theories with large $N$ we find an agreement within 5-8% between the lattice and holographic predictions for the mass ratios of the lightest states in various sectors. In particular both lattice and holography give predictions for the $2^{++}$ and $1^{--}$ mass ratio, consistent with the known constraints on the pomeron and odderon Regge trajectories."
core,spectrum,2022,Towards glueball masses of large-$N$ $\mathrm{SU}(N)$ pure-gauge theories without topological freezing,Claudio Bonanno; Massimo D'Elia; Biagio Lucini; Davide Vadacchino,journal/proceedings record,Physics Letters B 833 (2022) 137281,10.1016/j.physletb.2022.137281,2205.06190,2205.06190v2,hep-lat,53,14,INSPIRE,2026-08-21,2080518,large-N glueball masses without topological freezing,https://arxiv.org/abs/2205.06190v2,https://arxiv.org/pdf/2205.06190v2,papers/core_cited_and_canonical/01_glueball_spectrum/2022_Bonanno_2205.06190.pdf,True,16,1eea3d114d2c1c7ccf8db2a931d3c8d6727a3a0c22709b6a5e9382572fdb5718,2022-05-12,2022-07-08,"In commonly used Monte Carlo algorithms for lattice gauge theories the integrated autocorrelation time of the topological charge is known to be exponentially-growing as the continuum limit is approached. This $\mathit{topological}\,\,\textit{freezing}$, whose severity increases with the size of the gauge group, can result in potentially large systematics. To provide a direct quantification of the latter, we focus on $\mathrm{SU}(6)$ Yang--Mills theory at a lattice spacing for which conventional methods associated to the decorrelation of the topological charge have an unbearable computational cost. We adopt the recently proposed $\mathit{parallel}\,\,\mathit{tempering}\,\,\mathit{on}\,\,\mathit{boundary}\,\,\mathit{conditions}$ algorithm, which has been shown to remove systematic effects related to topological freezing, and compute glueball masses with a typical accuracy of $2-5\%$. We observe no sizeable systematic effect in the mass of the first lowest-lying glueball states, with respect to calculations performed at nearly-frozen topological sector."
core,rigorous_lgt,2021,A state space for 3D Euclidean Yang-Mills theories,Sky Cao; Sourav Chatterjee,journal/proceedings record,Commun.Math.Phys. 405 (2024) 3,10.1007/s00220-023-04870-y,2111.12813,2111.12813v4,math.PR,13,12,INSPIRE,2026-08-21,1976935,rigorous state space for three-dimensional Euclidean Yang-Mills,https://arxiv.org/abs/2111.12813v4,https://arxiv.org/pdf/2111.12813v4,papers/core_cited_and_canonical/04_rigorous_lattice_yang_mills/2021_Cao_2111.12813.pdf,True,73,cd9752bf40f0b3d2a5d836af74cfbfa066c9d2f454a1a9681b482159f2a7a809,2021-11-24,2023-11-20,"It is believed that Euclidean Yang-Mills theories behave like the massless Gaussian free field (GFF) at short distances. This makes it impossible to define the main observables for these theories - the Wilson loop observables - in dimensions greater than two, because line integrals of the GFF do not exist in such dimensions. Taking forward a proposal of Charalambous and Gross, this article shows that it is possible to define Euclidean Yang-Mills theories on the 3D unit torus as ""random distributional gauge orbits"", provided that they indeed behave like the GFF in a certain sense. One of the main technical tools is the existence of the Yang-Mills heat flow on the 3D torus starting from GFF-like initial data, which is established in a companion paper. A key consequence of this construction is that under the GFF assumption, one can define a notion of ""regularized Wilson loop observables"" for Euclidean Yang-Mills theories on the 3D unit torus."
core,spectrum,2021,"SU(N) gauge theories in 3+1 dimensions: glueball spectrum, string tensions and topology",Andreas Athenodorou; Michael Teper,journal/proceedings record,JHEP 12 (2021) 082,10.1007/JHEP12(2021)082,2106.00364,2106.00364v3,hep-lat,115,108,INSPIRE,2026-08-21,1866413,modern continuum and large-N SU(N) spectrum,https://arxiv.org/abs/2106.00364v3,https://arxiv.org/pdf/2106.00364v3,papers/core_cited_and_canonical/01_glueball_spectrum/2021_Athenodorou_2106.00364.pdf,True,122,db804eb9c28465fd2bf3294ac041558fcfc12f25af2424aa2aba075f3e0e214f,2021-06-01,2021-12-10,"We calculate the low-lying glueball spectrum, some string tensions and some properties of topology and the running coupling for SU(N) lattice gauge theories in 3+1 dimensions. We do so for N = 2,3,...12, using lattice simulations with the Wilson plaquette action, and for glueball states in all the representations of the cubic rotation group, for both values of parity and charge conjugation. We extrapolate these results to the continuum limit of each theory and then to N=infinity. For a number of these states we are able to identify their continuum spins with very little ambiguity. We calculate the fundamental string tension and k=2 string tension and investigate the N dependence of the ratio. Using the string tension as the scale, we calculate the running of a lattice coupling and confirm that g(a)**2 varies as 1/N for constant physics as N->oo. We fit our calculated values of the string tension with the 3-loop beta-function, and extract a value for Lambda-MSbar, in units of the string tension, for all our values of N, including SU(3). We calculate the topological charge Q for N=2,..,6 where it fluctuates sufficiently for a plausible estimate of the continuum topological susceptibility. We also calculate the renormalisation of the lattice topological charge, ZQ(beta), for all our SU(N) gauge theories, using a standard definition of the charge, and we provide interpolating formulae, which may be useful in estimating the renormalisation of the lattice theta parameter. We provide quantitative results for how the topological charge `freezes' with decreasing lattice spacing and with increasing N, and show how we cicumvent this issue in our calculations."
core,effective_hamiltonian,2021,The Feshbach-Schur map and perturbation theory,Geneviève Dusson; Israel Sigal; Benjamin Stamm,preprint or unlinked proceedings,,,2105.02058,2105.02058v1,math-ph,2,,OpenAlex,2026-08-21,,explicit Feshbach-Schur perturbation estimates,https://arxiv.org/abs/2105.02058v1,https://arxiv.org/pdf/2105.02058v1,papers/core_cited_and_canonical/06_effective_hamiltonians/2021_Dusson_2105.02058.pdf,True,25,ed9cfc6375fee29e14c8d39c67032c38e80d41b46fbe8fb050c68381e1f16c85,2021-05-05,2021-05-05,"This paper deals with perturbation theory for discrete spectra of linear operators. To simplify exposition we consider here self-adjoint operators. This theory is based on the Feshbach-Schur map and it has advantages with respect to the standard perturbation theory in three aspects: (a) it readily produces rigorous estimates on eigenvalues and eigenfunctions with explicit constants; (b) it is compact and elementary (it uses properties of norms and the fundamental theorem of algebra about solutions of polynomial equations); and (c) it is based on a self-contained formulation of a fixed point problem for the eigenvalues and eigenfunctions, allowing for easy iterations. We apply our abstract results to obtain rigorous bounds on the ground states of Helium-type ions."
core,weingarten,2021,The Weingarten Calculus,Benoit Collins; Sho Matsumoto; Jonathan Novak,journal/proceedings record,"NOTICES OF THE AMERICAN MATHEMATICAL SOCIETY (2022) 69, no. 5",10.1090/noti2474,2109.14890,2109.14890v1,math-ph,74,73,INSPIRE,2026-08-21,1936115,modern Weingarten-calculus review with lattice-gauge application,https://arxiv.org/abs/2109.14890v1,https://arxiv.org/pdf/2109.14890v1,papers/core_cited_and_canonical/05_haar_and_weingarten/2021_Collins_2109.14890.pdf,True,15,fb0c444738acc79e7b0e12ad00914781feb445f05ee5d94c35c19826adb868c1,2021-09-30,2021-09-30,This is a short introduction to Weingarten Calculus. Weingarten Calculus is a method to compute the joint moments of matrix variables distributed according to the Haar measure of compact groups.
core,weingarten,2021,Weingarten Calculus,Georg Köstenberger,preprint or unlinked proceedings,,,2101.00921,2101.00921v2,math.PR,,,OpenAlex,2026-08-21,,comprehensive Weingarten-calculus survey,https://arxiv.org/abs/2101.00921v2,https://arxiv.org/pdf/2101.00921v2,papers/core_cited_and_canonical/05_haar_and_weingarten/2021_Kostenberger_2101.00921.pdf,True,53,075726f717f5fb08453de1cd3e9b40b0e91b1b455ec103b9e523cb2f8daa74cc,2021-01-04,2021-02-26,"We consider the problem of computing the integral $$ \int_{\mathcal{U}(d)} u_{i_1j_1}\cdots u_{i_nj_n} \bar{u}_{i'_1j'_1} \cdots \bar{u}_{i'_{n'}j'_{n'}} dU, $$ where the integration takes place with respect to the probability Haar measure on the unitary group $\mathcal{U}(d)$, and the $u_{ij}$ denotes the $ij$-th entry of a unitary matrix $U$. We present a unified approach connecting classical results, the explicit formula for the integral given by B. Collins and P. Sniady and subsequent works of various authors providing different points of view. Finally we are able to provide an explicit formula for the $2n$-th moment of the trace of a unitary Haar random matrix, generalizing a result of P. Diaconis."
core,rigorous_lgt,2020,A probabilistic mechanism for quark confinement,Sourav Chatterjee,journal/proceedings record,Commun.Math.Phys. 385 (2021) 1007,10.1007/s00220-021-04086-y,2006.16229,2006.16229v5,math.PR,24,24,INSPIRE,2026-08-21,1803556,probabilistic confinement mechanism,https://arxiv.org/abs/2006.16229v5,https://arxiv.org/pdf/2006.16229v5,papers/core_cited_and_canonical/04_rigorous_lattice_yang_mills/2020_Chatterjee_2006.16229.pdf,True,35,34c1e44bf9ca8374103e87a7870557fcc16b7a40e112b90cc9a1e08073d60e4b,2020-06-29,2021-03-26,"The confinement of quarks is one of the enduring mysteries of modern physics. There is a longstanding physics heuristic that confinement is a consequence of `unbroken center symmetry'. This article gives mathematical confirmation of this heuristic, by rigorously defining of center symmetry in lattice gauge theories and proving that a theory is confining when center symmetry is unbroken. Furthermore, a sufficient condition for unbroken center symmetry is given: It is shown that if the center of the gauge group is nontrivial, and correlations decay exponentially under arbitrary boundary conditions, then center symmetry does not break."
core,spectrum,2020,Color dependence of tensor and scalar glueball masses in Yang-Mills theories,Ed Bennett; Jack Holligan; Deog Ki Hong; Jong-Wan Lee; C. -J. David Lin; Biagio Lucini; Maurizio Piai; Davide Vadacchino,journal/proceedings record,"Phys. Rev. D 102, 011501 (2020)",10.1103/PhysRevD.102.011501,2004.11063,2004.11063v2,hep-lat,54,22,INSPIRE,2026-08-21,1792387,color dependence of scalar and tensor glueballs,https://arxiv.org/abs/2004.11063v2,https://arxiv.org/pdf/2004.11063v2,papers/core_cited_and_canonical/01_glueball_spectrum/2020_Bennett_2004.11063.pdf,True,6,da996793fa61a933c462790daa697e4343c094d6d104342c3f0a7b9f68ca9bba,2020-04-23,2020-07-16,"We report the masses of the lightest spin-0 and spin-2 glueballs obtained in an extensive lattice study of the continuum and infinite volume limits of $Sp(N_c)$ gauge theories for $N_c=2,4,6,8$. We also extrapolate the combined results towards the large-$N_c$ limit. We compute the ratio of scalar and tensor masses, and observe evidence that this ratio is independent of $N_{c}$. Other lattice studies of Yang-Mills theories at the same space-time dimension provide a compatible ratio. We further compare these results to various analytical ones and discuss them in view of symmetry-based arguments related to the breaking of scale invariance in the underlying dynamics, showing that a constant ratio might emerge in a scenario in which the $0^{++}$ glueball is interpreted as a dilaton state."
core,spectrum,2020,Glueballs and Strings in $Sp(2N)$ Yang-Mills theories,Ed Bennett; Jack Holligan; Deog Ki Hong; Jong-Wan Lee; C. -J. David Lin; Biagio Lucini; Maurizio Piai; Davide Vadacchino,journal/proceedings record,"Phys. Rev. D 103, 054509 (2021)",10.1103/PhysRevD.103.054509,2010.15781,2010.15781v3,hep-lat,54,18,INSPIRE,2026-08-21,1826768,comparative Sp(2N) continuum glueball and string spectrum,https://arxiv.org/abs/2010.15781v3,https://arxiv.org/pdf/2010.15781v3,papers/core_cited_and_canonical/01_glueball_spectrum/2020_Bennett_2010.15781.pdf,True,42,1b19f89bf0ab083ec09b72c80974cb02e8a26455becb996ebf38158e26237abb,2020-10-29,2021-03-23,"Motivated in part by the pseudo-Nambu Goldstone Boson mechanism of electroweak symmetry breaking in Composite Higgs Models, in part by dark matter scenarios with strongly coupled origin, as well as by general theoretical considerations related to the large-N extrapolation, we perform lattice studies of the Yang-Mills theories with $Sp(2N)$ gauge groups. We measure the string tension and the mass spectrum of glueballs, extracted from appropriate 2-point correlation functions of operators organised as irreducible representations of the octahedral symmetry group. We perform the continuum extrapolation and study the magnitude of finite-size effects, showing that they are negligible in our calculation. We present new numerical results for $N=1$, $2$, $3$, $4$, combine them with data previously obtained for $N=2$, and extrapolate towards $N\rightarrow \infty$. We confirm explicitly the expectation that, as already known for $N=1,2$ also for $N=3,4$ a confining potential rising linearly with the distance binds a static quark to its antiquark. We compare our results to the existing literature on other gauge groups, with particular attention devoted to the large-$N$ limit. We find agreement with the known values of the mass of the $0^{++}$, $0^{++*}$ and $2^{++}$ glueballs obtained taking the large-$N$ limit in the $SU(N)$ groups. In addition, we determine for the first time the mass of some heavier glueball states at finite $N$ in $Sp(2N)$ and extrapolate the results towards $N \rightarrow +\infty$ taking the limit in the latter groups. Since the large-$N$ limit of $Sp(2N)$ is the same as in $SU(N)$, our results are relevant also for the study of QCD-like theories."
core,spectrum,2020,The glueball spectrum of SU(3) gauge theory in 3+1 dimension,Andreas Athenodorou; Michael Teper,journal/proceedings record,JHEP 11 (2020) 172,10.1007/JHEP11(2020)172,2007.06422,2007.06422v2,hep-lat,184,175,INSPIRE,2026-08-21,1806671,modern continuum SU(3) spectrum in 3+1 dimensions,https://arxiv.org/abs/2007.06422v2,https://arxiv.org/pdf/2007.06422v2,papers/core_cited_and_canonical/01_glueball_spectrum/2020_Athenodorou_2007.06422.pdf,True,75,f0eb6406bf49a00d376c0be25917173426c826050046a1bf0f32987895de23d0,2020-07-13,2020-10-20,"We calculate the low-lying glueball spectrum of the SU(3) lattice gauge theory in 3+1 dimensions for the range of beta up to beta=6.50 using the standard plaquette action. We do so for states in all the representations R of the cubic rotation group, and for both values of parity P and charge conjugation C. We extrapolate these results to the continuum limit of the theory using the confining string tension as our energy scale. We also present our results in units of the r0 scale and, from that, in terms of physical `GeV' units. For a number of these states we are able to identify their continuum spins J with very little ambiguity. We also calculate the topological charge Q of the lattice gauge fields so as to show that we have sufficient ergodicity throughout our range of beta, and we calculate the multiplicative renormalisation of Q as a function of beta. We also obtain the continuum limit of the SU(3) topological susceptibility."
core,flat_bands,2019,"Line-Graph Lattices: Euclidean and Non-Euclidean Flat Bands, and Implementations in Circuit Quantum Electrodynamics",Alicia J. Kollár; Mattias Fitzpatrick; Peter Sarnak; Andrew A. Houck,journal/proceedings record,,10.1007/s00220-019-03645-8,1902.02794,1902.02794v2,quant-ph,50,44,INSPIRE,2026-08-21,3051060,line-graph lattices and homological flat bands,https://arxiv.org/abs/1902.02794v2,https://arxiv.org/pdf/1902.02794v2,papers/core_cited_and_canonical/09_flat_bands_and_homological_topology/2019_Kollar_1902.02794.pdf,True,40,b9e4efabbac9e3e35c7e20214056a9df5eb5623bb220c10cfc553c2897afbf64,2019-02-07,2019-03-08,"Materials science and the study of the electronic properties of solids are a major field of interest in both physics and engineering. The starting point for all such calculations is single-electron, or non-interacting, band structure calculations, and in the limit of strong on-site confinement this can be reduced to graph-like tight-binding models. In this context, both mathematicians and physicists have developed largely independent methods for solving these models. In this paper we will combine and present results from both fields. In particular, we will discuss a class of lattices which can be realized as line graphs of other lattices, both in Euclidean and hyperbolic space. These lattices display highly unusual features including flat bands and localized eigenstates of compact support. We will use the methods of both fields to show how these properties arise and systems for classifying the phenomenology of these lattices, as well as criteria for maximizing the gaps. Furthermore, we will present a particular hardware implementation using superconducting coplanar waveguide resonators that can realize a wide variety of these lattices in both non-interacting and interacting form."
core,flat_bands,2018,Artificial flat band systems: from lattice models to experiments,Daniel Leykam; Alexei Andreanov; Sergej Flach,journal/proceedings record,"Adv. Phys.: X 3, 1473052 (2018)",10.1080/23746149.2018.1473052,1801.09378,1801.09378v3,cond-mat.mes-hall,161,150,INSPIRE,2026-08-21,3042174,highly cited flat-band systems review,https://arxiv.org/abs/1801.09378v3,https://arxiv.org/pdf/1801.09378v3,papers/core_cited_and_canonical/09_flat_bands_and_homological_topology/2018_Leykam_1801.09378.pdf,True,14,c761cc073050c5dd5d4c28478db3f256d92716bcf6c3571e9f074e1e453a17a9,2018-01-29,2018-05-08,"Certain lattice wave systems in translationally invariant settings have one or more spectral bands that are strictly flat or independent of momentum in the tight binding approximation, arising from either internal symmetries or fine-tuned coupling. These flat bands display remarkable strongly-interacting phases of matter. Originally considered as a theoretical convenience useful for obtaining exact analytical solutions of ferromagnetism, flat bands have now been observed in a variety of settings, ranging from electronic systems to ultracold atomic gases and photonic devices. Here we review the design and implementation of flat bands and chart future directions of this exciting field."
core,flat_bands,2018,Classification of flat bands according to the band-crossing singularity of Bloch wave functions,Jun-Won Rhim; Bohm-Jung Yang,journal/proceedings record,"Phys. Rev. B 99, 045107 (2019)",10.1103/PhysRevB.99.045107,1808.05926,1808.05926v2,cond-mat.str-el,208,,OpenAlex,2026-08-21,,classification of singular and nonsingular flat bands,https://arxiv.org/abs/1808.05926v2,https://arxiv.org/pdf/1808.05926v2,papers/core_cited_and_canonical/09_flat_bands_and_homological_topology/2018_Rhim_1808.05926.pdf,True,23,763b3574567960742599349237fc594bb1bd439c2698ed26d929343ff4ec1814,2018-08-17,2019-01-03,"We show that flat bands can be categorized into two distinct classes, that is, singular and nonsingular flat bands, by exploiting the singular behavior of their Bloch wave functions in momentum space. In the case of a singular flat band, its Bloch wave function possesses immovable discontinuities generated by the band-crossing with other bands, and thus the vector bundle associated with the flat band cannot be defined. This singularity precludes the compact localized states from forming a complete set spanning the flat band. Once the degeneracy at the band crossing point is lifted, the singular flat band becomes dispersive and can acquire a finite Chern number in general, suggesting a new route for obtaining a nearly flat Chern band. On the other hand, the Bloch wave function of a nonsingular flat band has no singularity, and thus forms a vector bundle. A nonsingular flat band can be completely isolated from other bands while preserving the perfect flatness. All one-dimensional flat bands belong to the nonsingular class. We show that a singular flat band displays a novel bulk-boundary correspondence such that the presence of the robust boundary mode is guaranteed by the singularity of the Bloch wave function. Moreover, we develop a general scheme to construct a flat band model Hamiltonian in which one can freely design its singular or nonsingular nature. Finally, we propose a general formula for the compact localized state spanning the flat band, which can be easily implemented in numerics and offer a basis set useful in analyzing correlation effects in flat bands."
core,weingarten,2018,SU(N) polynomial integrals and some applications,O. Borisenko; S. Voloshyn; V. Chelnokov,journal/proceedings record,"Rep.Math.Phys. 85, 129 (2020)",10.1016/S0034-4877(20)30015-X,1812.06069,1812.06069v1,hep-lat,18,10,INSPIRE,2026-08-21,1709153,explicit SU(N) polynomial integrals for lattice-gauge applications,https://arxiv.org/abs/1812.06069v1,https://arxiv.org/pdf/1812.06069v1,papers/core_cited_and_canonical/05_haar_and_weingarten/2018_Borisenko_1812.06069.pdf,True,19,936fede92bf2fd8f1c811c3566c6f2227e54ff42e7762a7a309a913b255f5503,2018-12-14,2018-12-14,We use the method of the Weingarten functions to evaluate SU(N) integrals of the polynomial type. As an application we calculate various one-link integrals for lattice gauge and spin SU(N) theories.
core,rigorous_lgt,2018,Yang-Mills for probabilists,Sourav Chatterjee,preprint or unlinked proceedings,,,1803.01950,1803.01950v1,math.PR,12,12,INSPIRE,2026-08-21,1658853,rigorous/probabilistic lattice Yang-Mills review,https://arxiv.org/abs/1803.01950v1,https://arxiv.org/pdf/1803.01950v1,papers/core_cited_and_canonical/04_rigorous_lattice_yang_mills/2018_Chatterjee_1803.01950.pdf,True,17,24d05c34508e8564b4de5547522716c014ef1ce1c5a00690205a57facb61ff3e,2018-03-05,2018-03-05,"The rigorous construction of quantum Yang-Mills theories, especially in dimension four, is one of the central open problems of mathematical physics. Construction of Euclidean Yang-Mills theories is the first step towards this goal. This article presents a formulation of some of the core aspects this problem as problems in probability theory. The presentation begins with an introduction to the basic setup of Euclidean Yang-Mills theories and lattice gauge theories. This is followed by a discussion of what is meant by a continuum limit of lattice gauge theories from the point of view of theoretical physicists. Some of the main issues are then posed as problems in probability. The article ends with a brief review of the mathematical literature."
core,weingarten,2017,Weingarten calculus via orthogonality relations: new applications,Benoît Collins; Sho Matsumoto,journal/proceedings record,"ALEA, Lat. Am. J. Probab. Math. Stat. 14 (2017), no. 1, 631-656",,1701.04493,1701.04493v2,math.CO,29,,OpenAlex,2026-08-21,,orthogonality-recursion method,https://arxiv.org/abs/1701.04493v2,https://arxiv.org/pdf/1701.04493v2,papers/core_cited_and_canonical/05_haar_and_weingarten/2017_Collins_1701.04493.pdf,True,30,42becfc0db3534ade549855727aa759fe8531b95c49d99851a56f53515f2d172,2017-01-17,2017-06-21,"Weingarten calculus is a completely general and explicit method to compute the moments of the Haar measure on compact subgroups of matrix algebras. Particular cases of this calculus were initiated by theoretical physicists -- including Weingarten, after whom this calculus was coined by the first author, after investigating it systematically. Substantial progress was achieved subsequently by the second author and coworkers, based on representation theoretic and combinatorial techniques. All formulas of `Weingarten calculus' are in the spirit of Weingarten's seminal paper [W78]. However, modern proofs are very different from Weingarten's initial ideas. In this paper, we revisit Weingarten's initial proof and we illustrate its power by uncovering two new important applications: (i) a uniform bound on the Weingarten function, that subsumes existing uniform bounds, and is optimal up to a polynomial factor, and (ii) an extension of Weingarten calculus to symmetric spaces and conceptual proofs of identities established by the second author."
core,flux_strings,2016,Effective string description of confining flux tubes,Bastian B. Brandt; Marco Meineri,journal/proceedings record,Int.J.Mod.Phys.A 31 (2016) 1643001,10.1142/S0217751X16430016,1603.06969,1603.06969v1,hep-th,65,61,INSPIRE,2026-08-21,1432703,modern QCD flux-tube worldsheet theory,https://arxiv.org/abs/1603.06969v1,https://arxiv.org/pdf/1603.06969v1,papers/core_cited_and_canonical/02_flux_tubes_and_effective_strings/2016_Brandt_1603.06969.pdf,True,21,eb07d6397bc19cb25f7a067b65531c9f9753811d95fdb50686bf98d919ef9461,2016-03-22,2016-03-22,"We review the current knowledge about the theoretical foundations of the effective string theory for confining flux tubes and the comparison of the predictions to pure gauge lattice data. A concise presentation of the effective string theory is provided, incorporating recent developments. We summarize the predictions for the spectrum and the profile/width of the flux tube and their comparison to lattice data. The review closes with a short summary of open questions for future research."
core,spectrum,2016,SU(N) gauge theories in 2+1 dimensions: glueball spectra and k-string tensions,Andreas Athenodorou; Michael Teper,journal/proceedings record,JHEP 02 (2017) 015,10.1007/JHEP02(2017)015,1609.03873,1609.03873v1,hep-lat,62,56,INSPIRE,2026-08-21,1486397,continuum SU(N) spectrum in 2+1 dimensions,https://arxiv.org/abs/1609.03873v1,https://arxiv.org/pdf/1609.03873v1,papers/core_cited_and_canonical/01_glueball_spectrum/2016_Athenodorou_1609.03873.pdf,True,52,691985e1269ea890db26e396d4df6e7c3f3efdfd8f1cddf37aeaab65dbb450c5,2016-09-13,2016-09-13,"We calculate the low-lying glueball spectrum and various string tensions in SU(N) lattice gauge theories in 2+1 dimensions, and extrapolate the results to the continuum limit. We do so for for the range N=2 to N=16 so as to control the N-dependence with a useful precision. We observe a number of striking near-degeneracies in the various J^PC sectors of the glueball spectrum, in particular between C=+ and C=- states. We calculate the string tensions of flux tubes in a number of representations, and provide evidence that the leading correction to the N-dependence of the k-string tensions varies as 1/N rather than 1/N^2, and that the dominant binding of k fundamental flux tubes into a k-string is via pairwise interactions. We comment on the possible implications of our results for the dynamics of these gauge theories."
core,rigorous_lgt,2016,Wilson loop expectations in $SU(N)$ lattice gauge theory,Jafar Jafarov,preprint or unlinked proceedings,,,1610.03821,1610.03821v1,math.PR,26,26,INSPIRE,2026-08-21,1491385,Wilson-loop expectations in SU(N) lattice gauge theory,https://arxiv.org/abs/1610.03821v1,https://arxiv.org/pdf/1610.03821v1,papers/core_cited_and_canonical/04_rigorous_lattice_yang_mills/2016_Jafarov_1610.03821.pdf,True,77,422e12ccf4620319dc8256d751363591cb103fcec244f454a05f7c62618df6d5,2016-10-12,2016-10-12,"This article gives a rigorous formulation and proof of the $1/N$ expansion for Wilson loop expectations in strongly coupled $SU(N)$ lattice gauge theory in any dimension. The coefficients of the expansion are represented as absolutely convergent sums over trajectories in a string theory on the lattice, establishing a kind of gauge-string duality. Moreover, it is shown that in large $N$ limit, calculations in $SU(N)$ lattice gauge theory with coupling strength $2β$ corresponds to those in $SO(N)$ lattice gauge theory with coupling strength $β$ when $|β|$ is sufficiently small."
core,flat_bands,2015,Strongly correlated flat-band systems: The route from Heisenberg spins to Hubbard electrons,Oleg Derzhko; Johannes Richter; Mykola Maksymenko,journal/proceedings record,"Int. J. Mod. Phys. B 29, 1530007 (2015) [72 pages]",10.1142/S0217979215300078,1502.02729,1502.02729v2,cond-mat.str-el,240,,OpenAlex,2026-08-21,,strongly correlated flat-band review,https://arxiv.org/abs/1502.02729v2,https://arxiv.org/pdf/1502.02729v2,papers/core_cited_and_canonical/09_flat_bands_and_homological_topology/2015_Derzhko_1502.02729.pdf,True,72,5eb5f88f6354c5cce284bbc025d2e9985fdfdf84e873e60df803ee9b0afa05d4,2015-02-09,2015-04-13,"In this review we recapitulate the basic features of the flat-band spin systems and briefly summarize earlier studies in the field. Main emphasis is made on recent developments which include results for both spin and electron flat-band models. In particular, for flat-band spin systems we highlight field-driven phase transitions for frustrated quantum Heisenberg antiferromagnets at low temperatures, chiral flat-band states, as well as the effect of a slight dispersion of a previously strictly flat band due to nonideal lattice geometry. For electronic systems, we discuss the universal low-temperature behavior of several flat-band Hubbard models, the emergence of ground-state ferromagnetism in the square-lattice Tasaki-Hubbard model and the related Pauli-correlated percolation problem, as well as the dispersion-driven ground-state ferromagnetism in flat-band Hubbard systems. Closely related studies and possible experimental realizations of the flat-band physics are also described briefly."
core,flux_strings,2013,Evidence for a new particle on the worldsheet of the QCD flux tube,Sergei Dubovsky; Raphael Flauger; Victor Gorbenko,journal/proceedings record,Phys.Rev.Lett. 111 (2013) 062006,10.1103/PhysRevLett.111.062006,1301.2325,1301.2325v3,hep-th,96,73,INSPIRE,2026-08-21,1210441,worldsheet dynamics of confining strings,https://arxiv.org/abs/1301.2325v3,https://arxiv.org/pdf/1301.2325v3,papers/core_cited_and_canonical/02_flux_tubes_and_effective_strings/2013_Dubovsky_1301.2325.pdf,True,6,7c7c04eff75c022b7822ec09cc563e038d7b3c847c623da0d3b425266607e846,2013-01-10,2013-11-14,"We propose a new approach for the calculation of the spectrum of excitations of QCD flux tubes. It relies on the fact that the worldsheet theory is integrable at low energies. With this approach, energy levels can be calculated for much shorter flux tubes than was previously possible, allowing for a quantitative comparison with existing lattice data. The improved theoretical control makes it manifest that existing lattice data provides strong evidence for a new pseudoscalar particle localized on the QCD fluxtube - the worldsheet axion."
core,flux_strings,2013,The Effective Theory of Long Strings,Ofer Aharony; Zohar Komargodski,journal/proceedings record,JHEP 05 (2013) 118,10.1007/JHEP05(2013)118,1302.6257,1302.6257v2,hep-th,192,187,INSPIRE,2026-08-21,1221254,effective theory of long strings,https://arxiv.org/abs/1302.6257v2,https://arxiv.org/pdf/1302.6257v2,papers/core_cited_and_canonical/02_flux_tubes_and_effective_strings/2013_Aharony_1302.6257.pdf,True,33,8e129af1b73ea04ce1ad7caf6ffdca51bb588c30b5e1ac8b6316b93a627ed851,2013-02-25,2013-03-12,"We present the low-energy effective theory on long strings in quantum field theory, including a streamlined review of previous literature on the subject. Such long strings can appear in the form of solitonic strings, as in the 4d Abelian Higgs model, or in the form of confining strings, as in Yang-Mills theories. The bottom line is that upon expanding in powers of 1/L the energy levels of long (closed) strings (where L is the length of the string), all the terms up to (and including) order 1/L^5 are universal. We argue that for excited strings in D>3 space-time dimensions there is a universal deviation at order 1/L^5 from the naive formula that is usually used to fit lattice results. For D=3 this naive formula is valid even at order 1/L^5. At order 1/L^7 non-universal terms generically appear in all cases. We explain the physical origin of these results, and illuminate them in three different formulations of the effective action of long strings (the relationships among which we partly clarify). In addition, we corroborate these results by an explicit computation of the effective action on long strings in confining theories which have a gravitational dual. These predictions can be tested by precise simulations of 4d Yang-Mills theory on the lattice."
core,hamiltonian_quantum,2013,Ultracold Quantum Gases and Lattice Systems: Quantum Simulation of Lattice Gauge Theories,U. -J. Wiese,journal/proceedings record,Annalen Phys. 525 (2013) 777,10.1002/andp.201300104,1305.1602,1305.1602v1,quant-ph,418,407,INSPIRE,2026-08-21,1232212,foundational quantum-simulation review for gauge theories,https://arxiv.org/abs/1305.1602v1,https://arxiv.org/pdf/1305.1602v1,papers/core_cited_and_canonical/07_hamiltonian_and_gauge_invariant_formulations/2013_Wiese_1305.1602.pdf,True,27,ebe63e1aafd44d857fe664c301d38d8e2301814c16d029ade82355d7290d6594,2013-05-07,2013-05-07,"Abelian and non-Abelian gauge theories are of central importance in many areas of physics. In condensed matter physics, Abelian U(1) lattice gauge theories arise in the description of certain quantum spin liquids. In quantum information theory, Kitaev's toric code is a Z(2) lattice gauge theory. In particle physics, Quantum Chromodynamics (QCD), the non-Abelian SU(3) gauge theory of the strong interactions between quarks and gluons, is non-perturbatively regularized on a lattice. Quantum link models extend the concept of lattice gauge theories beyond the Wilson formulation, and are well suited for both digital and analog quantum simulation using ultracold atomic gases in optical lattices. Since quantum simulators do not suffer from the notorious sign problem, they open the door to studies of the real-time evolution of strongly coupled quantum systems, which are impossible with classical simulation methods. A plethora of interesting lattice gauge theories suggests itself for quantum simulation, which should allow us to address very challenging problems, ranging from confinement and deconfinement, or chiral symmetry breaking and its restoration at finite baryon density, to color superconductivity and the real-time evolution of heavy-ion collisions, first in simpler model gauge theories and ultimately in QCD."
core,flux_strings,2012,Effective String Theory Revisited,Sergei Dubovsky; Raphael Flauger; Victor Gorbenko,journal/proceedings record,JHEP 1209 (2012) 044,10.1007/JHEP09(2012)044,1203.1054,1203.1054v2,hep-th,172,149,INSPIRE,2026-08-21,1092955,effective string theory and finite-volume spectra,https://arxiv.org/abs/1203.1054v2,https://arxiv.org/pdf/1203.1054v2,papers/core_cited_and_canonical/02_flux_tubes_and_effective_strings/2012_Dubovsky_1203.1054.pdf,True,22,b569394733ab5011523c48d87cef6ebf15cf936dfeb406cf66043cf25c531d65,2012-03-05,2013-02-14,We revisit the effective field theory of long relativistic strings such as confining flux tubes in QCD. We derive the Polchinski-Strominger interaction by a calculation in static gauge. This interaction implies that a non-critical string which initially oscillates in one direction gets excited in orthogonal directions as well. In static gauge no additional term in the effective action is needed to obtain this effect. It results from a one-loop calculation using the Nambu-Goto action. Non-linearly realized Lorentz symmetry is manifest at all stages in dimensional regularization. We also explain that independent of the number of dimensions non-covariant counterterms have to be added to the action in the commonly used zeta-function regularization.
core,flux_strings,2012,SU(N) gauge theories at large N,Biagio Lucini; Marco Panero,journal/proceedings record,Physics Reports 526 (2013) 93-163,10.1016/j.physrep.2013.01.001,1210.4997,1210.4997v2,hep-th,313,267,INSPIRE,2026-08-21,1191457,large-N gauge theories lattice review,https://arxiv.org/abs/1210.4997v2,https://arxiv.org/pdf/1210.4997v2,papers/core_cited_and_canonical/02_flux_tubes_and_effective_strings/2012_Lucini_1210.4997.pdf,True,107,cdcae260121218157ede8213270b1d20d7049f5e1e005401b65a9d1882ee021c,2012-10-18,2013-04-26,"We review the theoretical developments and conceptual advances that stemmed from the generalization of QCD to the limit of a large number of color charges, originally proposed by 't Hooft. Then, after introducing the gauge-invariant non-perturbative formulation of non-Abelian gauge theories on a spacetime lattice, we present a selection of results from recent lattice studies of theories with a different number of colors, and the findings obtained from their extrapolation to the 't Hooft limit. We conclude with a brief discussion and a summary."
core,flux_strings,2011,Closed flux tubes and their string description in D=2+1 SU(N) gauge theories,Andreas Athenodorou; Barak Bringoltz; Michael Teper,journal/proceedings record,"JHEP 1105:042,2011",10.1007/JHEP05(2011)042,1103.5854,1103.5854v1,hep-lat,89,70,INSPIRE,2026-08-21,894494,closed flux tubes in 3+1 dimensions,https://arxiv.org/abs/1103.5854v1,https://arxiv.org/pdf/1103.5854v1,papers/core_cited_and_canonical/02_flux_tubes_and_effective_strings/2011_Athenodorou_1103.5854.pdf,True,71,216e828f696b3ffb24c87bc91a7fa48df9c1540aca2e6240d19381d923ca8347,2011-03-30,2011-03-30,"We carry out lattice calculations of the spectrum of confining flux tubes that wind around a spatial torus of variable length l, in 2+1 dimensions. We compare the energies of the lowest c.30 states to the free string Nambu-Goto model and to recent results on the universal properties of effective string actions. Our most useful calculations are in SU(6) at a small lattice spacing, which we check is very close to the large-N continuum limit. We find that the energies, En(l), are remarkably close to the predictions of the free string Nambu-Goto model, even well below the critical length at which the expansion of the Nambu-Goto energy in powers of 1/l diverges and the series needs to be resummed. Our analysis of the ground state supports the universality of the O(1/l) and the O(1/l^3) corrections to l.sigma, and we find that the deviations from Nambu-Goto at small l prefer a leading correction that is O(1/l^7), consistent with theoretical expectations. We find that the low-lying states that contain a single phonon excitation are also consistent with the leading O(1/l^7) correction dominating down to the smallest values of l. By contrast our analysis of the other light excited states clearly shows that for these states the corrections at smaller l resum to a much smaller effective power. Finally, and in contrast to our recent calculations in D=3+1, we find no evidence for the presence of any non-stringy states that could indicate the excitation of massive flux tube modes."
core,effective_hamiltonian,2011,Schrieffer-Wolff transformation for quantum many-body systems,Sergey Bravyi; David DiVincenzo; Daniel Loss,journal/proceedings record,"Ann. Phys. Vol. 326, No. 10, pp. 2793-2826 (2011)",10.1016/j.aop.2011.06.004,1105.0675,1105.0675v1,quant-ph,589,562,INSPIRE,2026-08-21,2725350,rigorous Schrieffer-Wolff transformation and error bounds,https://arxiv.org/abs/1105.0675v1,https://arxiv.org/pdf/1105.0675v1,papers/core_cited_and_canonical/06_effective_hamiltonians/2011_Bravyi_1105.0675.pdf,True,47,053f147269c1be30615f72555350444fe5b43fc1ecb01471cee57e88e6e5e78c,2011-05-03,2011-05-03,"The Schrieffer-Wolff (SW) method is a version of degenerate perturbation theory in which the low-energy effective Hamiltonian H_{eff} is obtained from the exact Hamiltonian by a unitary transformation decoupling the low-energy and high-energy subspaces. We give a self-contained summary of the SW method with a focus on rigorous results. We begin with an exact definition of the SW transformation in terms of the so-called direct rotation between linear subspaces. From this we obtain elementary proofs of several important properties of H_{eff} such as the linked cluster theorem. We then study the perturbative version of the SW transformation obtained from a Taylor series representation of the direct rotation. Our perturbative approach provides a systematic diagram technique for computing high-order corrections to H_{eff}. We then specialize the SW method to quantum spin lattices with short-range interactions. We establish unitary equivalence between effective low-energy Hamiltonians obtained using two different versions of the SW method studied in the literature. Finally, we derive an upper bound on the precision up to which the ground state energy of the n-th order effective Hamiltonian approximates the exact ground state energy."
core,strong_coupling,2010,Centre symmetric 3d effective actions for thermal SU(N) Yang-Mills from strong coupling series,Jens Langelage; Stefano Lottini; Owe Philipsen,journal/proceedings record,"JHEP 1102:057,2011",10.1007/JHEP02(2011)057,1010.0951,1010.0951v3,hep-lat,78,46,INSPIRE,2026-08-21,871971,strong-coupling effective theory review/application,https://arxiv.org/abs/1010.0951v3,https://arxiv.org/pdf/1010.0951v3,papers/core_cited_and_canonical/08_strong_coupling_and_linked_cluster/2010_Langelage_1010.0951.pdf,True,27,2a270a6ed9c39b3dcb3541c847e20565c32a5a3c0d85a50ace8ea357956653c5,2010-10-05,2011-11-10,"We derive three-dimensional, Z(N)-symmetric effective actions in terms of Polyakov loops by means of strong coupling expansions, starting from thermal SU(N) Yang-Mills theory in four dimensions on the lattice. An earlier action in the literature, corresponding to the (spatial) strong coupling limit, is thus extended by several higher orders, as well as by additional interaction terms. We provide analytic mappings between the couplings of the effective theory and the parameters $N_τ,β$ of the original thermal lattice theory, which can be systematically improved. We then investigate the deconfinement transition for the cases SU(2) and SU(3) by means of Monte Carlo simulations of the effective theory. Our effective models correctly reproduce second order 3d Ising and first order phase transitions, respectively. Furthermore, we calculate the critical couplings $β_c(N_τ)$ and find agreement with results from simulations of the 4d theory at the few percent level for $N_τ=4-16$."
core,flux_strings,2010,Closed flux tubes and their string description in D=3+1 SU(N) gauge theories,Andreas Athenodorou; Barak Bringoltz; Michael Teper,journal/proceedings record,"JHEP 1102:030,2011",10.1007/JHEP02(2011)030,1007.4720,1007.4720v2,hep-lat,118,96,INSPIRE,2026-08-21,863075,closed flux-tube spectrum and string description,https://arxiv.org/abs/1007.4720v2,https://arxiv.org/pdf/1007.4720v2,papers/core_cited_and_canonical/02_flux_tubes_and_effective_strings/2010_Athenodorou_1007.4720.pdf,True,65,4be736697808c635754d634c91cfcddbe1c20bdaa91754418bf502daeec65fd2,2010-07-27,2010-09-28,"We calculate the energy spectrum of a confining flux tube that is closed around a spatial torus, as a function of its length l. We do so for various SU(N) gauge theories in 3+1 dimensions, and for various values of spin, parity and longitudinal momentum. We are able to present usefully accurate results for about 20 of the lightest such states, for a range of l that begins close to the (finite volume) deconfining phase transition, and extends up to l.sqrt(K)~6 (where K is the string tension). We find that most of these low-lying states are well described by the spectrum of the Nambu-Goto free string theory in flat space-time. Remarkably, this is so not only at the larger values of l, where the gap between the ground state energy and the low-lying excitations becomes small compared to the mass gap, but also down to much shorter lengths where these excitation energies become large compared to sqrt(K), the flux-tube no longer `looks' anything like a thin string, and an expansion of the effective string action in powers of 1/l no longer converges. All this is for flux in the fundamental representation. We also calculate the k=2 (anti)symmetric ground states and these show larger corrections at small l. So far all this closely resembles our earlier findings in 2+1 dimensions. However, and in contrast to the situation in D=2+1, we also find that there are some states, with J,P=0,- quantum numbers, that show large deviations from the Nambu-Goto spectrum. We investigate the possibility that (some of) these states may encode the massive modes associated with the internal structure of the flux tube, and we discuss how the precocious free string behaviour of most states constrains the effective string action, on which much interesting theoretical progress has recently been made."
core,spectrum,2010,Glueball masses in the large N limit,Biagio Lucini; Antonio Rago; Enrico Rinaldi,journal/proceedings record,"JHEP 1008:119,2010",10.1007/JHEP08(2010)119,1007.3879,1007.3879v2,hep-lat,131,90,INSPIRE,2026-08-21,862231,large-N glueball masses,https://arxiv.org/abs/1007.3879v2,https://arxiv.org/pdf/1007.3879v2,papers/core_cited_and_canonical/01_glueball_spectrum/2010_Lucini_1007.3879.pdf,True,37,e245f6a1174f79a30687af1fd33f76155db912daee97070875f7597307146eeb,2010-07-22,2011-06-15,"The lowest-lying glueball masses are computed in SU($N$) gauge theory on a spacetime lattice for constant value of the lattice spacing $a$ and for $N$ ranging from 3 to 8. The lattice spacing is fixed using the deconfinement temperature at temporal extension of the lattice $N_T = 6$. The calculation is conducted employing in each channel a variational ansatz performed on a large basis of operators that includes also torelon and (for the lightest states) scattering trial functions. This basis is constructed using an automatic algorithm that allows us to build operators of any size and shape in any irreducible representation of the cubic group. A good signal is extracted for the ground state and the first excitation in several symmetry channels. It is shown that all the observed states are well described by their large $N$ values, with modest ${\cal O}(1/N^2)$ corrections. In addition spurious states are identified that couple to torelon and scattering operators. As a byproduct of our calculation, the critical couplings for the deconfinement phase transition for N=5 and N=7 and temporal extension of the lattice $N_T=6$ are determined."
core,spectral_methods,2010,Properties and uses of the Wilson flow in lattice QCD,Martin Lüscher,journal/proceedings record,"JHEP 1008:071,2010",10.1007/JHEP08(2010)071,1006.4518,1006.4518v3,hep-lat,1294,1281,INSPIRE,2026-08-21,859240,Wilson flow and smoothed gauge observables,https://arxiv.org/abs/1006.4518v3,https://arxiv.org/pdf/1006.4518v3,papers/core_cited_and_canonical/03_spectral_extraction_and_operator_overlap/2010_Luscher_1006.4518.pdf,True,21,63426411712d8b00e7b4cb496cc38bb0ae5fd7ebee641840f45d4026e7f0afa0,2010-06-23,2014-01-27,"Theoretical and numerical studies of the Wilson flow in lattice QCD suggest that the gauge field obtained at flow time t>0 is a smooth renormalized field. The expectation values of local gauge-invariant expressions in this field are thus well-defined physical quantities that probe the theory at length scales on the order of sqrt(t). Moreover, by transforming the QCD functional integral to an integral over the gauge field at a specified flow time, the emergence of the topological (instanton) sectors in the continuum limit becomes transparent and is seen to be caused by a dynamical effect that rapidly separates the sectors when the lattice spacing is reduced from 0.1 fm to smaller values."
core,effective_hamiltonian,2010,Strong-coupling expansion and effective hamiltonians,F. Mila; K. P. Schmidt,journal/proceedings record,"`Introduction to Frustrated Magnetism', Chapter 20, Springer Series in Solid-State Sciences, Vol. 164, eds. C. Lacroix, F. Mila, and P. Mendels (Springer, 2011)",10.1007/978-3-642-10589-0_20,1005.2495,1005.2495v1,cond-mat.str-el,4,,OpenAlex,2026-08-21,,strong-coupling effective-Hamiltonian expansion review,https://arxiv.org/abs/1005.2495v1,https://arxiv.org/pdf/1005.2495v1,papers/core_cited_and_canonical/06_effective_hamiltonians/2010_Mila_1005.2495.pdf,True,24,10d3dd4863dde46a9d7e6309e37f8b402599cd9e084558e35297f4ac42f96ec9,2010-05-14,2010-05-14,"When looking for analytical approaches to treat frustrated quantum magnets, it is often very useful to start from a limit where the ground state is highly degenerate. This chapter discusses several ways of deriving {effective Hamiltonians} around such limits, starting from standard {degenerate perturbation theory} and proceeding to modern approaches more appropriate for the derivation of high-order effective Hamiltonians, such as the perturbative continuous unitary transformations or contractor renormalization. In the course of this exposition, a number of examples taken from the recent literature are discussed, including frustrated ladders and other dimer-based Heisenberg models in a field, as well as the mapping between frustrated Ising models in a transverse field and quantum dimer models."
core,spectral_methods,2009,A novel quark-field creation operator construction for hadronic physics in lattice QCD,Michael Peardon; John Bulava; Justin Foley; Colin Morningstar; Jozef Dudek; Robert G. Edwards; Balint Joo; Huey-Wen Lin; David G. Richards; Keisuke Jimmy Juge,journal/proceedings record,"Phys.Rev.D80:054506,2009",10.1103/PhysRevD.80.054506,0905.2160,0905.2160v1,hep-lat,516,325,INSPIRE,2026-08-21,820396,distillation and optimized hadron operators,https://arxiv.org/abs/0905.2160v1,https://arxiv.org/pdf/0905.2160v1,papers/core_cited_and_canonical/03_spectral_extraction_and_operator_overlap/2009_Peardon_0905.2160.pdf,True,14,89a5838789847d4ca65d4fc031f496295472d3411dfeacc1f4a71c0f68581e91,2009-05-13,2009-05-13,"A new quark-field smearing algorithm is defined which enables efficient calculations of a broad range of hadron correlation functions. The technique applies a low-rank operator to define smooth fields that are to be used in hadron creation operators. The resulting space of smooth fields is small enough that all elements of the reduced quark propagator can be computed exactly at reasonable computational cost. Correlations between arbitrary sources, including multi hadron operators can be computed a posteriori without requiring new lattice Dirac operator inversions. The method is tested on realistic lattice sizes with light dynamical quarks."
core,flux_strings,2009,Large N and confining flux tubes as strings - a view from the lattice,Michael Teper,journal/proceedings record,"Acta Phys.Polon.B40:3249-3320,2009",,0912.3339,0912.3339v1,hep-lat,89,87,INSPIRE,2026-08-21,840458,large-N and confining-flux-tube lattice review,https://arxiv.org/abs/0912.3339v1,https://arxiv.org/pdf/0912.3339v1,papers/core_cited_and_canonical/02_flux_tubes_and_effective_strings/2009_Teper_0912.3339.pdf,True,78,49190e89bf7bba93c4927178d068c7f2b10080d877cb008ac139feaf8db90b0b,2009-12-17,2009-12-17,"I begin these three lectures by describing some of the useful things that we have learned about large-N gauge theories using lattice simulations. For example that the theory is confining in that limit, that for many quantities SU(3) is close to SU(oo), and that this includes the strongly coupled gluon plasma just above Tc, thus providing some of the justification needed to make use of gauge-gravity duality in analysing QCD at RHIC/LHC temperatures. I then turn, in a more detailed discussion, to recent progress on the problem of what effective string theory describes confining flux tubes. I describe lattice calculations of the energy spectrum of closed loops of confining flux, and some dramatic analytic progress in extending the `universal Luscher correction' to terms that are of higher order in 1/l, where l is the length of the string. Both approaches point increasingly to the Nambu-Goto free string theory as being the appropriate starting point for describing string-like degrees of freedom in SU(N) gauge theories."
core,spectral_methods,2009,On the generalized eigenvalue method for energies and matrix elements in lattice field theory,Benoit Blossier; Michele Della Morte; Georg von Hippel; Tereza Mendes; Rainer Sommer,journal/proceedings record,"JHEP 0904:094,2009",10.1088/1126-6708/2009/04/094,0902.1265,0902.1265v2,hep-lat,596,548,INSPIRE,2026-08-21,812818,generalized eigenvalue method with error control,https://arxiv.org/abs/0902.1265v2,https://arxiv.org/pdf/0902.1265v2,papers/core_cited_and_canonical/03_spectral_extraction_and_operator_overlap/2009_Blossier_0902.1265.pdf,True,29,dd9edf1b7c72783c042e6a34dca51e9022175dd11514cf3152047a489185474b,2009-02-07,2009-02-24,"We discuss the generalized eigenvalue problem for computing energies and matrix elements in lattice gauge theory, including effective theories such as HQET. It is analyzed how the extracted effective energies and matrix elements converge when the time separations are made large. This suggests a particularly efficient application of the method for which we can prove that corrections vanish asymptotically as $\exp(-(E_{N+1}-E_n) t)$. The gap $E_{N+1}-E_n$ can be made large by increasing the number $N$ of interpolating fields in the correlation matrix. We also show how excited state matrix elements can be extracted such that contaminations from all other states disappear exponentially in time. As a demonstration we present numerical results for the extraction of ground state and excited B-meson masses and decay constants in static approximation and to order $1/m_b$ in HQET."
core,flat_bands,2008,Band touching from real space topology in frustrated hopping models,Doron L. Bergman; Congjun Wu; Leon Balents,journal/proceedings record,"Phys. Rev. B 78, 125104 (2008)",10.1103/PhysRevB.78.125104,0803.3628,0803.3628v2,cond-mat.str-el,392,,OpenAlex,2026-08-21,,real-space topology and singular band touching,https://arxiv.org/abs/0803.3628v2,https://arxiv.org/pdf/0803.3628v2,papers/core_cited_and_canonical/09_flat_bands_and_homological_topology/2008_Bergman_0803.3628.pdf,True,11,627543515e36214f7853b24e46e3868a78c9b04bcaacfca2b90701c5825ecf20,2008-03-25,2008-04-04,"We study ``frustrated'' hopping models, in which at least one energy band, at the maximum or minimum of the spectrum, is dispersionless. The states of the flat band(s) can be represented in a basis which is fully localized, having support on a vanishing fraction of the system in the thermodynamic limit. In the majority of examples, a dispersive band touches the flat band(s) at a number of discrete points in momentum space. We demonstrate that this band touching is related to states which exhibit non-trivial topology in real space. Specifically, these states have support on one-dimensional loops which wind around the entire system (with periodic boundary conditions). A counting argument is given that determines, in each case, whether there is band touching or not, in precise correspondence to the result of straightforward diagonalization. When they are present, the topological structure protects the band touchings in the sense that they can only be removed by perturbations which {\sl also} split the degeneracy of the flat band."
core,strong_coupling,2008,Strong coupling expansion for finite temperature Yang-Mills theory in the confined phase,Jens Langelage; Gernot Münster; Owe Philipsen,journal/proceedings record,"JHEP 0807:036,2008",10.1088/1126-6708/2008/07/036,0805.1163,0805.1163v2,hep-lat,34,17,INSPIRE,2026-08-21,785310,strong-coupling thermodynamics and equation of state,https://arxiv.org/abs/0805.1163v2,https://arxiv.org/pdf/0805.1163v2,papers/core_cited_and_canonical/08_strong_coupling_and_linked_cluster/2008_Langelage_0805.1163.pdf,True,21,679de902e758b7183e2281d673777bad4f0338fb77d5ce79b374ae604ee13a49,2008-05-08,2008-08-04,"We perform euclidean strong coupling expansions for Yang Mills theory on the lattice at finite temperature. After setting up the formalism for general SU(N), we compute the first few terms of the series for the free energy density and the lowest screening mass in the case of SU(2). To next-to-leading order the free energy series agrees with that of an ideal gas of glueballs. This demonstrates that in the confined phase the quasi-particles indeed correspond to the T=0 hadron excitations, as commonly assumed in hadron resonance gas models. Our result also fixes the lower integration constant for Monte Carlo calculations of the thermodynamic pressure via the integral method. In accord with Monte Carlo results, we find screening masses to be nearly temperature independent in the confined phase. This and the exponential smallness of the pressure can be understood as genuine strong coupling effects. Finally, we analyse Pade approximants to estimate the critical couplings of the phase transition, which for our short series are only ~25% accurate. However, up to these couplings the equation of state agrees quantitatively with numerical results on N_t=1-4 lattices."
core,effective_hamiltonian,2007,On the Smooth Feshbach-Schur Map,M. Griesemer; D. Hasler,preprint or unlinked proceedings,,,0704.3244,0704.3244v1,math-ph,45,,OpenAlex,2026-08-21,,smooth Feshbach-Schur map,https://arxiv.org/abs/0704.3244v1,https://arxiv.org/pdf/0704.3244v1,papers/core_cited_and_canonical/06_effective_hamiltonians/2007_Griesemer_0704.3244.pdf,True,8,8b963609af638533d81e2829bc4a3c740cf97b0b987107eed25506cc85c17b14,2007-04-24,2007-04-24,"A new variant of the Feshbach map, called smooth Feshbach map, has been introduced recently by Bach et al., in connection with the renormalization analysis of non-relativistic quantum electrodynamics. We analyze and clarify its algebraic and analytic properties, and we generalize it to non-selfadjoint partition operators $χ$ and $\chib$."
core,strong_coupling,2007,Strong coupling expansion for Yang-Mills theory at finite temperature,J. Langelage; G. Münster; O. Philipsen,journal/proceedings record,"PoS LAT2007:201,2007",10.22323/1.042.0201,0710.0512,0710.0512v2,hep-lat,3,2,INSPIRE,2026-08-21,762748,finite-temperature strong-coupling expansion,https://arxiv.org/abs/0710.0512v2,https://arxiv.org/pdf/0710.0512v2,papers/core_cited_and_canonical/08_strong_coupling_and_linked_cluster/2007_Langelage_0710.0512.pdf,True,7,7d2d5c1a246f31a91fd07161262ed3ed8a457223144bf22e59bed0f70db05583,2007-10-02,2007-10-04,"Euclidean strong coupling expansion of the partition function is applied to lattice Yang-Mills theory at finite temperature, i.e. for lattices with a compactified temporal direction. The expansions have a finite radius of convergence and thus are valid only for $β<β_c$, where $β_c$ denotes the nearest singularity of the free energy on the real axis. The accessible temperature range is thus the confined regime up to the deconfinement transition. We have calculated the first few orders of these expansions of the free energy density as well as the screening masses for the gauge groups SU(2) and SU(3). The resulting free energy series can be summed up and corresponds to a glueball gas of the lowest mass glueballs up to the calculated order. Our result can be used to fix the lower integration constant for Monte Carlo calculations of the thermodynamic pressure via the integral method, and shows from first principles that in the confined phase this constant is indeed exponentially small. Similarly, our results also explain the weak temperature dependence of glueball screening masses below $T_c$, as observed in Monte Carlo simulations. Possibilities and difficulties in extracting $β_c$ from the series are discussed."
core,spectrum,2005,Glueball Spectrum and Matrix Elements on Anisotropic Lattices,Y. Chen; A. Alexandru; S. J. Dong; T. Draper; I. Horvath; F. X. Lee; K. F. Liu; N. Mathur; C. Morningstar; M. Peardon; S. Tamhankar; B. L. Young; J. B. Zhang,journal/proceedings record,"Phys.Rev.D73:014516,2006",10.1103/PhysRevD.73.014516,hep-lat/0510074,hep-lat/0510074v1,hep-lat,762,709,INSPIRE,2026-08-21,695057,anisotropic-lattice spectrum and matrix elements,https://arxiv.org/abs/hep-lat/0510074v1,https://arxiv.org/pdf/hep-lat/0510074v1,papers/core_cited_and_canonical/01_glueball_spectrum/2005_Chen_hep-lat-0510074.pdf,True,22,66973cf81063071cf5c58d93cff86d4778b7d8f11e83eb1f3b89a21be3047f22,2005-10-13,2005-10-13,"The glueball-to-vacuum matrix elements of local gluonic operators in scalar, tensor, and pseudoscalar channels are investigated numerically on several anisotropic lattices with the spatial lattice spacing ranging from 0.1fm - 0.2fm. These matrix elements are needed to predict the glueball branching ratios in $J/ψ$ radiative decays which will help identify the glueball states in experiments. Two types of improved local gluonic operators are constructed for a self-consistent check and the finite volume effects are studied. We find that lattice spacing dependence of our results is very weak and the continuum limits are reliably extrapolated, as a result of improvement of the lattice gauge action and local operators. We also give updated glueball masses with various quantum numbers."
core,spectrum,2005,Monte Carlo study of glueball masses in the Hamiltonian limit of SU(3) lattice gauge theory,Mushtaq Loan; Xiang-Qian Luo; Zhi-Huan Luo,journal/proceedings record,"Int.J.Mod.Phys.A21:2905-2936,2006",10.1142/S0217751X06029454,hep-lat/0503038,hep-lat/0503038v2,hep-lat,62,62,INSPIRE,2026-08-21,679168,Hamiltonian-limit SU(3) glueball masses,https://arxiv.org/abs/hep-lat/0503038v2,https://arxiv.org/pdf/hep-lat/0503038v2,papers/core_cited_and_canonical/01_glueball_spectrum/2005_Loan_hep-lat-0503038.pdf,True,14,87e1bfce31f788be191ec97daf752f503ddb3949382e74a7b88b5885c2a82d45,2005-03-27,2005-04-04,"Using Standard Euclidean Monte Carlo techniques, we discuss in detail the extraction of the glueball masses of 4-dimensional SU(3) lattice gauge theory in the Hamiltonian limit, where the temporal lattice spacing is zero. By taking into account the renormalization of both the anisotropy and the Euclidean coupling, we calculate the string tension and masses of the scalar, axial vector and tensor states using standard Wilson action on increasingly anisotropic lattices, and make an extrapolation to the Hamiltonian limit. The results are compared with estimates from various other Hamiltonian and Euclidean studies. We find that more accurate determination of the glueball masses and the mass ratios has been achieved and the results are a significant improvement upon previous Hamiltonian estimates. The continuum predictions are then found by extrapolation of results obtained from smallest values of spatial lattice spacing. For the lightest scalar, tensor and axial vector states we obtain masses of $m_{0^{++}}=1654 \pm 83$ MeV, $m_{2^{++}}=2272\pm 115$ MeV and $m_{1^{+-}}=2940\pm 165$ MeV, respectively. These are consistent with the estimates obtained in the previous studies in the Euclidean limit. The consistency is a clear evidence of universality between Euclidean and Hamiltonian formulations. From the accuracy of our estimates, we conclude that the standard Euclidean Monte Carlo method is a reliable technique for obtaining results in the Hamiltonian version of the theory, just as in Euclidean case."
core,spectrum,2004,Glueballs and k-strings in SU(N) gauge theories : calculations with improved operators,Biagio Lucini; Michael Teper; Urs Wenger,journal/proceedings record,"JHEP0406:012,2004",10.1088/1126-6708/2004/06/012,hep-lat/0404008,hep-lat/0404008v1,hep-lat,278,206,INSPIRE,2026-08-21,647779,improved glueball and k-string operators with large-N scaling,https://arxiv.org/abs/hep-lat/0404008v1,https://arxiv.org/pdf/hep-lat/0404008v1,papers/core_cited_and_canonical/01_glueball_spectrum/2004_Lucini_hep-lat-0404008.pdf,True,49,0478c29654169028c2c48ca878cf8602440d852b320e00b45673e850ed53e915,2004-04-07,2004-04-07,"We test a variety of blocking and smearing algorithms for constructing glueball and string wave-functionals, and find some with much improved overlaps onto the lightest states. We use these algorithms to obtain improved results on the tensions of k-strings in SU(4), SU(6), and SU(8) gauge theories. We emphasise the major systematic errors that still need to be controlled in calculations of heavier k-strings, and perform calculations in SU(4) on an anisotropic lattice in a bid to minimise one of these. All these results point to the k-string tensions lying part-way between the `MQCD' and `Casimir Scaling' conjectures, with the power in 1/N of the leading correction lying in [1,2]. We also obtain some evidence for the presence of quasi-stable strings in calculations that do not use sources, and observe some near-degeneracies between (excited) strings in different representations. We also calculate the lightest glueball masses for N=2, ...,8, and extrapolate to N=infinity, obtaining results compatible with earlier work. We show that the N=infinity factorisation of the Euclidean correlators that are used in such mass calculations does not make the masses any less calculable at large N."
core,weingarten,2004,"Integration with respect to the Haar measure on unitary, orthogonal and symplectic group",Benoit Collins; Piotr Sniady,journal/proceedings record,"Commun. Math. Phys. 264 (2006), no. 3, 773--795",10.1007/s00220-006-1554-3,math-ph/0402073,math-ph/0402073v1,math-ph,673,,OpenAlex,2026-08-21,,foundational Haar-unitary integration formula,https://arxiv.org/abs/math-ph/0402073v1,https://arxiv.org/pdf/math-ph/0402073v1,papers/core_cited_and_canonical/05_haar_and_weingarten/2004_Collins_math-ph-0402073.pdf,True,26,d8984bb165ef0f18187101ab8ee15ca82bd5cfdd0122b2a12b17da8ee5ad38c4,2004-02-26,2004-02-26,"We revisit the work of the first named author and using simpler algebraic arguments we calculate integrals of polynomial functions with respect to the Haar measure on the unitary group U(d). The previous result provided exact formulas only for 2d bigger than the degree of the integrated polynomial and we show that these formulas remain valid for all values of d. Also, we consider the integrals of polynomial functions on the orthogonal group O(d) and the symplectic group Sp(d). We obtain an exact character expansion and the asymptotic behavior for large d. Thus we can show the asymptotic freeness of Haar-distributed orthogonal and symplectic random matrices, as well as the convergence of integrals of the Itzykson-Zuber type."
core,flux_strings,2004,String excitation energies in SU(N) gauge theories beyond the free-string approximation,Martin Lüscher; Peter Weisz,journal/proceedings record,"JHEP 0407:014,2004",10.1088/1126-6708/2004/07/014,hep-th/0406205,hep-th/0406205v1,hep-th,233,233,INSPIRE,2026-08-21,652999,universal effective-string corrections,https://arxiv.org/abs/hep-th/0406205v1,https://arxiv.org/pdf/hep-th/0406205v1,papers/core_cited_and_canonical/02_flux_tubes_and_effective_strings/2004_Luscher_hep-th-0406205.pdf,True,27,8c2fd8d0d30d9b43acb9c0a4e5b96c064407327189b961db9911538e41e26d6b,2004-06-23,2004-06-23,"In the presence of a static quark--antiquark pair, the spectrum of the low-lying states in SU($N$) gauge theories is discrete and likely to be described, at large quark separations $r$, by an effective string theory. The expansion of the excitation energies in powers of $1/r$, which derives from the latter, involves an increasing number of unknown couplings that characterize the string self-interactions. Using open--closed string duality, we show that the possible values of the couplings are constrained by a set of algebraic relations. In particular, the corrections of order $1/r^2$ must vanish, while the $1/r^3$ terms (which we work out for the few lowest levels) depend on a single adjustable coupling only."
core,spectral_methods,2003,Analytic Smearing of SU(3) Link Variables in Lattice QCD,Colin Morningstar; Mike Peardon,journal/proceedings record,Phys.Rev. D69 (2004) 054501,10.1103/PhysRevD.69.054501,hep-lat/0311018,hep-lat/0311018v1,hep-lat,892,815,INSPIRE,2026-08-21,632947,analytic stout-link smearing,https://arxiv.org/abs/hep-lat/0311018v1,https://arxiv.org/pdf/hep-lat/0311018v1,papers/core_cited_and_canonical/03_spectral_extraction_and_operator_overlap/2003_Morningstar_hep-lat-0311018.pdf,True,8,650d53c2fafb947ca9360075544f187b05fb0173a4d28d7c85a734813c4a0634,2003-11-11,2003-11-11,"An analytic method of smearing link variables in lattice QCD is proposed and tested. The differentiability of the smearing scheme with respect to the link variables permits the use of modern Monte Carlo updating methods based on molecular dynamics evolution for gauge-field actions constructed using such smeared links. In examining the smeared mean plaquette and the static quark-antiquark potential, no degradation in effectiveness is observed as compared to link smearing methods currently in use, although an increased sensitivity to the smearing parameter is found."
core,spectral_methods,2002,Locality and Statistical Error Reduction on Correlation Functions,Harvey B. Meyer,journal/proceedings record,"JHEP 0301:048,2003",10.1088/1126-6708/2003/01/048,hep-lat/0209145,hep-lat/0209145v2,hep-lat,71,55,INSPIRE,2026-08-21,595842,local multilevel error reduction for glueball correlation functions,https://arxiv.org/abs/hep-lat/0209145v2,https://arxiv.org/pdf/hep-lat/0209145v2,papers/core_cited_and_canonical/03_spectral_extraction_and_operator_overlap/2002_Meyer_hep-lat-0209145.pdf,True,12,e837eb5521bf51859a085312ae59d5defac05a7b2c4c0af5b6953ec8855f172a,2002-09-20,2003-02-26,"We propose a multilevel Monte-Carlo scheme, applicable to local actions, which is expected to reduce statistical errors on correlation functions. We give general arguments to show how the efficiency and parameters of the algorithm are determined by the low-energy spectrum. As an application, we measure the euclidean-time correlation of pairs of Wilson loops in SU(3) pure gauge theory with constant relative errors. In this case the ratio of the new method's efficiency to the standard one increases as exp{m_0t/2}, where m_0 is the mass gap and t the time separation."
core,spectral_methods,2001,Locality and exponential error reduction in numerical lattice gauge theory,Martin Lüscher; Peter Weisz,journal/proceedings record,"JHEP 0109:010,2001",10.1088/1126-6708/2001/09/010,hep-lat/0108014,hep-lat/0108014v1,hep-lat,308,306,INSPIRE,2026-08-21,561439,multilevel exponential error reduction,https://arxiv.org/abs/hep-lat/0108014v1,https://arxiv.org/pdf/hep-lat/0108014v1,papers/core_cited_and_canonical/03_spectral_extraction_and_operator_overlap/2001_Luscher_hep-lat-0108014.pdf,True,18,28b7b87846dac172b3620436bc6243cbdcecb50b5a8d5256017db7138eca397f,2001-08-13,2001-08-13,"In non-abelian gauge theories without matter fields, expectation values of large Wilson loops and loop correlation functions are difficult to compute through numerical simulation, because the signal-to-noise ratio is very rapidly decaying for increasing loop sizes. Using a multilevel scheme that exploits the locality of the theory, we show that the statistical errors in such calculations can be exponentially reduced. We explicitly demonstrate this in the SU(3) theory, for the case of the Polyakov loop correlation function, where the efficiency of the simulation is improved by many orders of magnitude when the area bounded by the loops exceeds 1 fm^2."
core,spectrum,1999,The glueball spectrum from an anisotropic lattice study,Colin J. Morningstar; Mike Peardon,journal/proceedings record,"Phys.Rev.D60:034509,1999",10.1103/PhysRevD.60.034509,hep-lat/9901004,hep-lat/9901004v2,hep-lat,1233,1189,INSPIRE,2026-08-21,493790,benchmark glueball spectrum and operator construction,https://arxiv.org/abs/hep-lat/9901004v2,https://arxiv.org/pdf/hep-lat/9901004v2,papers/core_cited_and_canonical/01_glueball_spectrum/1999_Morningstar_hep-lat-9901004.pdf,True,14,96e322b86a350f07f9b63ca7194d4282135080804ae4a4ff2715eaa74408223f,1999-01-07,1999-05-24,"The spectrum of glueballs below 4 GeV in the SU(3) pure-gauge theory is investigated using Monte Carlo simulations of gluons on several anisotropic lattices with spatial grid separations ranging from 0.1 to 0.4 fm. Systematic errors from discretization and finite volume are studied, and the continuum spin quantum numbers are identified. Care is taken to distinguish single glueball states from two-glueball and torelon-pair states. Our determination of the spectrum significantly improves upon previous Wilson action calculations."
core,hamiltonian_quantum,1996,The Coupled Cluster Method in Hamiltonian Lattice Field Theory,D. Schütte; Zheng Weihong; C. J. Hamer,journal/proceedings record,Phys.Rev. D55 (1997) 2974-2986,10.1103/PhysRevD.55.2974,hep-lat/9603026,hep-lat/9603026v1,hep-lat,30,28,INSPIRE,2026-08-21,417249,coupled-cluster Hamiltonian lattice gauge theory,https://arxiv.org/abs/hep-lat/9603026v1,https://arxiv.org/pdf/hep-lat/9603026v1,papers/core_cited_and_canonical/07_hamiltonian_and_gauge_invariant_formulations/1996_Schutte_hep-lat-9603026.pdf,True,28,5af7909cae82cf2cf9462beedf2c6ecdbea75048f196d7889233987d590df62d,1996-03-30,1996-03-30,"The coupled cluster or exp S form of the eigenvalue problem for lattice Hamiltonian QCD (without quarks) is investigated. A new construction prescription is given for the calculation of the relevant coupled cluster matrix elements with respect to an orthogonal and independent loop space basis. The method avoids the explicit introduction of gauge group coupling coefficients by mapping the eigenvalue problem onto a suitable set of character functions, which allows a simplified procedure. Using appropriate group theoretical methods, we show that it is possible to set up the eigenvalue problem for eigenstates having arbitrary lattice momentum and lattice angular momentum."
core,strong_coupling,1985,Effective transfer matrix for low-lying glueball states in lattice gauge theory,Gernot Münster,journal/proceedings record,Nuclear Physics B 256 (1985) 67-76,10.1016/0550-3213(85)90385-2,,,,2,,INSPIRE,2026-08-21,,effective transfer-matrix eigenvalues and low-lying glueball dispersion,https://doi.org/10.1016/0550-3213(85)90385-2,https://www-library.desy.de/preparch/desy/postpr/1985/desy85-007.pdf,papers/core_cited_and_canonical/08_strong_coupling_and_linked_cluster/1985_Munster_Effective-Transfer-Matrix-Glueballs.pdf,True,10,443ddb7501b80790dedbb7bedccae7f15fba6f4f624ca19f7c34b5fd3daa19cf,1985,1985,
core,strong_coupling,1983,Strong coupling and mean field methods in lattice gauge theories,Jean-Michel Drouffe; Jean-Bernard Zuber,journal/proceedings record,Physics Reports 102 (1983) 1-119,10.1016/0370-1573(83)90034-0,,,,345,,INSPIRE,2026-08-21,,"canonical review of character, graph, cluster, correlation, and spectral strong-coupling machinery",https://doi.org/10.1016/0370-1573(83)90034-0,https://www.lpthe.jussieu.fr/~zuber/MesPapiers/dz_PR83.pdf,papers/core_cited_and_canonical/08_strong_coupling_and_linked_cluster/1983_Drouffe_Drouffe-Zuber-Strong-Coupling-Review.pdf,True,119,3a66d08167ad6daa8381109f4aed1058aac7e704a90304d71246cfe224759a03,1983,1983,
emerging,rigorous_lgt,2025,Bootstrapping SU(3) Lattice Yang-Mills Theory,Yuanhong Guo; Zeyu Li; Gang Yang; Guorui Zhu,journal/proceedings record,JHEP 12 (2025) 033,10.1007/JHEP12(2025)033,2502.14421,2502.14421v2,hep-th,14,12,INSPIRE,2026-08-21,2892239,SU(3) lattice Yang-Mills bootstrap,https://arxiv.org/abs/2502.14421v2,https://arxiv.org/pdf/2502.14421v2,papers/emerging_peer_reviewed_and_direct/04_rigorous_lattice_yang_mills/2025_Guo_2502.14421.pdf,True,55,a4d951360317dbf7a07b0c608c16818078661c4c6a9221babbed01519414794d,2025-02-20,2025-12-05,"We apply the positivity bootstrap approach to SU(3) lattice Yang-Mills (YM) theory, extending previous studies of large N and SU(2) theories by incorporating multiple-trace Wilson loop operators. By utilizing Hermitian and reflection positivity conditions, alongside Schwinger-Dyson (SD) loop equations, we compute rigorous bounds for the expectation values of plaquette Wilson loops in 2D, 3D, and 4D YM theories. Our results exhibit clear convergence and are consistent with known analytic or numerical results. To enhance the approach, we introduce a novel twist-reflection positivity condition, which we prove to be exact in 2D YM theory. Additionally, we propose a dimensional-reduction truncation, where Wilson loop operators are effectively restricted to a lower-dimensional subplane, significantly simplifying computations. SD equations for double-trace Wilson loops are also derived in detail. Our findings suggest that the positivity bootstrap method is broadly applicable to higher-rank gauge theories beyond single-trace cases, providing a solid foundation for further non-perturbative investigations of gauge theories using positivity-based methods."
emerging,spectrum,2025,Update on Glueballs,Colin Morningstar,journal/proceedings record,PoS(LATTICE2024)004,10.22323/1.466.0004,2502.02547,2502.02547v1,hep-lat,17,16,INSPIRE,2026-08-21,2875211,modern peer-reviewed-proceedings review of glueball spectroscopy,https://arxiv.org/abs/2502.02547v1,https://arxiv.org/pdf/2502.02547v1,papers/emerging_peer_reviewed_and_direct/01_glueball_spectrum/2025_Morningstar_2502.02547.pdf,True,12,d92dd37e51bc2b1f652e6d56dd0736e1f6f914a5f303c6076a8a751598b08c7b,2025-02-04,2025-02-04,"The recent BESIII announcement of a pseudoscalar glueball candidate makes an update on glueballs from lattice QCD timely. A brief review of how glueballs are studied in lattice QCD is given, and the reasons that glueballs are difficult to study both in lattice QCD with dynamical quarks and in experiments are outlined. Recent glueball studies in lattice QCD are then presented, and an exploratory investigation of the scalar glueball using glueball, meson, and meson-meson operators is summarized, suggesting that no scalar state below 2 GeV or so can be considered to be predominantly a glueball state."
emerging,rigorous_lgt,2025,Villain action in lattice gauge theory,Ilya Chevyrev; Christophe Garban,journal/proceedings record,Journal of Statistical Physics 192 (2025) 38,10.1007/s10955-025-03420-1,,,,2,,Springer,2026-08-21,,modern rigorous Wilson/Manton-to-Villain limit for compact gauge groups,https://doi.org/10.1007/s10955-025-03420-1,https://link.springer.com/content/pdf/10.1007/s10955-025-03420-1.pdf,papers/emerging_peer_reviewed_and_direct/04_rigorous_lattice_yang_mills/2025_Chevyrev_Villain-Action-Lattice-Gauge-Theory.pdf,True,15,ed7ae85242a672863c4f2d691f4b879d74b4a0e84d817d80d1a42c4adc065608,2025,2025,
emerging,spectrum,2024,Exponential Error Reduction for Glueball Calculations Using a Two-Level Algorithm in Pure Gauge Theory,Lorenzo Barca; Francesco Knechtli; Sofie Martins; Michael Peardon; Stefan Schaefer; Juan Andrés Urrea-Niño,journal/proceedings record,Phys.Rev.D 110 (2024) 054515,10.1103/PhysRevD.110.054515,2406.12656,2406.12656v1,hep-lat,14,5,INSPIRE,2026-08-21,2799626,two-level exponential error reduction with a glueball variational basis,https://arxiv.org/abs/2406.12656v1,https://arxiv.org/pdf/2406.12656v1,papers/emerging_peer_reviewed_and_direct/01_glueball_spectrum/2024_Barca_2406.12656.pdf,True,12,161eefc79e020596ba70483c0f3375ac630b93e2e56cde54c786241affa27846,2024-06-18,2024-06-18,"This study explores the application of a two-level algorithm to enhance the signal-to-noise ratio of glueball calculations in four-dimensional $\mathrm{SU(3)}$ pure gauge theory. Our findings demonstrate that the statistical errors exhibit an exponential reduction, enabling reliable extraction of effective masses at distances where current standard methods would demand exponentially more samples. However, at shorter distances, standard methods prove more efficient due to a saturation of the variance reduction using the multi-level method. We discuss the physical distance at which the multi-level sampling is expected to outperform the standard algorithm, supported by numerical evidence across different lattice spacings and glueball channels. Additionally, we construct a variational basis comprising 35 Wilson loops up to length 12 and 5 smearing sizes each, presenting results for the first state in the spectrum for the scalar, pseudoscalar, and tensor channels."
emerging,spectral_methods,2024,"Lanczos, the transfer matrix, and the signal-to-noise problem",Michael L. Wagman,journal/proceedings record,Phys.Rev.Lett. 134 (2025) 241901,10.1103/pcvc-734h,2406.20009,2406.20009v4,hep-lat,43,32,INSPIRE,2026-08-21,2803123,transfer-matrix Lanczos extraction with two-sided error bounds,https://arxiv.org/abs/2406.20009v4,https://arxiv.org/pdf/2406.20009v4,papers/emerging_peer_reviewed_and_direct/03_spectral_extraction_and_operator_overlap/2024_Wagman_2406.20009.pdf,True,22,88f42ba969fa2a72c36d0fbc8167241e87e0ef15418b0e60da2bf6485bbcd4c4,2024-06-28,2025-05-07,"This work introduces a method for determining the energy spectrum of lattice quantum chromodynamics (LQCD) by applying the Lanczos algorithm to the transfer matrix and using a bootstrap generalization of the Cullum-Willoughby method to filter out spurious eigenvalues. Proof-of-principle analyses of the simple harmonic oscillator and the LQCD proton mass demonstrate that this method provides faster ground-state convergence than the ""effective mass,"" which is related to the power-iteration algorithm. Lanczos provides more accurate energy estimates than multi-state fits to correlation functions with small imaginary times while achieving comparable statistical precision. Two-sided error bounds are computed for Lanczos results and guarantee that excited-state effects cannot shift Lanczos results far outside their statistical uncertainties."
emerging,rigorous_lgt,2024,Langevin dynamics of lattice Yang-Mills-Higgs and applications,Hao Shen; Rongchan Zhu; Xiangchan Zhu,journal/proceedings record,Commun.Math.Phys. 407 (2026) 27,10.1007/s00220-025-05528-7,2401.13299,2401.13299v3,math.PR,13,9,INSPIRE,2026-08-21,2751113,strong-coupling mass gap and exponential ergodicity with Higgs matter,https://arxiv.org/abs/2401.13299v3,https://arxiv.org/pdf/2401.13299v3,papers/emerging_peer_reviewed_and_direct/04_rigorous_lattice_yang_mills/2024_Shen_2401.13299.pdf,True,60,49b5928d2150b203a94c4b1dc6535300ab08ef90d4c38a1ad2e904ae9c73c8d2,2024-01-24,2025-12-19,"In this paper, we investigate the Langevin dynamics of various lattice formulations of the Yang--Mills--Higgs model, with an inverse Yang--Mills coupling $β$ and a Higgs parameter $κ$. The Higgs component is either a bounded field taking values in a compact target space, or an unbounded field taking values in a vector space in which case the model also has a Higgs mass parameter $m$. We study the regime where $(β,κ)$ are small in the first case or $(β,κ/m)$ are small in the second case. We prove the exponential ergodicity of the dynamics on the whole lattice via functional inequalities. We establish exponential decay of correlations for a broad class of observables, namely, the infinite volume measure exhibits a strictly positive mass gap. Moreover, when the target space of the Higgs field is compact, appropriately rescaled observables exhibit factorized correlations in the large $N$ limit. These extend the earlier results \cite{SZZ22} on pure lattice Yang--Mills to the case with a coupled Higgs field. Unlike pure lattice Yang--Mills where the field is always bounded, in the case where the coupled Higgs component is unbounded, the control of its behavior is much harder and requires new techniques. Our approach involves a disintegration argument and a delicate analysis of correlations to effectively control the unbounded Higgs component."
emerging,hamiltonian_quantum,2024,Loop-string-hadron approach to SU(3) lattice Yang-Mills theory: I. Hilbert space of a trivalent vertex,Saurabh V. Kadam; Aahiri Naskar; Indrakshi Raychowdhury; Jesse R. Stryker,journal/proceedings record,"Phys. Rev. D 111, 074516 (2025)",10.1103/PhysRevD.111.074516,2407.19181,2407.19181v2,hep-lat,43,35,INSPIRE,2026-08-21,2811637,SU(3) gauge-invariant loop-string-hadron Hilbert space,https://arxiv.org/abs/2407.19181v2,https://arxiv.org/pdf/2407.19181v2,papers/emerging_peer_reviewed_and_direct/07_hamiltonian_and_gauge_invariant_formulations/2024_Kadam_2407.19181.pdf,True,33,395fec6c849070526f65b3f8d77b4a9a39d2122f76138e8c6f0a31f190877946,2024-07-27,2025-06-18,"The construction of gauge invariant states of SU(3) lattice gauge theories has garnered new interest in recent years, but implementing them is complicated by the need for SU(3) Clebsch-Gordon coefficients. In the loop-string-hadron (LSH) approach to lattice gauge theories, the elementary excitations are strictly gauge invariant, and constructing the basis requires no knowledge of Clebsch-Gordon coefficients. Originally developed for SU(2), the LSH formulation was recently generalized to SU(3), but limited to one spatial dimension. In this work, we generalize the LSH approach to constructing the basis of SU(3) gauge invariant states at a trivalent vertex -- the essential building block to multidimensional space. A direct generalization from the SU(2) vertex yields a legitimate basis; however, in certain sectors of the Hilbert space, the naive LSH basis vectors so defined suffer from being nonorthogonal. The issues with orthogonality are directly related to the ""missing label"" or ""outer multiplicity"" problem associated with SU(3) tensor products, and may also be phrased in terms of Littlewood-Richardson coefficients or the need for a ""seventh Casimir"" operator. The states that are unaffected by the problem are orthonormalized in closed form. For the sectors that are afflicted, we discuss the nonorthogonal bases and their orthogonalization. A few candidates for seventh Casimir operators are readily constructed from the suite of LSH gauge-singlet operators. The diagonalization of a seventh Casimir represents one prescriptive solution toward obtaining a complete orthonormal basis, but a closed-form general solution remains to be found."
emerging,spectrum,2024,Matching Wilson flow time for calculating the topological charge density and the pseudoscalar glueball mass in quenched lattice QCD,Zhen Cheng; Guang-yi Xiong,journal/proceedings record,Eur.Phys.J.C 85 (2025) 1179,10.1140/epjc/s10052-025-14913-4,2409.02756,2409.02756v5,hep-lat,0,0,INSPIRE,2026-08-21,2824748,Wilson-flow matching for pseudoscalar glueball mass,https://arxiv.org/abs/2409.02756v5,https://arxiv.org/pdf/2409.02756v5,papers/emerging_peer_reviewed_and_direct/01_glueball_spectrum/2024_Cheng_2409.02756.pdf,True,31,af19c55af2b9ed986932b59918ab379136993ee29147e79e2f9e6b56d7ce6d94,2024-09-04,2025-08-28,"The matching Wilson flow time for calculating the topological charge density correlator (TCDC) of the gluonic definition by the Wilson flow is analyzed using the matching procedure. The relationship has been established between the matching Wilson flow time for calculating TCDC and the matching Wilson flow time at which the topological charge defined by the gluon fields is closest to an integer. The properties of TCDC defined by the bosonic field are investigated, and the pseudoscalar glueball mass was extracted from the TCDC computed at the matching Wilson flow time. It is further demonstrated that the matching Wilson flow time determined by the matching procedure can be applied to compute the topological susceptibility in the gluonic definition."
emerging,hamiltonian_quantum,2024,Quantum Simulation of SU(3) Lattice Yang Mills Theory at Leading Order in Large N,Anthony N. Ciavarella; Christian W. Bauer,journal/proceedings record,Phys.Rev.Lett. 133 (2024) 111901,10.1103/PhysRevLett.133.111901,2402.10265,2402.10265v4,hep-ph,124,112,INSPIRE,2026-08-21,2759081,SU(3) Hamiltonian quantum simulation at large N,https://arxiv.org/abs/2402.10265v4,https://arxiv.org/pdf/2402.10265v4,papers/emerging_peer_reviewed_and_direct/07_hamiltonian_and_gauge_invariant_formulations/2024_Ciavarella_2402.10265.pdf,True,22,f2ab2ea9bca2dec812d6430a3fc010bce8140cc645012a0ac00333c367ce3b25,2024-02-15,2024-08-26,"Quantum simulations of the dynamics of QCD have been limited by the complexities of mapping the continuous gauge fields onto quantum computers. By parametrizing the gauge invariant Hilbert space in terms of plaquette degrees of freedom, we show how the Hilbert space and interactions can be expanded in inverse powers of N_c. At leading order in this expansion, the Hamiltonian simplifies dramatically, both in the required size of the Hilbert space as well as the type of interactions involved. Adding a truncation of the resulting Hilbert space in terms of local energy states we give explicit constructions that allow simple representations of SU(3) gauge fields on qubits and qutrits. This formulation allows a simulation of the real time dynamics of a SU(3) lattice gauge theory on a 5x5 and 8x8 lattice on ibm_torino with a CNOT depth of 113."
emerging,spectrum,2024,The $θ$-dependence of the Yang-Mills spectrum from analytic continuation,Claudio Bonanno; Claudio Bonati; Mario Papace; Davide Vadacchino,journal/proceedings record,JHEP 05 (2024) 163,10.1007/JHEP05(2024)163,2402.03096,2402.03096v2,hep-lat,23,7,INSPIRE,2026-08-21,2755375,theta dependence of Yang-Mills spectrum,https://arxiv.org/abs/2402.03096v2,https://arxiv.org/pdf/2402.03096v2,papers/emerging_peer_reviewed_and_direct/01_glueball_spectrum/2024_Bonanno_2402.03096.pdf,True,24,818608247758c472c59328ed680e108355b6bf5fb24a2f03074b1cd5e46f6e9e,2024-02-05,2024-05-10,"We study the $θ$-dependence of the string tension and of the lightest glueball mass in four-dimensional $\mathrm{SU}(N)$ Yang-Mills theories. More precisely, we focus on the coefficients parametrizing the $\mathcal{O}(θ^2)$ dependence of these quantities, which we investigate by means of numerical simulations of the lattice-discretized theory, carried out using imaginary values of the $θ$ parameter. Topological freezing at large $N$ is avoided using the Parallel Tempering on Boundary Conditions algorithm. We provide controlled continuum extrapolations of such coefficients in the $N=3$ case, and we report the results obtained on two fairly fine lattice spacings for $N=6$."
emerging,effective_hamiltonian,2024,The geometry of the Hermitian matrix space and the Schrieffer--Wolff transformation,Gergő Pintér; György Frank; Dániel Varjas; András Pályi,journal/proceedings record,"Quantum 10, 2047 (2026)",10.22331/q-2026-03-27-2047,2407.10478,2407.10478v4,quant-ph,2,1,INSPIRE,2026-08-21,2807939,modern geometric treatment of Schrieffer-Wolff,https://arxiv.org/abs/2407.10478v4,https://arxiv.org/pdf/2407.10478v4,papers/emerging_peer_reviewed_and_direct/06_effective_hamiltonians/2024_Pinter_2407.10478.pdf,True,52,cdc34702acd22bb255f7572e2e681198feeac4614c6398956e30f4e1f67c008e,2024-07-15,2026-03-25,"In quantum mechanics, the Schrieffer--Wolff (SW) transformation (also called quasi-degenerate perturbation theory) is known as an approximative method to reduce the dimension of the Hamiltonian. We present a geometric interpretation of the SW transformation: We prove that it induces a local coordinate chart in the space of Hermitian matrices near a $k$-fold degeneracy submanifold. Inspired by this result, we establish a `distance theorem': we show that the standard deviation of $k$ neighboring eigenvalues of a Hamiltonian equals the distance of this Hamiltonian from the corresponding $k$-fold degeneracy submanifold, divided by $\sqrt{k}$. Furthermore, we investigate one-parameter perturbations of a degenerate Hamiltonian, and prove that the standard deviation and the pairwise differences of the eigenvalues lead to the same order of splitting of the energy eigenvalues, which in turn is the same as the order of distancing from the degeneracy submanifold. As applications, we prove the `protection' of Weyl points using the transversality theorem, and infer geometrical properties of certain degeneracy submanifolds based on results from quantum error correction and topological order."
emerging,spectrum,2023,$Sp(2N)$ Lattice Gauge Theories and Extensions of the Standard Model of Particle Physics,Ed Bennett; Jack Holligan; Deog Ki Hong; Ho Hsiao; Jong-Wan Lee; C. -J. David Lin; Biagio Lucini; Michele Mesiti; Maurizio Piai; Davide Vadacchino,journal/proceedings record,Universe 9 (2023) 236,10.3390/universe9050236,2304.01070,2304.01070v2,hep-lat,45,16,INSPIRE,2026-08-21,2648212,review of Sp(2N) lattice spectra and large-N extrapolation,https://arxiv.org/abs/2304.01070v2,https://arxiv.org/pdf/2304.01070v2,papers/emerging_peer_reviewed_and_direct/01_glueball_spectrum/2023_Bennett_2304.01070.pdf,True,75,acb1f119692f13961db0bfbe04c381ef13596879fd75219825494382dcc0707f,2023-04-03,2023-05-10,"We review the current status of the long-term programme of numerical investigation of $Sp(2N)$ gauge theories with and without fermionic matter content. We start by introducing the phenomenological as well as theoretical motivations for this research programme, which are related to composite Higgs models, models of partial top compositeness, dark matter models, and in general to the physics of strongly coupled theories and their approach to the large-N limit. We summarise the results of lattice studies conducted so far in the $Sp(2N)$ Yang-Mills theories, measuring the string tension, the mass spectrum of glueballs and the topological susceptibility, and discuss their large-N extrapolation. We then focus our discussion on $Sp(4)$, and summarise numerical measurements of mass and decay constant of mesons in the theories with fermion matter in either the fundamental or the antisymmetric representation, first in the quenched approximation, and then with dynamical fermions. We finally discuss the case of dynamical fermions in mixed representations, and exotic composite fermion states such as the chimera baryons. We conclude by sketching the future stages of the programme. And we describe our approach to open access."
emerging,spectrum,2023,Performance of two-level sampling for the glueball spectrum in pure gauge theory,Lorenzo Barca; Francesco Knechtli; Michael Peardon; Stefan Schaefer; Juan Andrés Urrea-Niño,journal/proceedings record,PoS LATTICE2023 (2024) 030,10.22323/1.453.0030,2312.11372,2312.11372v1,hep-lat,8,3,INSPIRE,2026-08-21,2738529,two-level sampling for glueball spectrum,https://arxiv.org/abs/2312.11372v1,https://arxiv.org/pdf/2312.11372v1,papers/emerging_peer_reviewed_and_direct/01_glueball_spectrum/2023_Barca_2312.11372.pdf,True,8,e3ba1949bfe369ed5ce44c193fee7e03b0721094e2a422d4cda2fdea9e577f06,2023-12-18,2023-12-18,"The computation of the glueball spectrum is particularly challenging due to the rapid decay of the signal-to-noise ratio of the correlation functions. To address this issue, advanced techniques such as gauge link smearing and the variational method are commonly employed to identify the spectrum before the signal diminishes significantly. However, a significant improvement in the signal-to-noise ratio can be achieved by utilising multilevel sampling techniques. In this talk, we present a study of the glueball spectrum in pure gauge theory with a two-level algorithm. Specifically, we explore the relation between noise reduction and the various multilevel parameters, such as the width of the dynamical regions and the number of submeasurements."
emerging,hamiltonian_quantum,2023,Quantum Simulation of Lattice QCD with Improved Hamiltonians,Anthony N. Ciavarella,journal/proceedings record,Phys.Rev.D 108 (2023) 094513,10.1103/PhysRevD.108.094513,2307.05593,2307.05593v3,hep-lat,81,73,INSPIRE,2026-08-21,2676255,improved Hamiltonians for lattice-QCD quantum simulation,https://arxiv.org/abs/2307.05593v3,https://arxiv.org/pdf/2307.05593v3,papers/emerging_peer_reviewed_and_direct/07_hamiltonian_and_gauge_invariant_formulations/2023_Ciavarella_2307.05593.pdf,True,14,3541609a93656bc7d1fa4c5e08513b885a5e8cc92e7bed0000ba9eb2fa36e71e,2023-07-10,2023-11-06,"Quantum simulations of lattice gauge theories are anticipated to directly probe the real time dynamics of QCD, but scale unfavorably with the required truncation of the gauge fields. Improved Hamiltonians are derived to correct for the effects of gauge field truncations on the SU(3) Kogut-Susskind Hamiltonian. It is shown in $1+1D$ that this enables low chromo-electric field truncations to quantitatively reproduce features of the untruncated theory over a range of couplings and quark masses. In $3+1D$, an improved Hamiltonian is derived for lattice QCD with staggered massless fermions. It is shown in the strong coupling limit that the spectrum qualitatively reproduces aspects of two flavor QCD and simulations of a small system are performed on IBM's {\tt Perth} quantum processor."
emerging,rigorous_lgt,2023,Random surfaces and lattice Yang-Mills,Sky Cao; Minjae Park; Scott Sheffield,preprint or unlinked proceedings,,,2307.06790,2307.06790v4,math.PR,23,18,INSPIRE,2026-08-21,2676759,random-surface expansion for lattice Yang-Mills,https://arxiv.org/abs/2307.06790v4,https://arxiv.org/pdf/2307.06790v4,papers/emerging_peer_reviewed_and_direct/04_rigorous_lattice_yang_mills/2023_Cao_2307.06790.pdf,True,131,0cdabf5d4c2a36422d40eb6db4b73de7557c520e32b01a0fd7bbe54bebe2fba6,2023-07-13,2025-09-26,"We study Wilson loop expectations in lattice Yang-Mills models with a compact Lie group $G$. Using tools recently introduced in a companion paper, we provide alternate derivations, interpretations, and generalizations of several recent theorems about Brownian motion limits (Dahlqvist), lattice string trajectories (Chatterjee and Jafarov) and surface sums (Magee and Puder). We show further that one can express Wilson loop expectations as sums over embedded planar maps in a manner that applies to any matrix dimension $N \geq 1$, any inverse temperature $β>0$, and any lattice dimension $d \geq 2$. When $G=\mathrm{U}(N)$, the embedded maps we consider are pairs $(\mathcal M, φ)$ where $\mathcal M$ is a planar (or higher genus) map and $φ$ is a graph homomorphism from $\mathcal M$ to a lattice such as $\mathbb Z^d$. The faces of $\mathcal M$ come in two partite classes: $\textit{edge-faces}$ (each mapped by $φ$ onto a single edge) and $\textit{plaquette-faces}$ (each mapped by $φ$ onto a single plaquette). The weight of a lattice edge $e$ is the Weingarten function applied to the partition whose parts are given by half the boundary lengths of the faces in $φ^{-1}(e)$. (The Weingarten function becomes quite simple in the $N\to \infty$ limit.) The overall weight of an embedded map is proportional to $N^χ$ (where $χ$ is the Euler characteristic) times the product of the edge weights. We establish analogous results for $\mathrm{SU}(N)$, $\mathrm{O}(N)$, $\mathrm{SO}(N)$, and $\mathrm{Sp}(N/2)$, where the embedded surfaces and weights take a different form. There are several variants of these constructions. In this context, we present a list of relevant open problems spanning several disciplines: random matrix theory, representation theory, statistical physics, and the theory of random surfaces, including random planar maps and Liouville quantum gravity."
emerging,spectrum,2023,The quenched glueball spectrum from smeared spectral densities,Marco Panero; Antonio Smecca; Nazario Tantalo; Davide Vadacchino,journal/proceedings record,PoS LATTICE2023 (2024) 050,10.22323/1.453.0050,2311.14806,2311.14806v1,hep-lat,9,4,INSPIRE,2026-08-21,2726559,smeared spectral densities for glueballs,https://arxiv.org/abs/2311.14806v1,https://arxiv.org/pdf/2311.14806v1,papers/emerging_peer_reviewed_and_direct/01_glueball_spectrum/2023_Panero_2311.14806.pdf,True,10,bfd75c3c82b8ec7f379695358252a5b76d711bec5901ca04d0c68576777ded3b,2023-11-24,2023-11-24,"The standard approach to compute the glueball spectrum on the lattice relies on the evaluation of effective masses from two-point correlation functions of operators with the quantum numbers of the desired state. In this work, we propose an alternative procedure, based on the numerical computation of smeared spectral densities. Even though the extraction of the latter from lattice correlators is a notoriously ill-posed inverse problem, we show that a recently developed numerical method, based on the Backus-Gilbert regularization, provides a robust way to evaluate a smeared version of the spectral densities. Fitting the latter to a combination of Gaussians, we extract the masses of the lightest glueball and of its first excitation in the spectrum of the theory. While the preliminary results presented in this contribution are restricted to simulations at finite lattice spacing and finite volume, and for the purely gluonic sector of QCD, they represent the first step in a systematic investigation of glueballs using spectral-reconstruction methods."
emerging,spectrum,2022,"Confining strings, axions and glueballs in the planar limit",Andreas Athenodorou,journal/proceedings record,PoS CORFU2021 (2022) 168,10.22323/1.406.0168,2205.03642,2205.03642v1,hep-th,2,1,INSPIRE,2026-08-21,2078738,planar-limit confining strings and glueballs,https://arxiv.org/abs/2205.03642v1,https://arxiv.org/pdf/2205.03642v1,papers/emerging_peer_reviewed_and_direct/01_glueball_spectrum/2022_Athenodorou_2205.03642.pdf,True,24,bef023051aebb4f29a1a92257b442e5454cae88bebc5b4004069d9dfeca40c3c,2022-05-07,2022-05-07,"We present recent results on the spectrum of a confining flux tube that is closed around a spatial torus as a function of its length as well as the spectrum of glueballs. The extraction of the spectra has been realized by simulating four dimensional $SU(N)$ gauge theories and performing measurements using lattice techniques. Regarding flux-tubes, we have performed calculations for $N=3,5,6$ and for various values of spin, parity and longitudinal momentum. Long flux-tubes can be thought of as infinitesimally thin strings; hence their spectrum is expected to be described by an effective string theory. Furthermore, the flux-tube's internal structure makes possible the existence of massive states in addition to string modes. Our calculations demonstrate that although most states exhibit a spectrum which can be approximated adequately by Nambu-Goto there is strong evidence for the existence of a massive axion on the world-sheet of the QCD flux-tube as well as a bound state of two such axions. Regarding glueballs, we extracted spectra from $N=2$ to $N=12$ which enables us to extrapolate to $N= \infty$. Our main aim was to calculate the lightest glueball masses for all different configurations of the quantum numbers of spin, parity and charge conjugation. This provides a major update on the spectrum of glueballs in the planar limit."
emerging,spectrum,2022,Glueball spectroscopy in lattice QCD using gradient flow,Keita Sakai; Shoichi Sasaki,journal/proceedings record,Phys.Rev.D 107 (2023) 034510,10.1103/PhysRevD.107.034510,2211.15176,2211.15176v2,hep-lat,17,14,INSPIRE,2026-08-21,2601248,gradient-flow glueball spectroscopy,https://arxiv.org/abs/2211.15176v2,https://arxiv.org/pdf/2211.15176v2,papers/emerging_peer_reviewed_and_direct/01_glueball_spectrum/2022_Sakai_2211.15176.pdf,True,36,352376ff9a8a670ec95fe5fb2d1927426392efec9a77c0dddfb74d62a7f8b6b1,2022-11-28,2023-03-02,"Removing ultraviolet noise from the gauge fields is necessary for glueball spectroscopy in lattice QCD. It is known that the Yang-Mills gradient flow method is an alternative approach instead of link smearing or link fuzzing in various aspects. In this work we study the application of the gradient flow technique to the construction of the extended glueball operators. We examine a simple application of the gradient flow method, which has some problems in glueball mass calculations at large flow time because of its nature of diffusion in space-time. To avoid this problem, the spatial links are evolved by the ``spatial gradient flow'', that is defined to restrict the diffusion to spatial directions only. We test the spatial gradient flow in calculations of glueball two-point functions and Wilson loops as a new smearing method, and then discuss its efficiency in comparison with the original gradient flow method and the conventional method. Furthermore, to demonstrate the feasibility of our proposed method, we determine the masses of the three lowest-lying glueball states, corresponding to the $0^{++}$, $2^{++}$ and $0^{-+}$ glueballs, in the continuum limit in the pure Yang-Mills theory."
emerging,weingarten,2022,Moment Methods on compact groups: Weingarten calculus and its applications,Benoit Collins,journal/proceedings record,"Proc. Int. Cong. Math. 2022, Vol. 4, pp. 3142--3164. EMS Press, Berlin, 2023",10.4171/icm2022/114,2207.08418,2207.08418v1,math.OA,1,1,INSPIRE,2026-08-21,2116381,compact-group moment methods,https://arxiv.org/abs/2207.08418v1,https://arxiv.org/pdf/2207.08418v1,papers/emerging_peer_reviewed_and_direct/05_haar_and_weingarten/2022_Collins_2207.08418.pdf,True,20,b919c9ef043e18fb7dc425ec0da2306e63f410d4ff45a768eab0399101af2f53,2022-07-18,2022-07-18,"A fundamental property of compact groups and compact quantum groups is the existence and uniqueness of a left and right invariant probability -- the Haar measure. This is a natural playground for classical and quantum probability, provided it is possible to compute its moments. Weingarten calculus addresses this question in a systematic way. The purpose of this manuscript is to survey recent developments, describe some salient theoretical properties of Weingarten functions, as well as applications of this calculus to random matrix theory, quantum probability, and algebra, mathematical physics and operator algebras."
emerging,spectral_methods,2022,Yang-Mills glueball masses from spectral reconstruction,Jan M. Pawlowski; Coralie S. Schneider; Jonas Turnwald; Julian M. Urban; Nicolas Wink,journal/proceedings record,"Phys. Rev. D 108, 076018 (2023)",10.1103/PhysRevD.108.076018,2212.01113,2212.01113v2,hep-ph,33,24,INSPIRE,2026-08-21,2609986,independent Yang-Mills spectral reconstruction of glueball masses,https://arxiv.org/abs/2212.01113v2,https://arxiv.org/pdf/2212.01113v2,papers/emerging_peer_reviewed_and_direct/03_spectral_extraction_and_operator_overlap/2022_Pawlowski_2212.01113.pdf,True,10,d4b0dcb62db59b7876fb664f3d573535723b1610294468eea42b21bba3bd7ae2,2022-12-02,2023-10-26,"We compute masses of the two lightest glueballs from spectral reconstructions of timelike interaction channels of the four-gluon vertex in Landau gauge Yang-Mills theory. The Euclidean spacelike dressings of the vertex are calculated with the functional renormalisation group. For the spectral reconstruction of these Euclidean data, we employ Gaussian process regression. The glueball resonances can be identified straightforwardly and we obtain $m_{sc} = 1870(75)~$ MeV as well as $m_{ps} = 2700(120)~$ MeV, in accordance with functional bound state and lattice calculations."
emerging,flux_strings,2021,The torelon spectrum and the world-sheet axion,Andreas Athenodorou; Michael Teper,journal/proceedings record,PoS LATTICE2021 (2022) 103,10.22323/1.396.0103,2112.11213,2112.11213v1,hep-lat,13,7,INSPIRE,2026-08-21,1994771,"modern SU(3), SU(5), and SU(6) torelon spectrum and worldsheet axion",https://arxiv.org/abs/2112.11213v1,https://arxiv.org/pdf/2112.11213v1,papers/emerging_peer_reviewed_and_direct/02_flux_tubes_and_effective_strings/2021_Athenodorou_2112.11213.pdf,True,12,a35ab8a8cb0adc454a4a20d088cea25d5746fa2019fe46190fdc4fb227ea0c5d,2021-12-21,2021-12-21,"We present a major update on the spectrum of the closed flux-tube (torelon) in $D=3+1$ $SU(N)$ gauge theories. Namely, we calculate the excitation spectrum of a confining flux-tube which winds around a spatial torus as a function of its length $l$, for short as well as long tubes. We do so for $N=3,5,6$ and two different values of the lattice spacing. Our states are characterised by the quantum numbers of spin $J$, transverse parity $P_{\perp}$, longitudinal parity $P_{\parallel}$ as well as by the longitudinal momentum $p_{\parallel}$. Our extended basis of operators used in combination with the generalized eigenvalue method enables us to extract masses for all irreducible representations characterised by $\{ |J|,P_{\perp},P_{\parallel} \}$. We confirm that most of the low-lying states are well described by the spectrum of the Goddard-Goldstone-Rebbi-Thorn string. In addition we provide strong evidence, that in addition to string like states, massive modes exist on the world-sheet. More precisely the ground state with quantum numbers ${|J|}^{P_{\perp}, P_{\parallel}}=0^{--}$ exhibits a behaviour which is in agreement with the interpretation of being an axion on the world-sheet of the flux-tube. This state arises from a topological interaction term included in the effective world-sheet action. In addition we observe that the second excited state with ${|J|}^{P_{\perp}, P_{\parallel}}=0^{++}$ behaves as a massive mode with mass twice that of the axion."
emerging,hamiltonian_quantum,2003,SU(N) Lattice Gauge Theory on a Single Cube,Jesse Carlsson; Bruce H. J. McKellar,preprint or unlinked proceedings,,,hep-lat/0303022,hep-lat/0303022v1,hep-lat,1,1,INSPIRE,2026-08-21,615809,gauge-invariant SU(N) Hamiltonian theory on a cube,https://arxiv.org/abs/hep-lat/0303022v1,https://arxiv.org/pdf/hep-lat/0303022v1,papers/emerging_peer_reviewed_and_direct/07_hamiltonian_and_gauge_invariant_formulations/2003_Carlsson_hep-lat-0303022.pdf,True,27,f35854550f23878a284d1fe52e11b4969767277f332447c527eccc61aa657804,2003-03-26,2003-03-26,"In this paper we study the viability of persuing analytic variational techniques for the calculation of glueball masses in 3+1 dimensional Hamiltonian lattice gauge theory (LGT) in the pure gauge sector. We discuss the major problems presented by a move from 2+1 to 3+1 dimensions and develop analytic techniques to approximate the integrals appearing in 3+1 dimensional variational glueball mass calculations. We calculate $0^{++}$ and $1^{+-}$ glueball masses on a lattice consisting of a single cube. Despite the use of a very simplistic model, promising signs of an approach to asymptotic scaling is displayed by the SU(N) $1^{+-}$ glueball mass as N is increased."
emerging,hamiltonian_quantum,2000,Green's Function Monte Carlo study of SU(3) lattice gauge theory in (3+1)D,C. J. Hamer; M. Samaras; R. J. Bursill,journal/proceedings record,Phys.Rev. D62 (2000) 074506,10.1103/PhysRevD.62.074506,hep-lat/0005009,hep-lat/0005009v1,hep-lat,9,5,INSPIRE,2026-08-21,527198,Green-function Monte Carlo SU(3) Hamiltonian study,https://arxiv.org/abs/hep-lat/0005009v1,https://arxiv.org/pdf/hep-lat/0005009v1,papers/emerging_peer_reviewed_and_direct/07_hamiltonian_and_gauge_invariant_formulations/2000_Hamer_hep-lat-0005009.pdf,True,13,509b39d37a1be74404ad0d77254456a52ef5109d5a6d5d8bea5525e8e9deed1a,2000-05-12,2000-05-12,"A `forward walking' Green's Function Monte Carlo algorithm is used to obtain expectation values for SU(3) lattice Yang-Mills theory in (3+1) dimensions. The ground state energy and Wilson loops are calculated, and the finite-size scaling behaviour is explored. Crude estimates of the string tension are derived, which agree with previous results at intermediate couplings; but more accurate results for larger loops will be required to establish scaling behaviour at weak coupling."
frontier,spectral_methods,2026,Charmonium-Glueball spectroscopy with improved hadron creation operators,Juan Andrés Urrea-Niño; Francesco Knechtli; Tomasz Korzec; Michael Peardon,journal/proceedings record,Phys.Rev.D 114 (2026) 014509,10.1103/rs22-dx23,2603.20178,2603.20178v1,hep-lat,2,2,INSPIRE,2026-08-21,3132405,modern derivative-based glueball operators and overlap analysis,https://arxiv.org/abs/2603.20178v1,https://arxiv.org/pdf/2603.20178v1,papers/frontier_watchlist/03_spectral_extraction_and_operator_overlap/2026_Urrea-Nino_2603.20178.pdf,True,15,0b9a169119f5f911eb25ec6efa35d0405bda9adcda56b206764e92db1ebe367b,2026-03-20,2026-03-20,"Construction of creation operators which can properly sample the underlying energy eigenstates remains a fundamental first step in lattice QCD spectroscopy calculations, particularly when the spectrum includes states with different composition such as mesons, glueballs, multi-particle states, etc. We tackle this issue in the study of the scalar glueball and charmonium mixing, where we use improved operators for both types of states to resolve the low-lying spectrum and identify the dominant composition of each state in a mass regime where the glueball is stable. We include derivative-based meson operators combined with distillation profiles, as well as glueball operators built from the chromo-magnetic field and its derivatives which retain angular momentum information from their continuum counterparts. We comment on the advantages of these operators, particularly on the construction and implementation of the glueball ones, thanks to which we identify the lightest iso-scalar state as glueball-dominated $0^{++}$."
frontier,rigorous_lgt,2026,Confinement as Decoding: Higher Form Codes and Lattice Yang-Mills Theory,Ning Bao,preprint or unlinked proceedings,,,2608.02452,2608.02452v1,hep-th,0,0,INSPIRE,2026-08-21,3187134,higher-form-code route to confinement and transfer-matrix mass,https://arxiv.org/abs/2608.02452v1,https://arxiv.org/pdf/2608.02452v1,papers/frontier_watchlist/04_rigorous_lattice_yang_mills/2026_Bao_2608.02452.pdf,True,44,561905c02e999aece4495ab6e58432f844b6bec1cb4ea09bee4803e0f532977e,2026-08-03,2026-08-03,"We study the relationship between quantum error correction, confinement, and lattice Yang-Mills theory. We first formulate decoding for finite Abelian homological codes in terms of higher form gauge fields. For positive local noise, the logical classes are topological sectors of a Nishimori ensemble, and the optimal decoding error is determined by the relative weights of the nontrivial sectors. We derive Fourier relations between logical probabilities, disorder operators, and information in the channel environment, and we give contour and fractional moment criteria for a threshold. We then study a four dimensional $\Z_N$ memory and its possible relation to confining $\PSU(N)$ vacua. Finally, we define a finite curvature center sheet model coupled to Wilson $\SU(N)$ link variables. In this model the conditional logical probabilities are center twisted Yang-Mills partition functions. A strong coupling expansion gives the leading effective interaction for the syndrome and shows that local syndrome correlations can decay even when the global sheet sectors are mixed. We also show that the likelihood for a separated pair of syndrome worldlines is the center monopole correlator. Its decay determines a transfer matrix mass. This distinguishes the suppression of global flux sectors from the local spectral information needed to discuss a mass gap."
frontier,rigorous_lgt,2026,Direct and Indirect Loop Equations in Lattice Yang-Mills Theory,Xizhe Liu; Gang Yang,journal/proceedings record,JHEP 04 (2026) 107,10.1007/JHEP04(2026)107,2601.04316,2601.04316v2,hep-th,0,0,INSPIRE,2026-08-21,3098809,modern direct and indirect lattice loop equations,https://arxiv.org/abs/2601.04316v2,https://arxiv.org/pdf/2601.04316v2,papers/frontier_watchlist/04_rigorous_lattice_yang_mills/2026_Liu_2601.04316.pdf,True,30,fbb6df2a112cf8475a2747dc36f55d15282f15d9c7d945484950d216b806b22b,2026-01-07,2026-01-21,"The dynamics of Wilson loops are governed by an infinite set of Schwinger-Dyson equations and trace relations. In the context of the lattice positivity bootstrap, a central challenge is determining a dynamically independent basis of these operators within a truncated space. We present a systematic framework to address this problem, utilizing a geometric plaquette-cut and subloop-cut strategy to efficiently generate all (local) direct equations. Furthermore, we identify and analyze ""indirect equations"", which arise from the elimination of higher-length intermediate loops. We elucidate the origin of these subtle relations and propose a vertex-filtering strategy to construct them. Applying the above framework to SU(2) lattice Yang-Mills theory, we provide explicit counts of independent canonical loops and equations in 2, 3, and 4 dimensions, along with a statistical analysis of their asymptotic growth."
frontier,spectrum,2026,Learning the generating functional for variance reduction in lattice QCD,Ryan Abbott; Yang Fu; Daniel C. Hackett; Gurtej Kanwar; Fernando Romero-López; Phiala E. Shanahan,preprint or unlinked proceedings,,,2606.15986,2606.15986v1,hep-lat,1,0,INSPIRE,2026-08-21,3168689,learned generating functional for glueball-correlator variance reduction,https://arxiv.org/abs/2606.15986v1,https://arxiv.org/pdf/2606.15986v1,papers/frontier_watchlist/01_glueball_spectrum/2026_Abbott_2606.15986.pdf,True,8,c8c198a058c4838e01579efd3400327778aa3905c05c9c0b266a2790d579cdc1,2026-06-14,2026-06-14,The generating functional in quantum field theory provides the natural framework for constructing correlation functions as derivatives with respect to source operators. We present a methodology that leverages machine-learned normalizing flows to reduce the variance of arbitrary $N$-point correlation functions of bosonic operators in lattice gauge field theory calculations by encoding a representation of the generating functional. We show that it is possible to systematically approach noiseless estimators of correlation functions in this framework. We demonstrate this methodology with applications to calculations of glueball correlation functions and Wilson loops in Quantum Chromodynamics and Yang-Mills theory. The results show up to three orders of magnitude variance reduction.
frontier,rigorous_lgt,2026,On the leading order term of the lattice Yang-Mills free energy,Christian Brennecke,journal/proceedings record,Journal of Statistical Physics 193 (2026) 83,10.1007/s10955-026-03649-4,,,,0,,Springer,2026-08-21,,modern rigorous infinite-volume lattice Yang-Mills free-energy asymptotics,https://doi.org/10.1007/s10955-026-03649-4,https://link.springer.com/content/pdf/10.1007/s10955-026-03649-4.pdf,papers/frontier_watchlist/04_rigorous_lattice_yang_mills/2026_Brennecke_Leading-Order-Lattice-Yang-Mills-Free-Energy.pdf,True,21,cd0eb0700d81eb3519f5d9fc46bb0555cac5be68669421c0018389ec1670ec78,2026,2026,
frontier,weingarten,2026,Universal dualities for Wilson loops in lattice Yang-Mills,Thibaut Lemoine,preprint or unlinked proceedings,,,2604.16252,2604.16252v2,math-ph,3,1,INSPIRE,2026-08-21,3146690,finite-N Wilson-loop dualities and Weingarten state sums,https://arxiv.org/abs/2604.16252v2,https://arxiv.org/pdf/2604.16252v2,papers/frontier_watchlist/05_haar_and_weingarten/2026_Lemoine_2604.16252.pdf,True,60,1f90e3a0c5df95d7cd4f416b67d6dc4a3165041fa851090b4e2aee73c433f556,2026-04-17,2026-08-09,"We identify a universal finite-$N$ structure underlying Wilson loop expectations in lattice Yang--Mills, in any dimension $d\geq 2$, for gauge group $\mathrm{U}(N)$, and for arbitrary smooth central plaquette actions. The starting point is a state-sum expansion in plaquette labels by irreducible representations, in which each term factorizes into an action-dependent spectral weight and an action-independent topological coefficient. We then analyze these coefficients in three exact ways: as a gauge/string expansion over decorated spanning surfaces, as a local spin-foam/channel model on the dual incidence graph, and as a universal finite-$N$ master loop equation that closes on the coefficient side. As a consequence, several recent Wilson-action results are recovered as specializations of our broader action-agnostic framework. In a companion work, this framework is used to construct the higher-dimensional heat-kernel master field at strong coupling and to prove an area-law bound."
frontier,spectrum,2026,Update on the computation of the quenched $SU(6)$ Yang-Mills lattice spectrum,Andrea Falzetti; Matteo Lombardi; Mauro Lucio Papinutto; Francesco Scardino,preprint or unlinked proceedings,,,2603.13138,2603.13138v1,hep-lat,0,0,INSPIRE,2026-08-21,3129152,current quenched SU(6) Yang-Mills spectrum update,https://arxiv.org/abs/2603.13138v1,https://arxiv.org/pdf/2603.13138v1,papers/frontier_watchlist/01_glueball_spectrum/2026_Falzetti_2603.13138.pdf,True,10,240c204e5d4228f4ed8394105426bf536ee90952b3f5e76fc2964d4fbd39716d,2026-03-13,2026-03-13,"We report on our continued efforts to measure the glueball and meson spectra in SU($N$) Yang-Mills theory and QCD with the aim of extrapolating to the large-$N$ limit. In particular, we document the computation of the low-lying SU($6$) spectrum. We employ a multilevel sampling algorithm to measure glueball correlators to reduce statistical noise in the large-time separation limit. The gluon operator basis is composed of spatial Wilson loop measured at different levels of (APE) smearing, with vanishing momentum selected to maximise the orthonogality of the operators and their overlap with the lowest lying states. We also report on analogous computations for the $J=0,1$ non-singlet meson spectrum with two degenerate quark flavors."
frontier,spectrum,2026,Variance reduction in lattice QCD observables via normalizing flows,Ryan Abbott; Denis Boyda; Yang Fu; Daniel C. Hackett; Gurtej Kanwar; Fernando Romero-López; Phiala E. Shanahan; Julian M. Urban,journal/proceedings record,Phys.Rev.D 114 (2026) 014513,10.1103/5xns-7qmj,2603.02984,2603.02984v2,hep-lat,8,5,INSPIRE,2026-08-21,3125285,normalizing-flow variance reduction demonstrated on SU(3) glueball correlators,https://arxiv.org/abs/2603.02984v2,https://arxiv.org/pdf/2603.02984v2,papers/frontier_watchlist/01_glueball_spectrum/2026_Abbott_2603.02984.pdf,True,15,42104214437e467d4c5240df06262202179666b32a7ca14322b59a24c31fb47d,2026-03-03,2026-08-09,"Normalizing flows can be used to construct unbiased, reduced-variance estimators for lattice field theory observables that are defined by a derivative with respect to action parameters. This work implements the approach for observables involving gluonic operator insertions in the SU(3) Yang-Mills theory and two-flavor Quantum Chromodynamics (QCD) in four space-time dimensions. Variance reduction by factors of $10$-$60$ is achieved in glueball correlation functions and in gluonic matrix elements related to hadron structure, with demonstrated computational advantages. The observed variance reduction is found to be approximately independent of the lattice volume, so that volume transfer can be utilized to minimize training costs."
frontier,rigorous_lgt,2025,$\mathrm{U}(N)$ lattice Yang-Mills in the 't Hooft regime,Ron Nissim,preprint or unlinked proceedings,,,2510.22788,2510.22788v1,math.PR,0,0,INSPIRE,2026-08-21,3074230,new uniform strong-coupling U(N) results,https://arxiv.org/abs/2510.22788v1,https://arxiv.org/pdf/2510.22788v1,papers/frontier_watchlist/04_rigorous_lattice_yang_mills/2025_Nissim_2510.22788.pdf,True,25,c636e7295f33f9dfa22c638ad1db79ed62c282016ff634cf3524f6d7a94842c4,2025-10-26,2025-10-26,"We establish a mass gap, prove the existence of a unique infinite volume limit, and give a new proof of the large $N$ limit for $\mathrm{U}(N)$ lattice Yang-Mills theory in the 't Hooft regime. These results were previously obtained for $\mathrm{SU}(N)$ and $\mathrm{SO}(N)$ lattice Yang-Mills theories as applications of the mixing of the associated Langevin dynamics, which is verified via the Bakry-Émery criterion [SZZ23]. For $\mathrm{U}(N)$, however, this approach fails because its Ricci curvature is not uniformly positive, and as a result the Bakry-Émery condition cannot be easily verified. To overcome this obstacle, we recast the $\mathrm{U}(N)$ theory as a random-environment $\mathrm{SU}(N)$ model, where the randomness arises from a $\mathrm{U}(1)$ field, and combine cluster-expansion and Langevin-dynamics techniques to analyze the resulting $\mathrm{U}(1)\times\mathrm{SU}(N)$ model."
frontier,hamiltonian_quantum,2025,Asymptotic-freedom and massive glueballs in a qubit-regularized SU(2) gauge theory,Rui Xian Siew; Shailesh Chandrasekharan; Tanmoy Bhattacharya,journal/proceedings record,Phys.Rev.D 113 (2026) 114522,10.1103/2cy4-cp7f,2512.11068,2512.11068v3,hep-lat,5,2,INSPIRE,2026-08-21,3092461,peer-reviewed qubit-regularized SU(2) glueball toy model,https://arxiv.org/abs/2512.11068v3,https://arxiv.org/pdf/2512.11068v3,papers/frontier_watchlist/07_hamiltonian_and_gauge_invariant_formulations/2025_Siew_2512.11068.pdf,True,11,1852afa341aa93cc4353d697cc059fd0a2ca62c28fa29ec09c0bc11b7ef4dc09,2025-12-11,2026-01-20,"We argue that a simple qubit-regularized $\mathrm{SU}(2)$ lattice gauge theory (LGT) on a plaquette chain serves as a pseudo-one-dimensional toy model for Yang-Mills (YM) theory in three spatial dimensions. We map the chain Hamiltonian to the Transverse Field Ising Model (TFIM) in a uniform magnetic field and demonstrate that it can be tuned to a continuum limit in which the short-distance physics is governed by the asymptotically free Ising conformal field theory (CFT) describing free Majorana fermions, while the long-distance regime contains massive excitations of the $E_8$ quantum field theory (QFT) that can be interpreted as one-dimensional analogues of glueballs. Furthermore, we find $\sqrtσ/m_1 = 0.249(1)$ where $σ$ is the string tension between two static quarks and $m_1$ is the mass of the lightest glueball."
frontier,spectrum,2025,Casimir scaling in glueballs in SU($N$) and Sp($2N$) gauge theories: hints from constituent approaches,F. Buisseret; C. Chevalier; V. Mathieu; C. Semay,journal/proceedings record,Phys. Lett. B 873 (2026) 140149,10.1016/j.physletb.2026.140149,2509.09454,2509.09454v1,hep-ph,0,0,INSPIRE,2026-08-21,2968930,very recent Casimir-scaling test for glueballs,https://arxiv.org/abs/2509.09454v1,https://arxiv.org/pdf/2509.09454v1,papers/frontier_watchlist/01_glueball_spectrum/2025_Buisseret_2509.09454.pdf,True,11,c60ea2e10697cba906c4e0b522cf67564667ef971b712034d81a9f28d6579ae3,2025-09-11,2025-09-11,"We show that the lattice glueball masses $M_G$ versus $N$ in SU($N$) and Sp($2N$) Yang-Mills theories scale as $\frac{M_G}{\sqrtσ}\sim \sqrt{\frac{C_2(adj)}{C_2(f)}}$, with $σ$ the fundamental string tension and $C_2(adj)$ and $C_2(f)$ the quadratic Casimir of the gauge algebra in the adjoint and fundamental representations. This scaling behaviour is followed by the great majority of available lattice glueball states, and may set constraints on $SU(3)$ models by imposing a specific behaviour at $N\neq 3$. The observed scaling is compatible with two assumptions: (1) The glueball masses are proportional to the square root of the adjoint string tension, $M_G\sim \sqrtσ_{adj}$; (2) The string tension follows the Casimir scaling, i.e. $σ_{adj}=\frac{C_2(adj)}{C_2(f)}σ$. In a constituent gluon picture, our results suggest a low-lying glueball spectrum made of two transverse constituent gluons bound by an adjoint string, completed by three transverse constituent gluons bound by a Y-junction of adjoint strings rather than a $Δ-$shaped junction of fundamental strings."
frontier,rigorous_lgt,2025,Dynamical approach to area law for lattice Yang-Mills,Sky Cao; Ron Nissim; Scott Sheffield,preprint or unlinked proceedings,,,2509.04688,2509.04688v2,math.PR,5,1,INSPIRE,2026-08-21,2967145,dynamical mass-gap condition implying Wilson area law,https://arxiv.org/abs/2509.04688v2,https://arxiv.org/pdf/2509.04688v2,papers/frontier_watchlist/04_rigorous_lattice_yang_mills/2025_Cao_2509.04688.pdf,True,8,b74d2ca0555260cf218fe15bb105f34faeaa6674fcbe87215d597a83c3a373f5,2025-09-04,2025-09-28,"In this note, we observe that the dynamical approach to lattice Yang-Mills set forth in [SZZ23] may also be applied to prove Wilson's area law in the 't Hooft regime of parameters. The main point is to verify the mass gap condition from [DF80], from which area law directly follows. Our results apply for gauge groups $G \in \{\mathrm{U}(N), \mathrm{SU}(N), \mathrm{SO}(2N)\}$, which all have nontrivial center (which is one of the key assumptions in [DF80])."
frontier,rigorous_lgt,2025,Expanded regimes of area law for lattice Yang-Mills theories,Sky Cao; Ron Nissim; Scott Sheffield,preprint or unlinked proceedings,,,2505.16585,2505.16585v3,math.PR,8,3,INSPIRE,2026-08-21,2924130,expanded strong-coupling area-law regimes at large N,https://arxiv.org/abs/2505.16585v3,https://arxiv.org/pdf/2505.16585v3,papers/frontier_watchlist/04_rigorous_lattice_yang_mills/2025_Cao_2505.16585.pdf,True,35,d89d819ad27ccbdce3c92626a8ceb687b589d08ab3cf045871ce1dc21bc2177d,2025-05-22,2025-09-26,"We extend the parameter regimes for which area law is proven for pure $\mathrm{U}(N)$ lattice Yang-Mills theories, in particular when $N$ is large. This improves on a classical result of Osterwalder-Seiler from 1978. To do so, we view the master loop equation as a linear inhomogeneous equation for Wilson string expectations, and then prove an a priori bound for solutions to the equation. The main novelty is in how we deal with the merger term in the master loop equation. This is done by introducing a truncated model for which the merger term is unproblematic, and then showing that the truncated model well approximates the original model."
frontier,spectrum,2025,Lattice evidence that scalar glueballs are small,Ryan Abbott; Daniel C. Hackett; Dimitra A. Pefkou; Fernando Romero-López; Phiala E. Shanahan,journal/proceedings record,Phys.Rev.Lett. 136 (2026) 041901,10.1103/67xg-qxhz,2508.21821,2508.21821v1,hep-lat,11,9,INSPIRE,2026-08-21,2964942,scalar-glueball form factors and radius,https://arxiv.org/abs/2508.21821v1,https://arxiv.org/pdf/2508.21821v1,papers/frontier_watchlist/01_glueball_spectrum/2025_Abbott_2508.21821.pdf,True,11,3f0b75353a0737c6efc24cb036538755260d18ee461af9c60a9f79b098b593ca,2025-08-29,2025-08-29,"This work reports the first calculation of the gravitational form factors (GFFs) of the scalar glueball, performed via lattice field theory in Yang-Mills theory at a single lattice spacing. The glueball GFFs are compared with those of other hadrons as determined in previous lattice calculations, providing strong indications that glueballs have a different gluonic structure than typical hadronic states. A mass radius of 0.263(31) fm is predicted, supporting previous suggestions that the scalar glueball is significantly smaller than other hadrons. These results point towards a potential smoking-gun characteristic to target by experimental glueball searches."
frontier,spectrum,2025,Test of a two-level algorithm for the glueball spectrum in $SU(N_c)$ Yang-Mills theory,Andrea Falzetti; Mauro Papinutto; Francesco Scardino,journal/proceedings record,PoS LATTICE2024 (2025) 410,10.22323/1.466.0410,2501.19312,2501.19312v2,hep-lat,0,0,INSPIRE,2026-08-21,2874491,two-level glueball-spectrum test for SU(Nc),https://arxiv.org/abs/2501.19312v2,https://arxiv.org/pdf/2501.19312v2,papers/frontier_watchlist/01_glueball_spectrum/2025_Falzetti_2501.19312.pdf,True,9,8bd4bb00acb028a602b3bbfb9a833e89b484d9716b2f757c2f83b6cc782b9c77,2025-01-31,2025-02-18,We present preliminary results obtained using a new code for $SU (N_c)$ Yang-Mills theory which performs a 2-level sampling of glueball correlators obtained from a suitably chosen basis of (APE) smeared and unsmeared operators. The code builds loop operators of any shape and length and classifies them according to the irreducible representations of the cubic group. We report on the performances of the algorithm and on the computation of the first low-lying glueball states choosing $N_c = 3$ as a reference to compare our results with the literature.
frontier,weingarten,2025,Weingarten Calculus with Virtual Isometries,Benoît Collins; Sho Matsumoto,journal/proceedings record,"SIGMA 22 (2026), 077, 23 pages",10.3842/SIGMA.2026.077,2510.21186,2510.21186v4,math.PR,0,,OpenAlex,2026-08-21,,new virtual-isometry extension,https://arxiv.org/abs/2510.21186v4,https://arxiv.org/pdf/2510.21186v4,papers/frontier_watchlist/05_haar_and_weingarten/2025_Collins_2510.21186.pdf,True,23,e3b896bb25eb5a6dc2530fa4ee09f641ddb4e6798bb7512179bdb46c45712c41,2025-10-24,2026-08-18,"In this paper, we develop a novel approach to the Weingarten calculus by employing the notion of virtual isometries. Traditionally, Weingarten calculus provides explicit formulas for integrating polynomial functions over compact matrix groups with respect to the Haar measure, yet it faces limitations when evaluating high-degree integrals due to the non-invertibility of the associated matrices. We revisit these classical computations from a new perspective: by constructing Haar-distributed matrices as products of sequences of complex reflections, we derive new recursive structures for the Weingarten functions across different dimensions. This framework leads to two main results: (1) an explicit Weingarten calculus for complex reflections, yielding systematic moment computations for associated rank-one matrices, and (2) a novel convolution formula that connects Weingarten functions in dimension $n$ to those in dimension $n-1$, through the introduction of ascension functions in the symmetric group algebra. Our approach not only provides a unified treatment for unitary groups, but also sheds light on the algebraic and probabilistic aspects of high-degree integral computations. We present several examples and applications."
frontier,rigorous_lgt,2024,Surface sums for lattice Yang-Mills in the large-$N$ limit,Jacopo Borga; Sky Cao; Jasper Shogren-Knaak,preprint or unlinked proceedings,,,2411.11676,2411.11676v2,math.PR,10,6,INSPIRE,2026-08-21,2849723,large-N surface sums with signed-Catalan weights,https://arxiv.org/abs/2411.11676v2,https://arxiv.org/pdf/2411.11676v2,papers/frontier_watchlist/04_rigorous_lattice_yang_mills/2024_Borga_2411.11676.pdf,True,69,a1d2499ed48af9135546472d09f4078e3aa3e046914e2d450c262862a119fd0b,2024-11-18,2025-08-20,"We give a sum over weighted planar surfaces formula for Wilson loop expectations in the large-$N$ limit of strongly coupled lattice Yang-Mills theory, in any dimension. The weights of each surface are simple and expressed in terms of products of signed Catalan numbers. In establishing our results, the main novelty is to convert a recursive relation for Wilson loop expectations, known as the master loop equation, into a new peeling exploration of the planar surfaces. This exploration reveals hidden cancellations within the sums, enabling a deeper understanding of the structure of the planar surfaces. We view our results as a continuation of the program initiated in [CPS23] to understand Yang-Mills theories via surfaces and as a refinement of the string trajectories point-of-view developed in [Cha19a]."
