── ruff check . ──
All checks passed!
── ruff format --check . ──
564 files already formatted
── python scripts/check_docs.py ──
Documentation: 38 maintained files, 566 local links, 0 errors, 0 warnings.
Scope: curated explicit links only; external URLs and historical trees not scanned.
Use --json for parser limits and skipped-link counts.
── pytest -o addopts=--strict-markers --verbose --durations=20 ──
============================= test session starts =============================
platform win32 -- Python 3.13.12, pytest-9.1.1, pluggy-1.6.0 -- C:\WORKHOUSE\REPO\.venv\Scripts\python.exe
cachedir: .pytest_cache
rootdir: C:\WORKHOUSE\REPO
configfile: pyproject.toml
testpaths: tests
collecting ... collected 1957 items

tests/test_acquisition.py::test_pii_from_elsevier_doi PASSED             [  0%]
tests/test_acquisition.py::test_kek_scan_url_pattern PASSED              [  0%]
tests/test_acquisition.py::test_the_resolver_plan_never_touches_walled_publishers PASSED [  0%]
tests/test_acquisition.py::test_browser_links_carry_the_walled_archive_for_a_human PASSED [  0%]
tests/test_acquisition.py::test_a_source_only_work_keeps_its_canonical_acquisition_link PASSED [  0%]
tests/test_acquisition.py::test_walled_hosts_are_refused_wherever_the_url_comes_from PASSED [  0%]
tests/test_acquisition.py::test_resolve_refuses_to_overwrite_an_inbox_copy PASSED [  0%]
tests/test_acquisition.py::test_manifest_lists_exactly_the_unobtained_ranked PASSED [  0%]
tests/test_acquisition.py::test_the_manifest_renders_and_says_the_inbox_rule PASSED [  0%]
tests/test_acquisition.py::test_intake_identifies_by_filename PASSED     [  0%]
tests/test_acquisition.py::test_intake_identifies_by_title_sniff PASSED  [  0%]
tests/test_acquisition.py::test_intake_recognizes_an_already_pinned_copy PASSED [  0%]
tests/test_acquisition.py::test_intake_flags_different_bytes_under_a_pinned_id PASSED [  0%]
tests/test_acquisition.py::test_intake_tells_a_stub_to_be_promoted_first PASSED [  0%]
tests/test_acquisition.py::test_intake_leaves_the_unidentifiable_unclaimed PASSED [  0%]
tests/test_acquisition.py::test_intake_never_edits_the_index PASSED      [  0%]
tests/test_acquisition.py::test_intake_skips_the_inbox_readme PASSED     [  0%]
tests/test_acquisition.py::test_the_inbox_is_gitignored_except_its_readme PASSED [  0%]
tests/test_atlas.py::test_rendering_is_deterministic PASSED              [  0%]
tests/test_atlas.py::test_the_view_matches_the_graph_exactly PASSED      [  1%]
tests/test_atlas.py::test_the_dispute_stays_two_sided PASSED             [  1%]
tests/test_atlas.py::test_the_dispute_is_branchwise_and_keeps_originators PASSED [  1%]
tests/test_atlas.py::test_unifying_candidates_carry_their_falsifier PASSED [  1%]
tests/test_atlas.py::test_self_contained_except_google_fonts PASSED      [  1%]
tests/test_atlas.py::test_no_authored_prose_enters_the_page PASSED       [  1%]
tests/test_atlas.py::test_write_targets_a_path_outside_the_pinned_trees PASSED [  1%]
tests/test_atlas.py::test_full_graph_layout_uses_spatial_hashing_and_notes_are_opt_in PASSED [  1%]
tests/test_atlas.py::test_study_notes_are_visible_with_theory_while_archive_notes_stay_opt_in PASSED [  1%]
tests/test_briefing.py::test_missing_saved_index_never_falls_back_to_live[index/claims.jsonl] PASSED [  1%]
tests/test_briefing.py::test_missing_saved_index_never_falls_back_to_live[index/symbols.jsonl] PASSED [  1%]
tests/test_briefing.py::test_missing_saved_index_never_falls_back_to_live[index/graph.jsonl] PASSED [  1%]
tests/test_briefing.py::test_saved_verdicts_without_valid_provenance_have_unknown_freshness[None] PASSED [  1%]
tests/test_briefing.py::test_saved_verdicts_without_valid_provenance_have_unknown_freshness[{broken] PASSED [  1%]
tests/test_briefing.py::test_saved_verdicts_without_valid_provenance_have_unknown_freshness[{"schema": "unsupported/v9"}] PASSED [  1%]
tests/test_briefing.py::test_saved_verdicts_without_valid_provenance_have_unknown_freshness[[]] PASSED [  1%]
tests/test_briefing.py::test_saved_verdicts_without_valid_provenance_have_unknown_freshness[null] PASSED [  1%]
tests/test_briefing.py::test_saved_verdicts_without_valid_provenance_have_unknown_freshness[42] PASSED [  1%]
tests/test_briefing.py::test_matching_saved_snapshot_is_read_only_and_preserves_failed_routes PASSED [  1%]
tests/test_briefing.py::test_content_hash_detects_same_size_same_mtime_input_mutation PASSED [  1%]
tests/test_briefing.py::test_changed_saved_graph_bytes_are_stale_even_when_json_meaning_is_unchanged PASSED [  2%]
tests/test_briefing.py::test_invalid_targets_produce_failure_envelopes_without_checks[ids0] PASSED [  2%]
tests/test_briefing.py::test_invalid_targets_produce_failure_envelopes_without_checks[ids1] PASSED [  2%]
tests/test_briefing.py::test_invalid_targets_produce_failure_envelopes_without_checks[ids2] PASSED [  2%]
tests/test_briefing.py::test_invalid_targets_produce_failure_envelopes_without_checks[ids3] PASSED [  2%]
tests/test_briefing.py::test_invalid_targets_produce_failure_envelopes_without_checks[ids4] PASSED [  2%]
tests/test_briefing.py::test_invalid_targets_produce_failure_envelopes_without_checks[ids5] PASSED [  2%]
tests/test_briefing.py::test_mixed_valid_and_unknown_targets_do_not_silently_drop_the_unknown PASSED [  2%]
tests/test_briefing.py::test_malformed_saved_index_is_unavailable_not_a_live_rebuild[index/claims.jsonl-{bad json\n] PASSED [  2%]
tests/test_briefing.py::test_malformed_saved_index_is_unavailable_not_a_live_rebuild[index/claims.jsonl-{"id":"incomplete"}\n] PASSED [  2%]
tests/test_briefing.py::test_malformed_saved_index_is_unavailable_not_a_live_rebuild[index/symbols.jsonl-\xff\n] PASSED [  2%]
tests/test_briefing.py::test_malformed_saved_index_is_unavailable_not_a_live_rebuild[index/graph.jsonl-{"src":"G_TEST"}\n] PASSED [  2%]
tests/test_briefing.py::test_duplicate_saved_node_ids_are_unavailable[claim] PASSED [  2%]
tests/test_briefing.py::test_duplicate_saved_node_ids_are_unavailable[symbol] PASSED [  2%]
tests/test_briefing.py::test_duplicate_saved_node_ids_are_unavailable[claim_symbol_collision] PASSED [  2%]
tests/test_briefing.py::test_saved_edges_cannot_silently_reference_absent_nodes[src] PASSED [  2%]
tests/test_briefing.py::test_saved_edges_cannot_silently_reference_absent_nodes[dst] PASSED [  2%]
tests/test_briefing.py::test_unreadable_input_directory_cannot_produce_a_partial_fresh_manifest PASSED [  2%]
tests/test_briefing.py::test_changed_claim_text_invalidates_the_saved_brief_fingerprint PASSED [  2%]
tests/test_briefing.py::test_resigning_outer_envelope_does_not_hide_a_broken_content_manifest[input_manifest] PASSED [  3%]
tests/test_briefing.py::test_resigning_outer_envelope_does_not_hide_a_broken_content_manifest[snapshot] PASSED [  3%]
tests/test_briefing.py::test_bytes_changing_between_graph_read_and_return_are_reported[input] PASSED [  3%]
tests/test_briefing.py::test_bytes_changing_between_graph_read_and_return_are_reported[saved_index] PASSED [  3%]
tests/test_briefing.py::test_checkout_change_during_read_is_not_reported_as_a_consistent_brief PASSED [  3%]
tests/test_briefing.py::test_current_validation_detects_checkout_change_after_brief PASSED [  3%]
tests/test_briefing.py::test_index_provenance_is_not_written_after_inputs_change PASSED [  3%]
tests/test_briefing.py::test_startup_is_a_notice_without_freshness_scan_or_checks PASSED [  3%]
tests/test_briefing.py::test_live_reuse_fresh_bypass_and_byte_change_have_distinct_execution_counts PASSED [  3%]
tests/test_briefing.py::test_graph_build_failure_retains_completed_fresh_check_counts PASSED [  3%]
tests/test_briefing.py::test_interrupted_fresh_collection_reports_unknown_counts PASSED [  3%]
tests/test_briefing.py::test_cli_index_records_provenance_only_after_valid_stable_convergence[success] PASSED [  3%]
tests/test_briefing.py::test_cli_index_records_provenance_only_after_valid_stable_convergence[invalid_graph] PASSED [  3%]
tests/test_briefing.py::test_cli_index_records_provenance_only_after_valid_stable_convergence[nonconverged] PASSED [  3%]
tests/test_briefing.py::test_cli_index_records_provenance_only_after_valid_stable_convergence[changed_inputs] PASSED [  3%]
tests/test_briefing.py::test_cli_exclusive_output_saves_a_valid_brief_without_stdout PASSED [  3%]
tests/test_briefing.py::test_cli_json_without_output_path_prints_a_valid_brief PASSED [  3%]
tests/test_briefing.py::test_cli_out_refuses_to_overwrite_an_existing_receipt PASSED [  3%]
tests/test_briefing.py::test_cli_startup_requires_no_target_and_never_builds_a_brief PASSED [  3%]
tests/test_briefing.py::test_cli_startup_rejects_incompatible_flags_before_work[extra0] PASSED [  3%]
tests/test_briefing.py::test_cli_startup_rejects_incompatible_flags_before_work[extra1] PASSED [  4%]
tests/test_briefing.py::test_cli_startup_rejects_incompatible_flags_before_work[extra2] PASSED [  4%]
tests/test_briefing.py::test_cli_startup_rejects_incompatible_flags_before_work[extra3] PASSED [  4%]
tests/test_briefing.py::test_cli_startup_rejects_incompatible_flags_before_work[extra4] PASSED [  4%]
tests/test_certified.py::test_certified_md_is_current PASSED             [  4%]
tests/test_certified.py::test_every_claim_is_ranked_by_tier_alone PASSED [  4%]
tests/test_certified.py::test_every_claim_carries_a_reproduction_command PASSED [  4%]
tests/test_certified.py::test_the_reproduction_commands_actually_reproduce PASSED [  4%]
tests/test_certified.py::test_an_unmatched_filter_fails_loudly PASSED    [  4%]
tests/test_certified.py::test_t0_claims_point_at_real_lean_lines PASSED  [  4%]
tests/test_certified.py::test_the_page_says_what_it_does_not_cover PASSED [  4%]
tests/test_chain_channels.py::test_labels_are_the_irrep_excesses PASSED  [  4%]
tests/test_chain_channels.py::test_coplanar_chain_decomposes_into_74_channels_summing_to_x_quantum PASSED [  4%]
tests/test_check_cache.py::test_walk_matches_legacy_file_selection_and_global_order PASSED [  4%]
tests/test_check_cache.py::test_walk_prunes_excluded_directories_before_descent PASSED [  4%]
tests/test_check_cache.py::test_walk_propagates_unexpected_scan_errors PASSED [  4%]
tests/test_check_cache.py::test_walk_preserves_permission_error_skips PASSED [  4%]
tests/test_check_cache.py::test_fingerprint_covers_the_input_trees_and_changes_when_one_does PASSED [  4%]
tests/test_check_cache.py::test_index_reading_checks_are_keyed_on_the_index_too PASSED [  4%]
tests/test_check_cache.py::test_round_trip_and_hit_counting PASSED       [  5%]
tests/test_check_cache.py::test_a_suite_run_with_a_cache_skips_the_body_on_a_hit PASSED [  5%]
tests/test_check_cache.py::test_no_cache_env_disables_it PASSED          [  5%]
tests/test_check_cache.py::test_verify_never_passes_a_cache PASSED       [  5%]
tests/test_check_cache.py::test_standalone_bridge_implementation_change_invalidates_cached_check PASSED [  5%]
tests/test_check_cache.py::test_observed_collection_reuses_by_content_and_reports_check_identity PASSED [  5%]
tests/test_check_cache.py::test_fresh_observation_bypasses_cache_reads_and_writes PASSED [  5%]
tests/test_check_cache.py::test_observations_restore_nested_and_exceptional_contexts PASSED [  5%]
tests/test_check_cache.py::test_observed_index_key_uses_bytes_even_when_size_and_mtime_match PASSED [  5%]
tests/test_check_cache.py::test_observed_index_fails_on_unreadable_data[scan] PASSED [  5%]
tests/test_check_cache.py::test_observed_index_fails_on_unreadable_data[read] PASSED [  5%]
tests/test_ci_scope.py::test_manual_full_flag PASSED                     [  5%]
tests/test_ci_scope.py::test_doc_files_classify_as_fast_path PASSED      [  5%]
tests/test_ci_scope.py::test_code_and_lean_classify_as_full_path PASSED  [  5%]
tests/test_ci_scope.py::test_unclassified_file_forces_full_path PASSED   [  5%]
tests/test_ci_scope.py::test_missing_base_sha_falls_back_to_full_path PASSED [  5%]
tests/test_cli.py::TestNegativeQueryRescue::test_bare_negative_value_still_rescued PASSED [  5%]
tests/test_cli.py::TestNegativeQueryRescue::test_trailing_options_survive_the_rescue PASSED [  5%]
tests/test_cli.py::TestNegativeQueryRescue::test_explicit_separator_is_left_alone PASSED [  5%]
tests/test_cli.py::TestNegativeQueryRescue::test_option_valued_queries_untouched PASSED [  5%]
tests/test_cli.py::TestNegativeQueryRescue::test_negative_with_options_parses_end_to_end PASSED [  6%]
tests/test_cli.py::TestPlainStdout::test_no_color_flag_forces_plain PASSED [  6%]
tests/test_cli.py::TestPlainStdout::test_no_color_env_forces_plain PASSED [  6%]
tests/test_cli.py::TestPlainStdout::test_piped_output_carries_no_ansi PASSED [  6%]
tests/test_cli.py::TestJsonOutput::test_search_json_is_one_object_with_hits PASSED [  6%]
tests/test_cli.py::TestJsonOutput::test_why_json_carries_record_and_edges PASSED [  6%]
tests/test_cli.py::TestJsonOutput::test_why_json_unknown_id_fails_with_error_object PASSED [  6%]
tests/test_cli.py::TestJsonOutput::test_verify_json_reports_each_check PASSED [  6%]
tests/test_cli.py::TestJsonOutput::test_verify_json_no_match_is_failure PASSED [  6%]
tests/test_cli.py::TestWhyNextActions::test_explain_ends_with_runnable_verifier_commands PASSED [  6%]
tests/test_cli.py::TestWhyNextActions::test_neighborhood_matches_explain_resolution PASSED [  6%]
tests/test_cli.py::test_no_locale_dependent_text_reads[claims] PASSED    [  6%]
tests/test_cli.py::test_no_locale_dependent_text_reads[certified] PASSED [  6%]
tests/test_cli.py::test_no_locale_dependent_text_reads[graph] PASSED     [  6%]
tests/test_cli.py::test_no_locale_dependent_text_reads[ledger] PASSED    [  6%]
tests/test_cli.py::test_no_locale_dependent_text_reads[literature] PASSED [  6%]
tests/test_cli.py::test_no_locale_dependent_text_reads[navigator] PASSED [  6%]
tests/test_cli.py::test_no_locale_dependent_text_reads[search] PASSED    [  6%]
tests/test_cli.py::test_no_locale_dependent_text_reads[cli] PASSED       [  6%]
tests/test_cli.py::TestDerive::test_multi_root_markdown_export PASSED    [  7%]
tests/test_cli.py::TestDerive::test_checks_carry_verdict_and_reproduce PASSED [  7%]
tests/test_cli.py::TestDerive::test_unknown_root_fails_but_renders_the_rest PASSED [  7%]
tests/test_cli.py::TestBranches::test_c2_shows_both_sides_and_the_missing_comparison PASSED [  7%]
tests/test_cli.py::TestBranches::test_no_sides_id_is_a_clean_failure PASSED [  7%]
tests/test_cli.py::TestExport::test_envelope_shape_and_vocabularies PASSED [  7%]
tests/test_cli.py::TestNearestValue::test_miss_reports_nearest_registered_value PASSED [  7%]
tests/test_cli.py::TestNearestValue::test_hit_path_stays_silent_about_proximity PASSED [  7%]
tests/test_cli.py::TestNearestValue::test_json_carries_the_nearest_object PASSED [  7%]
tests/test_cli.py::test_generated_files_pin_lf_newlines PASSED           [  7%]
tests/test_cli.py::test_verify_only_is_repeatable PASSED                 [  7%]
tests/test_constants.py::test_registry_vocabularies_are_closed PASSED    [  7%]
tests/test_constants.py::test_resolved_dispute_keeps_both_sides_recorded PASSED [  7%]
tests/test_constants.py::test_the_anchor_pair_is_recorded_but_not_disputed PASSED [  7%]
tests/test_constants.py::test_scalar_shift_leaves_the_centered_operator_alone PASSED [  7%]
tests/test_constants.py::test_phi_c_vanishes_at_gamma_so_gamma_data_cannot_fix_delta_c PASSED [  7%]
tests/test_constants.py::test_exact_values_stay_exact_for_integer_ranks PASSED [  7%]
tests/test_constants.py::test_float_only_values_are_named_num PASSED     [  7%]
tests/test_constants.py::test_q4_cross_derives_from_beta_pen PASSED      [  7%]
tests/test_constants.py::test_shared_values_are_declared_coincidences_not_accidental_aliases PASSED [  7%]
tests/test_continuum_scale_comparison.py::test_native_suite_runs_seven_precisely_scoped_checks PASSED [  8%]
tests/test_continuum_scale_comparison.py::test_schur_certificate_rejects_corruption[interval] PASSED [  8%]
tests/test_continuum_scale_comparison.py::test_schur_certificate_rejects_corruption[index] PASSED [  8%]
tests/test_continuum_scale_comparison.py::test_schur_certificate_rejects_corruption[margin] PASSED [  8%]
tests/test_continuum_scale_comparison.py::test_schur_certificate_rejects_corruption[missing] PASSED [  8%]
tests/test_continuum_scale_comparison.py::test_root_replay_distinguishes_branch_multiplicity_and_endpoint_roots PASSED [  8%]
tests/test_continuum_scale_comparison.py::test_schur_construction_rejects_invalid_hypotheses[floor] PASSED [  8%]
tests/test_continuum_scale_comparison.py::test_schur_construction_rejects_invalid_hypotheses[float] PASSED [  8%]
tests/test_continuum_scale_comparison.py::test_schur_construction_rejects_invalid_hypotheses[nonsymmetric] PASSED [  8%]
tests/test_continuum_scale_comparison.py::test_schur_construction_rejects_invalid_hypotheses[static] PASSED [  8%]
tests/test_continuum_scale_comparison.py::test_schur_construction_rejects_invalid_hypotheses[shape] PASSED [  8%]
tests/test_continuum_scale_comparison.py::test_psd_acceptance_keeps_off_diagonal_principal_minors PASSED [  8%]
tests/test_continuum_scale_comparison.py::test_invalid_original_link_or_box_geometry_is_rejected[0-2-1] PASSED [  8%]
tests/test_continuum_scale_comparison.py::test_invalid_original_link_or_box_geometry_is_rejected[2-2-0] PASSED [  8%]
tests/test_continuum_scale_comparison.py::test_invalid_original_link_or_box_geometry_is_rejected[2-2-3] PASSED [  8%]
tests/test_continuum_scale_comparison.py::test_invalid_original_link_or_box_geometry_is_rejected[2.0-2-1] PASSED [  8%]
tests/test_continuum_scale_comparison.py::test_invalid_original_link_or_box_geometry_is_rejected[True-2-1] PASSED [  8%]
tests/test_continuum_scale_comparison.py::test_original_link_curl_keeps_shared_edge_orientation PASSED [  8%]
tests/test_continuum_scale_comparison.py::test_graph_sources_cover_a_whole_low_window_with_a_dressed_vacuum PASSED [  8%]
tests/test_continuum_scale_comparison.py::test_graph_source_acceptance_rejects_invalid_window_or_fast_floor[nonprojector] PASSED [  8%]
tests/test_continuum_scale_comparison.py::test_graph_source_acceptance_rejects_invalid_window_or_fast_floor[nonreducing] PASSED [  9%]
tests/test_continuum_scale_comparison.py::test_graph_source_acceptance_rejects_invalid_window_or_fast_floor[highenergy] PASSED [  9%]
tests/test_continuum_scale_comparison.py::test_graph_source_acceptance_rejects_invalid_window_or_fast_floor[floor] PASSED [  9%]
tests/test_continuum_scale_comparison.py::test_inverse_budget_is_in_energy_units_and_requires_positive_bounds PASSED [  9%]
tests/test_continuum_scale_comparison.py::test_returned_controls_and_certificates_do_not_mutate_cached_acceptance PASSED [  9%]
tests/test_continuum_scale_comparison.py::test_periodic_geometry_rejects_short_or_noninteger_conventions[1] PASSED [  9%]
tests/test_continuum_scale_comparison.py::test_periodic_geometry_rejects_short_or_noninteger_conventions[2] PASSED [  9%]
tests/test_continuum_scale_comparison.py::test_periodic_geometry_rejects_short_or_noninteger_conventions[3.0] PASSED [  9%]
tests/test_continuum_scale_comparison.py::test_periodic_geometry_rejects_short_or_noninteger_conventions[True] PASSED [  9%]
tests/test_continuum_scale_comparison.py::test_periodic_green_requires_a_complete_site_set PASSED [  9%]
tests/test_continuum_scale_comparison.py::test_periodic_harmonic_directions_and_nonlocal_witness_survive_replay PASSED [  9%]
tests/test_continuum_scale_comparison.py::test_runner_rejects_overwrite_and_disabled_assertions[False] PASSED [  9%]
tests/test_continuum_scale_comparison.py::test_runner_rejects_overwrite_and_disabled_assertions[True] PASSED [  9%]
tests/test_continuum_wilson_block.py::test_native_suite_checks_all_six_scoped_controls PASSED [  9%]
tests/test_continuum_wilson_block.py::test_rotor_replay_rejects_corrupted_enclosure[sturm] PASSED [  9%]
tests/test_continuum_wilson_block.py::test_rotor_replay_rejects_corrupted_enclosure[tail] PASSED [  9%]
tests/test_continuum_wilson_block.py::test_rotor_replay_rejects_corrupted_enclosure[normalization] PASSED [  9%]
tests/test_continuum_wilson_block.py::test_rotor_replay_rejects_corrupted_enclosure[duplicate_index] PASSED [  9%]
tests/test_continuum_wilson_block.py::test_rotor_replay_rejects_a_barrier_at_the_tail_floor PASSED [  9%]
tests/test_continuum_wilson_block.py::test_certificate_payloads_do_not_share_mutable_state PASSED [ 10%]
tests/test_continuum_wilson_block.py::test_sturm_internal_zero_principal_minor_uses_the_correct_sign_count PASSED [ 10%]
tests/test_continuum_wilson_block.py::test_sturm_rejects_an_invalid_jacobi_domain[0-2] PASSED [ 10%]
tests/test_continuum_wilson_block.py::test_sturm_rejects_an_invalid_jacobi_domain[-1-2] PASSED [ 10%]
tests/test_continuum_wilson_block.py::test_sturm_rejects_an_invalid_jacobi_domain[1-1] PASSED [ 10%]
tests/test_continuum_wilson_block.py::test_sturm_rejects_an_invalid_jacobi_domain[1-2.0] PASSED [ 10%]
tests/test_continuum_wilson_block.py::test_gaussian_moments_keep_mixed_and_odd_terms_distinct PASSED [ 10%]
tests/test_continuum_wilson_block.py::test_invalid_rank_is_rejected PASSED [ 10%]
tests/test_continuum_wilson_block.py::test_independent_original_link_and_effective_matrix_paths_agree PASSED [ 10%]
tests/test_continuum_wilson_block.py::test_runner_preserves_existing_evidence PASSED [ 10%]
tests/test_continuum_wilson_block.py::test_runner_refuses_disabled_assertions PASSED [ 10%]
tests/test_corpus_index.py::test_code_files_outnumber_prose PASSED       [ 10%]
tests/test_corpus_index.py::test_sealed_core_is_visible_here PASSED      [ 10%]
tests/test_corpus_index.py::test_short_rationals_need_a_denominator_floor PASSED [ 10%]
tests/test_corpus_index.py::test_finds_undocumented_convention_factors PASSED [ 10%]
tests/test_corpus_index.py::test_classifier_is_prose_only PASSED         [ 10%]
tests/test_corpus_index.py::test_scan_is_read_only PASSED                [ 10%]
tests/test_corpus_integrity.py::test_manifest_exists_and_is_substantial PASSED [ 10%]
tests/test_corpus_integrity.py::test_every_corpus_file_matches_its_hash PASSED [ 10%]
tests/test_corpus_integrity.py::test_formatters_are_excluded_from_evidence PASSED [ 10%]
tests/test_corpus_integrity.py::test_nothing_in_the_corpus_escapes_the_manifest PASSED [ 11%]
tests/test_corpus_integrity.py::test_the_corpus_carries_no_file_that_would_load_as_instructions PASSED [ 11%]
tests/test_corpus_registry.py::test_the_corpus_has_no_undetected_transcription_slips PASSED [ 11%]
tests/test_corpus_registry.py::test_attribution_survives_chained_equalities PASSED [ 11%]
tests/test_corpus_registry.py::test_the_b5_difference_is_exactly_A5 PASSED [ 11%]
tests/test_corpus_registry.py::test_pentagonal_ratio_chain_is_only_half_documented PASSED [ 11%]
tests/test_corpus_registry.py::test_coverage_makes_the_unexamined_remainder_visible PASSED [ 11%]
tests/test_decisions.py::test_no_two_decisions_claim_the_same_number PASSED [ 11%]
tests/test_decisions.py::test_every_decision_filename_is_shaped_like_one PASSED [ 11%]
tests/test_derivation_statements.py::test_support_never_manufactures_a_whole_statement_proof PASSED [ 11%]
tests/test_derivation_statements.py::test_changed_source_and_wrong_anchor_cannot_keep_stale_provenance PASSED [ 11%]
tests/test_derivation_statements.py::test_added_derivation_cannot_silently_escape_the_inventory PASSED [ 11%]
tests/test_derivation_statements.py::test_missing_dependency_and_cycle_are_reported PASSED [ 11%]
tests/test_derivation_statements.py::test_formal_support_must_name_a_registered_theorem_and_scope PASSED [ 11%]
tests/test_derivation_statements.py::test_no_coverage_by_empty_fields_or_escaping_source_path PASSED [ 11%]
tests/test_derivation_statements.py::test_live_inventory_has_complete_source_identity_and_registered_support PASSED [ 11%]
tests/test_derivation_statements.py::test_generated_graph_retains_precise_source_and_kernel_dependencies PASSED [ 11%]
tests/test_dimension_five_irrelevance.py::test_no_dim_5_check PASSED     [ 11%]
tests/test_dimension_five_irrelevance.py::test_dim_6_leading_check PASSED [ 11%]
tests/test_dimension_five_irrelevance.py::test_scaling_gain_check PASSED [ 12%]
tests/test_dimension_five_irrelevance.py::test_cauchy_sum_check PASSED   [ 12%]
tests/test_dimension_five_irrelevance.py::test_so4_restoration_check PASSED [ 12%]
tests/test_dimension_five_irrelevance.py::test_dim5_suite_run PASSED     [ 12%]
tests/test_discovery.py::test_graph_discovers_connected_statement_without_shared_query_words PASSED [ 12%]
tests/test_discovery.py::test_lexical_ablation_and_no_hits_do_not_invent_candidates PASSED [ 12%]
tests/test_discovery.py::test_seed_search_preserves_all_three_evidence_axes PASSED [ 12%]
tests/test_discovery.py::test_connections_exclude_existing_direct_relationships PASSED [ 12%]
tests/test_discovery.py::test_input_bounds[kwargs0] PASSED               [ 12%]
tests/test_discovery.py::test_input_bounds[kwargs1] PASSED               [ 12%]
tests/test_discovery.py::test_input_bounds[kwargs2] PASSED               [ 12%]
tests/test_discovery.py::test_input_bounds[kwargs3] PASSED               [ 12%]
tests/test_discovery.py::test_input_bounds[kwargs4] PASSED               [ 12%]
tests/test_discovery.py::test_rrf_deduplicates_channels_and_explains_each_contribution PASSED [ 12%]
tests/test_discovery.py::test_context_budget_counts_json_escaping_and_reports_omissions PASSED [ 12%]
tests/test_discovery.py::test_context_pack_drops_lowest_ranks_first_and_names_them PASSED [ 12%]
tests/test_discovery.py::test_source_diversity_keeps_other_sources_visible PASSED [ 12%]
tests/test_discovery.py::test_unlinked_lexical_passage_is_not_demoted_for_lacking_graph_channel PASSED [ 12%]
tests/test_discovery.py::test_source_diversity_normalizes_line_locators PASSED [ 12%]
tests/test_discovery.py::test_literal_filename_is_preserved_in_source_grouping[corpus/#-Final-unified-theory.txt] PASSED [ 12%]
tests/test_discovery.py::test_literal_filename_is_preserved_in_source_grouping[corpus/STATUS (2).md] PASSED [ 13%]
tests/test_discovery.py::test_context_retains_detected_stale_inputs PASSED [ 13%]
tests/test_discovery.py::test_cli_context_budget_and_no_overwrite PASSED [ 13%]
tests/test_discovery.py::test_cli_unknown_path_target_is_structured_failure PASSED [ 13%]
tests/test_discovery.py::test_connections_reserve_slots_for_unlinked_passages PASSED [ 13%]
tests/test_discovery.py::test_abstention_hint_is_a_coverage_rule_not_a_verdict PASSED [ 13%]
tests/test_discovery.py::test_identical_passages_collapse_and_external_can_be_excluded PASSED [ 13%]
tests/test_discovery_benchmark.py::test_metrics_use_first_relevant_rank_and_count_misses PASSED [ 13%]
tests/test_discovery_benchmark.py::test_relevant_hit_beyond_k_is_a_miss_and_duplicates_do_not_boost_score PASSED [ 13%]
tests/test_discovery_benchmark.py::test_path_relevance_normalizes_locations_and_requires_text_marker PASSED [ 13%]
tests/test_discovery_benchmark.py::test_claim_ids_in_prose_are_not_counted_as_returned_claims PASSED [ 13%]
tests/test_discovery_benchmark.py::test_matching_passage_can_supply_actual_source_and_marker PASSED [ 13%]
tests/test_discovery_benchmark.py::test_negative_controls_and_errors_are_not_silent_successes PASSED [ 13%]
tests/test_discovery_benchmark.py::test_empty_positive_population_is_unavailable_not_perfect PASSED [ 13%]
tests/test_discovery_benchmark.py::test_frozen_fixture_is_well_formed_and_keeps_both_controls PASSED [ 13%]
tests/test_discovery_benchmark.py::test_fixture_rejects_duplicate_ids PASSED [ 13%]
tests/test_discovery_benchmark.py::test_report_refuses_to_overwrite PASSED [ 13%]
tests/test_discovery_benchmark.py::test_missing_saved_input_stops_before_importing_or_collecting PASSED [ 13%]
tests/test_discovery_benchmark.py::test_related_graph_suggestions_do_not_inflate_primary_hit_metrics PASSED [ 13%]
tests/test_discovery_benchmark.py::test_heldout_fixture_loads_and_is_disjoint_from_the_development_fixture PASSED [ 14%]
tests/test_discovery_evaluate.py::test_fixture_normalization_accepts_heldout_spellings PASSED [ 14%]
tests/test_discovery_evaluate.py::test_fixture_rejects_wrong_schema_and_keeps_benchmark_rules PASSED [ 14%]
tests/test_discovery_evaluate.py::test_development_fixture_is_not_mistaken_for_held_out PASSED [ 14%]
tests/test_discovery_evaluate.py::test_configurations_score_recall_negatives_diversity_and_cross_family PASSED [ 14%]
tests/test_discovery_evaluate.py::test_graph_configuration_runs_with_default_search_and_lexicon_is_reported_absent PASSED [ 14%]
tests/test_discovery_evaluate.py::test_first_query_rehashes_then_freshness_rechecks_stop PASSED [ 14%]
tests/test_discovery_evaluate.py::test_hit_family_labels_external_records_and_passages PASSED [ 14%]
tests/test_discovery_evaluate.py::test_plan_arguments_follow_engine_deduplication PASSED [ 14%]
tests/test_discovery_evaluate.py::test_plans_directory_is_applied_and_reported PASSED [ 14%]
tests/test_discovery_evaluate.py::test_lexicon_configurations_run_when_module_and_file_exist PASSED [ 14%]
tests/test_discovery_evaluate.py::test_lexicon_import_failure_is_reported_not_raised PASSED [ 14%]
tests/test_discovery_evaluate.py::test_leakage_check_flags_stems_and_ids_at_token_boundaries PASSED [ 14%]
tests/test_discovery_evaluate.py::test_eligible_edges_require_curated_types_and_long_statements PASSED [ 14%]
tests/test_discovery_evaluate.py::test_sampling_is_deterministic_and_type_stratified PASSED [ 14%]
tests/test_discovery_evaluate.py::test_hidden_edge_is_absent_from_temporary_graph_and_restored PASSED [ 14%]
tests/test_discovery_evaluate.py::test_graph_is_restored_when_connections_fail PASSED [ 14%]
tests/test_discovery_evaluate.py::test_link_recovery_report_breaks_down_by_type_and_family PASSED [ 14%]
tests/test_discovery_evaluate.py::test_recovery_summary_arithmetic PASSED [ 14%]
tests/test_discovery_evaluate.py::test_related_band_is_scored_separately_and_never_inflates_primary_recall PASSED [ 14%]
tests/test_discovery_evaluate.py::test_graph_channel_recovers_linked_record_in_related_band PASSED [ 15%]
tests/test_discovery_evaluate.py::test_memory_probe_never_raises PASSED  [ 15%]
tests/test_discovery_evaluate.py::test_run_writes_report_and_markdown_then_refuses_overwrite PASSED [ 15%]
tests/test_discovery_evaluate.py::test_render_markdown_handles_skipped_links_and_unavailable_configurations PASSED [ 15%]
tests/test_discovery_evaluate.py::test_absent_fixture_is_skipped_with_a_message PASSED [ 15%]
tests/test_discovery_evaluate.py::test_add_parser_registers_evaluate_subcommand PASSED [ 15%]
tests/test_discovery_graph.py::test_pagerank_matches_solved_three_node_chain_and_reports_tail_mass PASSED [ 15%]
tests/test_discovery_graph.py::test_dangling_mass_returns_to_personalization_and_unknown_seeds_are_explicit PASSED [ 15%]
tests/test_discovery_graph.py::test_iteration_cap_is_honest_about_nonconvergence PASSED [ 15%]
tests/test_discovery_graph.py::test_rank_rejects_invalid_bounds[kwargs0] PASSED [ 15%]
tests/test_discovery_graph.py::test_rank_rejects_invalid_bounds[kwargs1] PASSED [ 15%]
tests/test_discovery_graph.py::test_rank_rejects_invalid_bounds[kwargs2] PASSED [ 15%]
tests/test_discovery_graph.py::test_rank_rejects_invalid_bounds[kwargs3] PASSED [ 15%]
tests/test_discovery_graph.py::test_rank_rejects_invalid_bounds[kwargs4] PASSED [ 15%]
tests/test_discovery_graph.py::test_rank_rejects_invalid_bounds[kwargs5] PASSED [ 15%]
tests/test_discovery_graph.py::test_rank_rejects_invalid_bounds[kwargs6] PASSED [ 15%]
tests/test_discovery_graph.py::test_rank_rejects_invalid_bounds[kwargs7] PASSED [ 15%]
tests/test_discovery_graph.py::test_rank_rejects_invalid_bounds[kwargs8] PASSED [ 15%]
tests/test_discovery_graph.py::test_rank_rejects_invalid_seed_weights[-1] PASSED [ 15%]
tests/test_discovery_graph.py::test_rank_rejects_invalid_seed_weights[nan] PASSED [ 15%]
tests/test_discovery_graph.py::test_rank_rejects_invalid_seed_weights[inf] PASSED [ 16%]
tests/test_discovery_graph.py::test_archive_hub_cannot_manufacture_discovery_paths PASSED [ 16%]
tests/test_discovery_graph.py::test_specific_dependency_beats_large_citation_hub PASSED [ 16%]
tests/test_discovery_graph.py::test_repeated_sources_do_not_multiply_retrieval_weight PASSED [ 16%]
tests/test_discovery_graph.py::test_dangling_and_malformed_edges_reported_without_invented_nodes PASSED [ 16%]
tests/test_discovery_graph.py::test_duplicate_record_ids_fail_instead_of_arbitrarily_choosing_source PASSED [ 16%]
tests/test_discovery_graph.py::test_exploratory_path_retains_original_edge_and_reverse_direction PASSED [ 16%]
tests/test_discovery_graph.py::test_dependencies_keep_direction_and_exclude_support_and_mentions PASSED [ 16%]
tests/test_discovery_graph.py::test_paths_are_shortest_first_deterministic_and_cycle_safe PASSED [ 16%]
tests/test_discovery_graph.py::test_path_bounds_report_actual_examined_entries PASSED [ 16%]
tests/test_discovery_graph.py::test_path_bounds_are_validated[kwargs0] PASSED [ 16%]
tests/test_discovery_graph.py::test_path_bounds_are_validated[kwargs1] PASSED [ 16%]
tests/test_discovery_graph.py::test_path_bounds_are_validated[kwargs2] PASSED [ 16%]
tests/test_discovery_graph.py::test_path_bounds_are_validated[kwargs3] PASSED [ 16%]
tests/test_discovery_graph.py::test_dependency_impact_distinguishes_downstream_from_exploratory_relevance PASSED [ 16%]
tests/test_discovery_graph.py::test_specific_shared_witness_is_more_informative_than_a_hub PASSED [ 16%]
tests/test_discovery_graph.py::test_source_families_identify_locator_overlap_without_claiming_independence PASSED [ 16%]
tests/test_discovery_graph.py::test_citation_overlap_is_reported_with_original_locators PASSED [ 16%]
tests/test_discovery_graph.py::test_queries_never_mutate_inputs_or_promote_scientific_status PASSED [ 16%]
tests/test_discovery_graph.py::test_unknown_provenance_cannot_enter_dependency_traversal PASSED [ 17%]
tests/test_discovery_graph.py::test_source_families_strip_derivation_locators_but_preserve_literal_filenames PASSED [ 17%]
tests/test_discovery_graph.py::test_push_rank_matches_power_iteration_within_its_reported_residual PASSED [ 17%]
tests/test_discovery_graph.py::test_push_rank_restarts_dangling_mass_and_reports_push_cap PASSED [ 17%]
tests/test_discovery_graph.py::test_neighbors_and_paths_limit_are_explicit_about_unexplored_rows PASSED [ 17%]
tests/test_discovery_graph.py::test_paths_copy_edges_only_for_returned_paths PASSED [ 17%]
tests/test_discovery_index.py::test_exact_signed_values_and_mathematical_tokens PASSED [ 17%]
tests/test_discovery_index.py::test_signed_fraction_retrieval_does_not_conflate_values PASSED [ 17%]
tests/test_discovery_index.py::test_quotes_and_match_operators_are_only_query_text PASSED [ 17%]
tests/test_discovery_index.py::test_passage_line_provenance_and_range_scoped_claim_links PASSED [ 17%]
tests/test_discovery_index.py::test_record_hits_point_to_exact_saved_jsonl PASSED [ 17%]
tests/test_discovery_index.py::test_content_hash_detects_same_size_same_mtime_edit PASSED [ 17%]
tests/test_discovery_index.py::test_content_addressed_cache_reuse_and_corruption_recovery PASSED [ 17%]
tests/test_discovery_index.py::test_missing_or_malformed_saved_index_never_collects PASSED [ 17%]
tests/test_discovery_index.py::test_declared_source_scope_and_exclusions PASSED [ 17%]
tests/test_discovery_index.py::test_symlink_source_escape_is_excluded SKIPPED [ 17%]
tests/test_discovery_index.py::test_oversized_single_line_is_bounded_and_exact PASSED [ 17%]
tests/test_discovery_index.py::test_unicode_minus_preserves_fraction_polarity PASSED [ 17%]
tests/test_discovery_index.py::test_literal_hash_and_parentheses_in_source_names_keep_graph_joins PASSED [ 17%]
tests/test_discovery_index.py::test_integer_and_decimal_signs_survive_numeric_tokenization[1] PASSED [ 17%]
tests/test_discovery_index.py::test_integer_and_decimal_signs_survive_numeric_tokenization[0.75] PASSED [ 18%]
tests/test_discovery_index.py::test_integer_and_decimal_signs_survive_numeric_tokenization[.75] PASSED [ 18%]
tests/test_discovery_index.py::test_integer_and_decimal_signs_survive_numeric_tokenization[2.5e-3] PASSED [ 18%]
tests/test_discovery_index.py::test_rational_plus_and_denominator_signs_are_canonical PASSED [ 18%]
tests/test_discovery_index.py::test_metadata_can_reuse_the_build_observation_only_when_asked PASSED [ 18%]
tests/test_discovery_index.py::test_plain_file_rejects_links_and_directories SKIPPED [ 18%]
tests/test_discovery_index.py::test_external_locator_prefix_and_row_provenance PASSED [ 18%]
tests/test_discovery_index.py::test_external_content_dedup_records_aliases_and_does_not_rechunk PASSED [ 18%]
tests/test_discovery_index.py::test_external_disabled_and_absent_roots_are_reported_not_failures PASSED [ 18%]
tests/test_discovery_index.py::test_external_exclusion_globs_names_depth_and_nested_checkouts PASSED [ 18%]
tests/test_discovery_index.py::test_external_paths_inside_checkout_or_protected_subtrees_are_refused PASSED [ 18%]
tests/test_discovery_index.py::test_external_junction_or_symlink_inside_root_is_refused PASSED [ 18%]
tests/test_discovery_index.py::test_external_freshness_is_stat_based_between_builds PASSED [ 18%]
tests/test_discovery_index.py::test_external_scope_changes_and_labels_enter_the_fingerprint PASSED [ 18%]
tests/test_discovery_index.py::test_malformed_scope_file_is_an_explicit_error PASSED [ 18%]
tests/test_discovery_index.py::test_external_non_utf8_and_oversized_files_are_excluded PASSED [ 18%]
tests/test_discovery_index.py::test_lost_math_opener_does_not_protect_the_rest_of_the_document PASSED [ 18%]
tests/test_discovery_lexicon.py::test_seed_lexicon_loads_with_citations PASSED [ 18%]
tests/test_discovery_lexicon.py::test_variant_with_nonexistent_citation_is_rejected PASSED [ 18%]
tests/test_discovery_lexicon.py::test_variant_cited_beyond_file_end_is_rejected PASSED [ 19%]
tests/test_discovery_lexicon.py::test_variant_words_absent_from_cited_lines_are_rejected PASSED [ 19%]
tests/test_discovery_lexicon.py::test_accents_dashes_and_tex_escapes_fold_for_citation_checks PASSED [ 19%]
tests/test_discovery_lexicon.py::test_schema_problems_are_named[<lambda>-schema must be] PASSED [ 19%]
tests/test_discovery_lexicon.py::test_schema_problems_are_named[<lambda>-version must be] PASSED [ 19%]
tests/test_discovery_lexicon.py::test_schema_problems_are_named[<lambda>-duplicate concept] PASSED [ 19%]
tests/test_discovery_lexicon.py::test_schema_problems_are_named[<lambda>-hyphenated slug] PASSED [ 19%]
tests/test_discovery_lexicon.py::test_schema_problems_are_named[<lambda>-reserved keys0] PASSED [ 19%]
tests/test_discovery_lexicon.py::test_schema_problems_are_named[<lambda>-reserved keys1] PASSED [ 19%]
tests/test_discovery_lexicon.py::test_schema_problems_are_named[<lambda>-reserved keys2] PASSED [ 19%]
tests/test_discovery_lexicon.py::test_schema_problems_are_named[<lambda>-unknown] PASSED [ 19%]
tests/test_discovery_lexicon.py::test_schema_problems_are_named[<lambda>-relate to itself] PASSED [ 19%]
tests/test_discovery_lexicon.py::test_schema_problems_are_named[<lambda>-family 'blog'] PASSED [ 19%]
tests/test_discovery_lexicon.py::test_schema_problems_are_named[<lambda>-path:line] PASSED [ 19%]
tests/test_discovery_lexicon.py::test_schema_problems_are_named[<lambda>-sources live under] PASSED [ 19%]
tests/test_discovery_lexicon.py::test_schema_problems_are_named[<lambda>-no word] PASSED [ 19%]
tests/test_discovery_lexicon.py::test_schema_problems_are_named[<lambda>-graph ID] PASSED [ 19%]
tests/test_discovery_lexicon.py::test_schema_problems_are_named[<lambda>-at least two] PASSED [ 19%]
tests/test_discovery_lexicon.py::test_schema_problems_are_named[<lambda>-ISO date] PASSED [ 19%]
tests/test_discovery_lexicon.py::test_schema_problems_are_named[<lambda>-missing keys] PASSED [ 19%]
tests/test_discovery_lexicon.py::test_reserved_vocabulary_cannot_enter_even_without_citation_checks PASSED [ 20%]
tests/test_discovery_lexicon.py::test_citation_outside_checkout_is_rejected PASSED [ 20%]
tests/test_discovery_lexicon.py::test_focused_expansion_is_deterministic_and_prefers_multi_token_variants PASSED [ 20%]
tests/test_discovery_lexicon.py::test_in_place_expansion_substitutes_the_matched_phrase PASSED [ 20%]
tests/test_discovery_lexicon.py::test_expansion_order_is_independent_of_entry_order[focused] PASSED [ 20%]
tests/test_discovery_lexicon.py::test_expansion_order_is_independent_of_entry_order[in-place] PASSED [ 20%]
tests/test_discovery_lexicon.py::test_expansion_never_drops_exact_rationals_or_ids[focused] PASSED [ 20%]
tests/test_discovery_lexicon.py::test_expansion_never_drops_exact_rationals_or_ids[in-place] PASSED [ 20%]
tests/test_discovery_lexicon.py::test_in_place_replacement_tolerates_stop_words_plurals_and_dashes PASSED [ 20%]
tests/test_discovery_lexicon.py::test_nested_alternatives_are_not_stacked PASSED [ 20%]
tests/test_discovery_lexicon.py::test_expansion_budget_and_round_robin PASSED [ 20%]
tests/test_discovery_lexicon.py::test_no_match_yields_no_sub_queries PASSED [ 20%]
tests/test_discovery_lexicon.py::test_plan_shape PASSED                  [ 20%]
tests/test_discovery_lexicon.py::test_plan_file_feeds_the_cli_queries_file_reader PASSED [ 20%]
tests/test_discovery_lexicon.py::test_lexicon_add_appends_bumps_version_and_rejects_uncited PASSED [ 20%]
tests/test_discovery_lexicon.py::test_lexicon_add_aligns_with_hand_indented_lists_and_keeps_comments PASSED [ 20%]
tests/test_discovery_lexicon.py::test_cli_plan_json_out_and_no_overwrite PASSED [ 20%]
tests/test_discovery_lexicon.py::test_cli_lexicon_list_show_validate_add PASSED [ 20%]
tests/test_discovery_lexicon.py::test_cli_validate_reports_broken_lexicon PASSED [ 20%]
tests/test_discovery_lexicon.py::test_shipped_lexicon_citations_are_present_in_the_checkout PASSED [ 21%]
tests/test_discovery_lexicon.py::test_plan_never_repeats_a_text_or_the_question_itself PASSED [ 21%]
tests/test_discovery_lexicon.py::test_protected_tokens_drop_tokenizer_fragments_of_symbols PASSED [ 21%]
tests/test_discovery_pairs.py::test_record_endpoint_locates_registered_lines_and_hashes PASSED [ 21%]
tests/test_discovery_pairs.py::test_catalogue_record_keeps_statement_text_not_the_ledger_file PASSED [ 21%]
tests/test_discovery_pairs.py::test_document_record_uses_the_whole_source PASSED [ 21%]
tests/test_discovery_pairs.py::test_locator_parsing[notes/imported/x/#-note (2).md:2-3-notes/imported/x/#-note (2).md-2-3-None] PASSED [ 21%]
tests/test_discovery_pairs.py::test_locator_parsing[docs/derivations/a.md:4-docs/derivations/a.md-4-4-None] PASSED [ 21%]
tests/test_discovery_pairs.py::test_locator_parsing[docs\\derivations\\a.md:4-6-docs/derivations/a.md-4-6-None] PASSED [ 21%]
tests/test_discovery_pairs.py::test_locator_parsing[ext:archive/dir/f.md:1-2-dir/f.md-1-2-archive] PASSED [ 21%]
tests/test_discovery_pairs.py::test_locator_parsing_rejects[C:/abs/x.md:1] PASSED [ 21%]
tests/test_discovery_pairs.py::test_locator_parsing_rejects[/x.md:1] PASSED [ 21%]
tests/test_discovery_pairs.py::test_locator_parsing_rejects[../x.md:1] PASSED [ 21%]
tests/test_discovery_pairs.py::test_locator_parsing_rejects[a/../x.md:1] PASSED [ 21%]
tests/test_discovery_pairs.py::test_locator_parsing_rejects[x.md:0] PASSED [ 21%]
tests/test_discovery_pairs.py::test_locator_parsing_rejects[x.md:5-2] PASSED [ 21%]
tests/test_discovery_pairs.py::test_locator_parsing_rejects[DERIV:NOPE] PASSED [ 21%]
tests/test_discovery_pairs.py::test_locator_parsing_rejects[ext:/x.md:1] PASSED [ 21%]
tests/test_discovery_pairs.py::test_parse_where[docs/derivations/a.md (### M.4. The inequality (lines 473-495))-docs/derivations/a.md-bounds0] PASSED [ 21%]
tests/test_discovery_pairs.py::test_parse_where[ledger/results.yaml#RESULT:X-ledger/results.yaml-None] PASSED [ 21%]
tests/test_discovery_pairs.py::test_parse_where[corpus-import/records/#-Final-unified-theory.txt-corpus-import/records/#-Final-unified-theory.txt-None] PASSED [ 22%]
tests/test_discovery_pairs.py::test_parse_where[corpus/STATUS (2).md-corpus/STATUS (2).md-None] PASSED [ 22%]
tests/test_discovery_pairs.py::test_parse_where[src/workhouse/x.py:22-src/workhouse/x.py-bounds4] PASSED [ 22%]
tests/test_discovery_pairs.py::test_parse_where[RESEARCH_2026-08/guide.md-RESEARCH_2026-08/guide.md-None] PASSED [ 22%]
tests/test_discovery_pairs.py::test_locator_endpoint_reads_lines_and_maps_overlapping_claims PASSED [ 22%]
tests/test_discovery_pairs.py::test_hash_in_filename_is_a_filename PASSED [ 22%]
tests/test_discovery_pairs.py::test_passage_id_resolves_through_the_cache PASSED [ 22%]
tests/test_discovery_pairs.py::test_external_locator_without_mounted_root_is_unavailable_not_an_error PASSED [ 22%]
tests/test_discovery_pairs.py::test_external_locator_reads_a_mounted_root PASSED [ 22%]
tests/test_discovery_pairs.py::test_external_root_from_declared_scope PASSED [ 22%]
tests/test_discovery_pairs.py::test_unknown_endpoint_is_an_error PASSED  [ 22%]
tests/test_discovery_pairs.py::test_stated_values[c_0 = 3/6 and later C_{0}=1/2-c_0-values0] PASSED [ 22%]
tests/test_discovery_pairs.py::test_stated_values[\\beta_{n} = 3 while beta_n=3-beta_n-values1] PASSED [ 22%]
tests/test_discovery_pairs.py::test_stated_values[0<g<g_* and g^2-g-values2] PASSED [ 22%]
tests/test_discovery_pairs.py::test_stated_values[g = 0.5 &= 7-g-values3] PASSED [ 22%]
tests/test_discovery_pairs.py::test_stated_values[K_g(w) <= 4-k_g-values4] PASSED [ 22%]
tests/test_discovery_pairs.py::test_clean_tokens_drops_latex_stubs PASSED [ 22%]
tests/test_discovery_pairs.py::test_shared_tokens_separate_symbols_single_letters_and_ranked_terms PASSED [ 22%]
tests/test_discovery_pairs.py::test_markers_regime_rank_coupling_cues_and_normalization PASSED [ 22%]
tests/test_discovery_pairs.py::test_excerpt_window_is_chosen_by_the_other_endpoints_terms PASSED [ 22%]
tests/test_discovery_pairs.py::test_rule_disagreement_from_stated_values PASSED [ 23%]
tests/test_discovery_pairs.py::test_rule_documentary_from_a_citation PASSED [ 23%]
tests/test_discovery_pairs.py::test_rule_documentary_from_registered_citation_edge PASSED [ 23%]
tests/test_discovery_pairs.py::test_rule_literature_bearing PASSED       [ 23%]
tests/test_discovery_pairs.py::test_rule_scope_restriction PASSED        [ 23%]
tests/test_discovery_pairs.py::test_rule_compatible_hypothesis PASSED    [ 23%]
tests/test_discovery_pairs.py::test_rule_shared_operator PASSED          [ 23%]
tests/test_discovery_pairs.py::test_rule_reusable_ingredient PASSED      [ 23%]
tests/test_discovery_pairs.py::test_rule_unrelated PASSED                [ 23%]
tests/test_discovery_pairs.py::test_rule_equivalent_construction PASSED  [ 23%]
tests/test_discovery_pairs.py::test_record_pair_reports_registered_edge_and_dependency_path PASSED [ 23%]
tests/test_discovery_pairs.py::test_passage_maps_to_record_is_reported PASSED [ 23%]
tests/test_discovery_pairs.py::test_confidence_never_high PASSED         [ 23%]
tests/test_discovery_pairs.py::test_lexicon_module_absent_is_reported_not_guessed PASSED [ 23%]
tests/test_discovery_pairs.py::test_lexicon_concepts_matched_in_both_texts PASSED [ 23%]
tests/test_discovery_pairs.py::test_render_shows_both_excerpts_markers_and_checks PASSED [ 23%]
tests/test_discovery_pairs.py::test_cli_run_writes_once_and_prints_json_or_text PASSED [ 23%]
tests/test_discovery_pairs.py::test_cli_unknown_endpoint_is_a_structured_failure PASSED [ 23%]
tests/test_discovery_pairs.py::test_add_parser_registers_pair PASSED     [ 23%]
tests/test_discovery_pairs.py::test_dossier_writes_nothing_and_leaves_records_untouched PASSED [ 24%]
tests/test_discovery_pairs.py::test_terms_rank_by_corpus_rarity_when_fts_is_available PASSED [ 24%]
tests/test_discovery_pairs.py::test_lexicon_real_contract_load_root_and_matches PASSED [ 24%]
tests/test_discovery_pairs.py::test_lexicon_load_failure_is_reported_not_raised PASSED [ 24%]
tests/test_discovery_pairs.py::test_unavailable_endpoint_yields_no_kind_and_no_review_command PASSED [ 24%]
tests/test_discovery_review.py::test_add_records_pending_review_with_compact_evidence_and_hashes PASSED [ 24%]
tests/test_discovery_review.py::test_full_search_output_is_compacted_before_it_is_copied PASSED [ 24%]
tests/test_discovery_review.py::test_connections_output_reconstructs_argv_and_matches_target PASSED [ 24%]
tests/test_discovery_review.py::test_evidence_without_a_matching_row_keeps_top_rows_and_says_so PASSED [ 24%]
tests/test_discovery_review.py::test_evidence_records_a_different_cache_than_the_one_observed PASSED [ 24%]
tests/test_discovery_review.py::test_reviewer_and_reasoning_are_mandatory PASSED [ 24%]
tests/test_discovery_review.py::test_seed_and_target_must_resolve PASSED [ 24%]
tests/test_discovery_review.py::test_every_relationship_kind_is_accepted[compatible-hypothesis] PASSED [ 24%]
tests/test_discovery_review.py::test_every_relationship_kind_is_accepted[disagreement] PASSED [ 24%]
tests/test_discovery_review.py::test_every_relationship_kind_is_accepted[documentary] PASSED [ 24%]
tests/test_discovery_review.py::test_every_relationship_kind_is_accepted[equivalent-construction] PASSED [ 24%]
tests/test_discovery_review.py::test_every_relationship_kind_is_accepted[literature-bearing] PASSED [ 24%]
tests/test_discovery_review.py::test_every_relationship_kind_is_accepted[reusable-ingredient] PASSED [ 24%]
tests/test_discovery_review.py::test_every_relationship_kind_is_accepted[scope-restriction] PASSED [ 24%]
tests/test_discovery_review.py::test_every_relationship_kind_is_accepted[shared-operator] PASSED [ 24%]
tests/test_discovery_review.py::test_every_relationship_kind_is_accepted[unrelated] PASSED [ 25%]
tests/test_discovery_review.py::test_relationship_kind_vocabulary_is_closed PASSED [ 25%]
tests/test_discovery_review.py::test_state_vocabulary_is_closed PASSED   [ 25%]
tests/test_discovery_review.py::test_transition_rules[path0-True] PASSED [ 25%]
tests/test_discovery_review.py::test_transition_rules[path1-False] PASSED [ 25%]
tests/test_discovery_review.py::test_transition_rules[path2-False] PASSED [ 25%]
tests/test_discovery_review.py::test_transition_rules[path3-False] PASSED [ 25%]
tests/test_discovery_review.py::test_transition_rules[path4-False] PASSED [ 25%]
tests/test_discovery_review.py::test_transition_rules[path5-True] PASSED [ 25%]
tests/test_discovery_review.py::test_transition_rules[path6-True] PASSED [ 25%]
tests/test_discovery_review.py::test_transition_rules[path7-False] PASSED [ 25%]
tests/test_discovery_review.py::test_transition_rules[path8-False] PASSED [ 25%]
tests/test_discovery_review.py::test_transition_rules[path9-False] PASSED [ 25%]
tests/test_discovery_review.py::test_transition_rules[path10-False] PASSED [ 25%]
tests/test_discovery_review.py::test_transition_rules[path11-False] PASSED [ 25%]
tests/test_discovery_review.py::test_registered_requires_a_human_supplied_change_and_ledger_id PASSED [ 25%]
tests/test_discovery_review.py::test_every_mark_needs_a_reason_and_history_is_append_only PASSED [ 25%]
tests/test_discovery_review.py::test_hash_chain_links_records_and_detects_tampering PASSED [ 25%]
tests/test_discovery_review.py::test_register_cannot_be_backdated_on_add PASSED [ 25%]
tests/test_discovery_review.py::test_validate_reports_endpoints_that_stopped_resolving PASSED [ 26%]
tests/test_discovery_review.py::test_contradictions_surface_is_refused_with_an_explanation PASSED [ 26%]
tests/test_discovery_review.py::test_proposal_needs_an_established_review PASSED [ 26%]
tests/test_discovery_review.py::test_results_proposal_names_the_result_and_the_field_for_the_kind PASSED [ 26%]
tests/test_discovery_review.py::test_gaps_proposal_carries_a_falsifier_placeholder_and_next_id PASSED [ 26%]
tests/test_discovery_review.py::test_derivation_documents_and_literature_fragments PASSED [ 26%]
tests/test_discovery_review.py::test_proposal_checklist_reports_source_hash_state PASSED [ 26%]
tests/test_discovery_review.py::test_out_under_a_scientific_tree_is_refused[ledger/new.yaml] PASSED [ 26%]
tests/test_discovery_review.py::test_out_under_a_scientific_tree_is_refused[index/new.yaml] PASSED [ 26%]
tests/test_discovery_review.py::test_out_under_a_scientific_tree_is_refused[docs/derivations/new.yaml] PASSED [ 26%]
tests/test_discovery_review.py::test_out_under_a_scientific_tree_is_refused[paper/x.yaml] PASSED [ 26%]
tests/test_discovery_review.py::test_out_under_a_scientific_tree_is_refused[FRONTIER.md] PASSED [ 26%]
tests/test_discovery_review.py::test_out_elsewhere_works_once_and_never_overwrites PASSED [ 26%]
tests/test_discovery_review.py::test_full_cycle_leaves_ledger_and_index_unchanged PASSED [ 26%]
tests/test_discovery_review.py::test_replay_compares_fingerprints_sources_and_excerpts PASSED [ 26%]
tests/test_discovery_review.py::test_replay_without_evidence_reports_nothing_to_compare PASSED [ 26%]
tests/test_discovery_review.py::test_add_parser_registers_review_and_propose_under_discover PASSED [ 26%]
tests/test_discovery_review.py::test_list_show_and_validate_render_text_and_json PASSED [ 26%]
tests/test_discovery_review.py::test_register_directory_can_be_relocated_outside_the_checkout PASSED [ 26%]
tests/test_discovery_review.py::test_external_locators_resolve_through_the_declared_scope PASSED [ 26%]
tests/test_discovery_review.py::test_pair_evidence_rows_and_argv_are_recorded_for_replay PASSED [ 27%]
tests/test_discovery_scope.py::test_glob_patterns_match_posix_relative_paths_and_prune_directories PASSED [ 27%]
tests/test_discovery_scope.py::test_checked_in_scope_file_parses_validates_and_keeps_tier_three_off PASSED [ 27%]
tests/test_discovery_scope.py::test_malformed_scope_names_the_offending_key[broken0-schema] PASSED [ 27%]
tests/test_discovery_scope.py::test_malformed_scope_names_the_offending_key[broken1-version] PASSED [ 27%]
tests/test_discovery_scope.py::test_malformed_scope_names_the_offending_key[broken2-label] PASSED [ 27%]
tests/test_discovery_scope.py::test_malformed_scope_names_the_offending_key[broken3-relative] PASSED [ 27%]
tests/test_discovery_scope.py::test_malformed_scope_names_the_offending_key[broken4-relative] PASSED [ 27%]
tests/test_discovery_scope.py::test_malformed_scope_names_the_offending_key[broken5-climb] PASSED [ 27%]
tests/test_discovery_scope.py::test_malformed_scope_names_the_offending_key[broken6-tier] PASSED [ 27%]
tests/test_discovery_scope.py::test_malformed_scope_names_the_offending_key[broken7-unknown keys] PASSED [ 27%]
tests/test_discovery_scope.py::test_malformed_scope_names_the_offending_key[broken8-max_depth] PASSED [ 27%]
tests/test_discovery_scope.py::test_malformed_scope_names_the_offending_key[broken9-duplicate] PASSED [ 27%]
tests/test_discovery_scope.py::test_malformed_scope_names_the_offending_key[broken10-directory names] PASSED [ 27%]
tests/test_discovery_scope.py::test_malformed_scope_names_the_offending_key[broken11-relative] PASSED [ 27%]
tests/test_discovery_scope.py::test_malformed_scope_names_the_offending_key[broken12-unknown keys] PASSED [ 27%]
tests/test_discovery_scope.py::test_local_override_disables_enables_and_rejects_unknown_labels PASSED [ 27%]
tests/test_discovery_scope.py::test_base_resolution_prefers_environment_then_local_file_then_workspace_marker PASSED [ 27%]
tests/test_discovery_scope.py::test_missing_scope_file_means_no_external_roots_and_no_workspace_means_no_base PASSED [ 27%]
tests/test_discovery_scope.py::test_resolve_roots_reports_absent_disabled_unsafe_and_present PASSED [ 28%]
tests/test_discovery_scope.py::test_safe_external_refuses_checkout_protected_and_missing_paths PASSED [ 28%]
tests/test_discovery_scope.py::test_junction_root_is_refused_not_followed PASSED [ 28%]
tests/test_discovery_scope.py::test_symlink_root_is_refused_not_followed SKIPPED [ 28%]
tests/test_discovery_scope.py::test_locators_carry_the_ext_prefix_and_round_trip PASSED [ 28%]
tests/test_discovery_scope.py::test_cli_scope_report_does_not_build_unless_asked PASSED [ 28%]
tests/test_discovery_scope.py::test_cli_scope_report_surfaces_a_malformed_file_as_an_error PASSED [ 28%]
tests/test_discovery_scope.py::test_reparse_point_is_refused_before_the_directory_test PASSED [ 28%]
tests/test_discovery_semantic.py::test_local_seed_neighbors_need_no_model_library PASSED [ 28%]
tests/test_discovery_semantic.py::test_stale_vectors_and_moving_model_revisions_are_rejected PASSED [ 28%]
tests/test_discovery_semantic.py::test_invalid_embeddings_fail_closed[vector0] PASSED [ 28%]
tests/test_discovery_semantic.py::test_invalid_embeddings_fail_closed[vector1] PASSED [ 28%]
tests/test_discovery_semantic.py::test_invalid_embeddings_fail_closed[vector2] PASSED [ 28%]
tests/test_discovery_semantic.py::test_invalid_embeddings_fail_closed[vector3] PASSED [ 28%]
tests/test_discovery_semantic.py::test_invalid_embeddings_fail_closed[vector4] PASSED [ 28%]
tests/test_discovery_semantic.py::test_invalid_embeddings_fail_closed[vector5] PASSED [ 28%]
tests/test_discovery_semantic.py::test_query_dimensions_and_missing_seeds_are_checked PASSED [ 28%]
tests/test_discovery_semantic.py::test_malformed_payload_has_actionable_value_error[None] PASSED [ 28%]
tests/test_discovery_semantic.py::test_malformed_payload_has_actionable_value_error[bad1] PASSED [ 28%]
tests/test_discovery_semantic.py::test_malformed_payload_has_actionable_value_error[1] PASSED [ 28%]
tests/test_discovery_semantic.py::test_malformed_payload_has_actionable_value_error[text] PASSED [ 29%]
tests/test_discovery_semantic.py::test_malformed_payload_has_actionable_value_error[bad4] PASSED [ 29%]
tests/test_docs.py::test_inline_reference_images_titles_and_balanced_destinations PASSED [ 29%]
tests/test_docs.py::test_duplicate_unicode_and_explicit_anchors PASSED   [ 29%]
tests/test_docs.py::test_code_and_comments_do_not_create_links_or_headings PASSED [ 29%]
tests/test_docs.py::test_fence_marker_in_comment_does_not_hide_live_markdown[```] PASSED [ 29%]
tests/test_docs.py::test_fence_marker_in_comment_does_not_hide_live_markdown[~~~] PASSED [ 29%]
tests/test_docs.py::test_comment_marker_in_real_fence_does_not_hide_live_markdown[```] PASSED [ 29%]
tests/test_docs.py::test_comment_marker_in_real_fence_does_not_hide_live_markdown[~~~] PASSED [ 29%]
tests/test_docs.py::test_bad_links_fail_with_actionable_source_locations[missing.md-Missing local target] PASSED [ 29%]
tests/test_docs.py::test_bad_links_fail_with_actionable_source_locations[Target.md-Filename case mismatch] PASSED [ 29%]
tests/test_docs.py::test_bad_links_fail_with_actionable_source_locations[target.md#absent-Missing Markdown anchor] PASSED [ 29%]
tests/test_docs.py::test_bad_links_fail_with_actionable_source_locations[../outside.md-escapes the checkout] PASSED [ 29%]
tests/test_docs.py::test_bad_links_fail_with_actionable_source_locations[%2e%2e/outside.md-escapes the checkout] PASSED [ 29%]
tests/test_docs.py::test_bad_links_fail_with_actionable_source_locations[/etc/passwd-Absolute/local-machine] PASSED [ 29%]
tests/test_docs.py::test_bad_links_fail_with_actionable_source_locations[C:/WORKHOUSE/README.md-Absolute/local-machine] PASSED [ 29%]
tests/test_docs.py::test_bad_links_fail_with_actionable_source_locations[C:\\WORKHOUSE\\README.md-Absolute/local-machine] PASSED [ 29%]
tests/test_docs.py::test_bad_links_fail_with_actionable_source_locations[file:///C:/WORKHOUSE/README.md-Absolute/local-machine] PASSED [ 29%]
tests/test_docs.py::test_missing_reference_is_not_silently_ignored PASSED [ 29%]
tests/test_docs.py::test_fragment_only_links_and_non_markdown_fragments PASSED [ 29%]
tests/test_docs.py::test_external_links_are_skipped_and_historical_targets_not_crawled PASSED [ 30%]
tests/test_docs.py::test_nested_path_case_is_checked_even_on_case_insensitive_filesystems PASSED [ 30%]
tests/test_docs.py::test_percent_encoding_and_parent_links_inside_the_checkout PASSED [ 30%]
tests/test_docs.py::test_symlink_targets_cannot_escape_the_checkout SKIPPED [ 30%]
tests/test_docs.py::test_multiline_reference_syntax_is_reported_as_unsupported PASSED [ 30%]
tests/test_docs.py::test_manifest_paths_cannot_escape_and_are_required PASSED [ 30%]
tests/test_docs.py::test_duplicate_manifest_documents_fail_before_scanning PASSED [ 30%]
tests/test_docs.py::test_cli_json_exit_status_and_read_only_behavior PASSED [ 30%]
tests/test_documents.py::test_legend_is_sound PASSED                     [ 30%]
tests/test_documents.py::test_the_canonical_authority_stack_is_explicit_and_resolvable PASSED [ 30%]
tests/test_documents.py::test_every_check_citation_resolves PASSED       [ 30%]
tests/test_documents.py::test_explicit_document_citations_resolve_without_promoting_the_source PASSED [ 30%]
tests/test_endpoint_window.py::test_ten_checks_are_finite_and_complete PASSED [ 30%]
tests/test_endpoint_window.py::test_full_endpoint_checks_the_complete_tail PASSED [ 30%]
tests/test_endpoint_window.py::test_full_endpoint_rejects_missing_hypotheses[missing_vacuum] PASSED [ 30%]
tests/test_endpoint_window.py::test_full_endpoint_rejects_missing_hypotheses[normalization] PASSED [ 30%]
tests/test_endpoint_window.py::test_full_endpoint_rejects_missing_hypotheses[float] PASSED [ 30%]
tests/test_endpoint_window.py::test_full_endpoint_rejects_missing_hypotheses[nonpositive] PASSED [ 30%]
tests/test_endpoint_window.py::test_full_endpoint_rejects_missing_hypotheses[above_one] PASSED [ 30%]
tests/test_endpoint_window.py::test_full_endpoint_rejects_missing_hypotheses[cap] PASSED [ 31%]
tests/test_endpoint_window.py::test_full_endpoint_rejects_missing_hypotheses[threshold] PASSED [ 31%]
tests/test_endpoint_window.py::test_strict_threshold_does_not_count_equality PASSED [ 31%]
tests/test_endpoint_window.py::test_moment_api_rejects_false_exact_moments[negative_variance] PASSED [ 31%]
tests/test_endpoint_window.py::test_moment_api_rejects_false_exact_moments[impossible_contraction_moment] PASSED [ 31%]
tests/test_endpoint_window.py::test_moment_api_rejects_false_exact_moments[nonsymmetric] PASSED [ 31%]
tests/test_endpoint_window.py::test_moment_api_rejects_false_exact_moments[float] PASSED [ 31%]
tests/test_endpoint_window.py::test_moment_api_rejects_false_exact_moments[wrong_shape] PASSED [ 31%]
tests/test_endpoint_window.py::test_two_lag_replay_rejects_changed_count PASSED [ 31%]
tests/test_endpoint_window.py::test_tensor_gradient_uses_complete_nonorthonormal_profile_gram PASSED [ 31%]
tests/test_endpoint_window.py::test_gradient_requires_local_domains_and_centering[uncentered] PASSED [ 31%]
tests/test_endpoint_window.py::test_gradient_requires_local_domains_and_centering[negative] PASSED [ 31%]
tests/test_endpoint_window.py::test_gradient_requires_local_domains_and_centering[overfull] PASSED [ 31%]
tests/test_endpoint_window.py::test_gradient_requires_local_domains_and_centering[anisotropic_full] PASSED [ 31%]
tests/test_endpoint_window.py::test_gradient_requires_local_domains_and_centering[copies] PASSED [ 31%]
tests/test_endpoint_window.py::test_gradient_requires_local_domains_and_centering[float] PASSED [ 31%]
tests/test_endpoint_window.py::test_su2_leading_score_radial_and_pair_geometry PASSED [ 31%]
tests/test_endpoint_window.py::test_Qi_floor_retains_harmonics_and_actual_complex_source_gram PASSED [ 31%]
tests/test_endpoint_window.py::test_source_floor_rejects_compression_only_bound PASSED [ 31%]
tests/test_endpoint_window.py::test_source_floor_requires_full_geometry[missing_harmonic] PASSED [ 31%]
tests/test_endpoint_window.py::test_source_floor_requires_full_geometry[not_transverse] PASSED [ 32%]
tests/test_endpoint_window.py::test_source_floor_requires_full_geometry[false_floor] PASSED [ 32%]
tests/test_endpoint_window.py::test_source_floor_requires_full_geometry[not_projection] PASSED [ 32%]
tests/test_endpoint_window.py::test_source_floor_requires_full_geometry[nonhermitian] PASSED [ 32%]
tests/test_endpoint_window.py::test_source_floor_requires_full_geometry[not_Qi] PASSED [ 32%]
tests/test_endpoint_window.py::test_source_floor_requires_full_geometry[dependent] PASSED [ 32%]
tests/test_endpoint_window.py::test_selected_runner_cold_replay_overwrite_and_optimization PASSED [ 32%]
tests/test_finder.py::test_tokenizer_keeps_rationals_whole_and_drops_stop_words PASSED [ 32%]
tests/test_finder.py::test_a_question_in_words_finds_the_check_that_answers_it PASSED [ 32%]
tests/test_finder.py::test_corpus_prose_is_in_the_index_with_line_numbers PASSED [ 32%]
tests/test_finder.py::test_a_query_with_no_shared_term_is_empty_not_invented PASSED [ 32%]
tests/test_flat_holonomy_sources.py::test_exact_controls_replay_after_cold_relocation PASSED [ 32%]
tests/test_flat_holonomy_sources.py::test_repinned_false_mathematical_report_is_rejected PASSED [ 32%]
tests/test_flat_holonomy_sources.py::test_optimized_execution_cannot_skip_proof_controls PASSED [ 32%]
tests/test_flat_holonomy_sources.py::test_registered_proof_matches_frozen_proof PASSED [ 32%]
tests/test_folder_evidence.py::test_received_folder_evidence_has_scoped_graph_coverage PASSED [ 32%]
tests/test_folder_evidence.py::test_intake_rejects_lost_sources_and_broken_provenance[omitted] PASSED [ 32%]
tests/test_folder_evidence.py::test_intake_rejects_lost_sources_and_broken_provenance[duplicate] PASSED [ 32%]
tests/test_folder_evidence.py::test_intake_rejects_lost_sources_and_broken_provenance[digest] PASSED [ 32%]
tests/test_folder_evidence.py::test_intake_rejects_lost_sources_and_broken_provenance[citation] PASSED [ 33%]
tests/test_folder_evidence.py::test_intake_rejects_lost_sources_and_broken_provenance[claim] PASSED [ 33%]
tests/test_folder_evidence.py::test_intake_rejects_lost_sources_and_broken_provenance[scope] PASSED [ 33%]
tests/test_folder_evidence.py::test_intake_rejects_lost_sources_and_broken_provenance[self] PASSED [ 33%]
tests/test_folder_evidence.py::test_intake_rejects_lost_sources_and_broken_provenance[version] PASSED [ 33%]
tests/test_folder_evidence.py::test_intake_rejects_lost_sources_and_broken_provenance[selected] PASSED [ 33%]
tests/test_frontier.py::test_frontier_md_is_current PASSED               [ 33%]
tests/test_frontier.py::test_the_two_t0_counters_agree PASSED            [ 33%]
tests/test_frontier.py::test_no_lean_theorem_is_counted_twice PASSED     [ 33%]
tests/test_frontier.py::test_the_brief_is_short_enough_to_read PASSED    [ 33%]
tests/test_frontier.py::test_the_brief_carries_the_traps_that_actually_recur PASSED [ 33%]
tests/test_frontier.py::test_the_brief_names_the_open_contradiction_by_id PASSED [ 33%]
tests/test_frontier.py::test_the_hook_emits_valid_session_start_json PASSED [ 33%]
tests/test_frontier.py::test_the_cheapest_step_actually_settles_something PASSED [ 33%]
tests/test_frontier.py::test_downstream_ranking_no_longer_gates_on_the_adjudication PASSED [ 33%]
tests/test_frontier.py::test_unifying_candidates_all_carry_a_falsifier PASSED [ 33%]
tests/test_frontier.py::test_cli_frontier_runs PASSED                    [ 33%]
tests/test_frontier.py::test_lean_counters_ignore_comments PASSED        [ 33%]
tests/test_frontier.py::test_current_lean_tree_has_no_sorries PASSED     [ 33%]
tests/test_full_corpus_coverage.py::test_inventory_covers_independently_reconstructed_source_union PASSED [ 33%]
tests/test_full_corpus_coverage.py::test_strict_subset_cannot_pass_by_its_own_count PASSED [ 34%]
tests/test_full_corpus_coverage.py::test_recovered_object_list_must_cover_recursive_member_hashes PASSED [ 34%]
tests/test_full_corpus_coverage.py::test_missing_copy_locator_is_not_hidden_by_digest_coverage PASSED [ 34%]
tests/test_full_corpus_coverage.py::test_inventory_cannot_promote_a_proof PASSED [ 34%]
tests/test_full_corpus_coverage.py::test_array_metadata_does_not_claim_text_signature_scan PASSED [ 34%]
tests/test_full_corpus_coverage.py::test_quarantine_locator_cannot_escape_designated_root PASSED [ 34%]
tests/test_full_corpus_coverage.py::test_changed_compressed_source_is_rejected_before_parsing PASSED [ 34%]
tests/test_full_corpus_coverage.py::test_optimized_python_still_rejects_a_strict_subset PASSED [ 34%]
tests/test_full_corpus_coverage.py::test_extraction_metadata_is_matched_to_pinned_sources[text_file-../wrong-source.txt] PASSED [ 34%]
tests/test_full_corpus_coverage.py::test_extraction_metadata_is_matched_to_pinned_sources[text_sha256-0000000000000000000000000000000000000000000000000000000000000000] PASSED [ 34%]
tests/test_full_corpus_coverage.py::test_extraction_metadata_is_matched_to_pinned_sources[method-fabricated full visual and mathematical verification] PASSED [ 34%]
tests/test_full_corpus_coverage.py::test_dropped_structured_archive_chain_is_rejected PASSED [ 34%]
tests/test_full_corpus_coverage.py::test_changed_archive_container_digest_is_rejected PASSED [ 34%]
tests/test_full_corpus_coverage.py::test_dropped_prior_review_is_rejected PASSED [ 34%]
tests/test_full_corpus_coverage.py::test_fabricated_prior_review_is_not_self_authenticating PASSED [ 34%]
tests/test_full_corpus_coverage.py::test_duplicate_census_path_cannot_be_silently_collapsed PASSED [ 34%]
tests/test_g17_alpha_dependent_kp.py::test_g17_coordination_numbers_and_formulas PASSED [ 34%]
tests/test_g17_alpha_dependent_kp.py::test_g17_alpha_dependent_certificate_suite PASSED [ 34%]
tests/test_g19_coercivity.py::test_g19_bochner_identity PASSED           [ 34%]
tests/test_g19_coercivity.py::test_g19_scale_hierarchy PASSED            [ 35%]
tests/test_g19_coercivity.py::test_g19_full_suite PASSED                 [ 35%]
tests/test_g9_rur_dynamics.py::test_carrier_defect_is_computed_with_correct_normalization PASSED [ 35%]
tests/test_g9_rur_dynamics.py::test_walk_counts_do_not_claim_physical_coefficients PASSED [ 35%]
tests/test_g9_rur_dynamics.py::test_report_retains_unresolved_physical_support PASSED [ 35%]
tests/test_graph.py::test_graph_file_is_current PASSED                   [ 35%]
tests/test_graph.py::test_every_endpoint_resolves_and_nothing_dangles PASSED [ 35%]
tests/test_graph.py::test_building_twice_is_byte_identical PASSED        [ 35%]
tests/test_graph.py::test_edge_types_are_the_closed_set PASSED           [ 35%]
tests/test_graph.py::test_the_ledger_edges_survive_the_round_trip PASSED [ 35%]
tests/test_graph.py::test_the_citation_web_is_in_the_graph PASSED        [ 35%]
tests/test_graph.py::test_paper_level_nodes_exist_beside_the_edge_records PASSED [ 35%]
tests/test_graph.py::test_each_paper_reaches_every_one_of_its_bearing_claims PASSED [ 35%]
tests/test_graph.py::test_checks_cite_the_ids_buried_in_their_free_text PASSED [ 35%]
tests/test_graph.py::test_the_adr_lifecycle_is_structural PASSED         [ 35%]
tests/test_graph.py::test_the_retracted_dependency_is_never_materialized PASSED [ 35%]
tests/test_graph.py::test_theorem_map_is_complete_and_sound PASSED       [ 35%]
tests/test_graph.py::test_catalogue_ids_are_unique PASSED                [ 35%]
tests/test_graph.py::test_the_t0_layer_is_in_the_catalogue PASSED        [ 35%]
tests/test_graph.py::test_why_shows_both_sides_of_the_dispute PASSED     [ 35%]
tests/test_graph.py::test_why_carries_the_retraction_with_the_gap PASSED [ 36%]
tests/test_graph.py::test_why_resolves_forgiving_spellings PASSED        [ 36%]
tests/test_graph.py::test_why_points_a_miss_at_search PASSED             [ 36%]
tests/test_graph.py::test_cli_why_runs_and_exits_nonzero_on_a_miss PASSED [ 36%]
tests/test_graph.py::test_run_register_matches_runs_directory PASSED     [ 36%]
tests/test_graph.py::test_checks_declare_what_they_rest_on_and_it_resolves PASSED [ 36%]
tests/test_graph.py::test_a_yielded_value_is_a_constant_reachable_by_value PASSED [ 36%]
tests/test_graph.py::test_a_yielded_name_never_shadows_a_registered_constant PASSED [ 36%]
tests/test_graph.py::test_a_yielded_float_without_num_suffix_fails_the_check PASSED [ 36%]
tests/test_graph.py::test_routes_are_nodes_with_a_state_and_a_closer PASSED [ 36%]
tests/test_graph.py::test_why_on_a_gap_lists_its_routes_by_state PASSED  [ 36%]
tests/test_graph.py::test_a_pinned_manuscript_labels_the_checks_it_prints PASSED [ 36%]
tests/test_graph.py::test_every_pinned_corpus_file_is_a_node PASSED      [ 36%]
tests/test_graph.py::test_corpus_files_carry_registered_constants_by_value PASSED [ 36%]
tests/test_graph.py::test_provenance_documents_are_joined_to_their_corpus_file PASSED [ 36%]
tests/test_graph.py::test_why_resolves_a_corpus_file_by_path PASSED      [ 36%]
tests/test_graph_conformance.py::test_conformance_exercise_omits_answers PASSED [ 36%]
tests/test_graph_conformance.py::test_conformance_fingerprint_deterministic PASSED [ 36%]
tests/test_graph_conformance.py::test_conformance_validation_passes_expected PASSED [ 36%]
tests/test_graph_conformance.py::test_conformance_validation_detects_wrong_answers PASSED [ 36%]
tests/test_haar_epsilon.py::test_closed_forms[<P|Pbar Pbar>: the baryon vertex-bra0-ket0-value0] PASSED [ 37%]
tests/test_haar_epsilon.py::test_closed_forms[<P P|Pbar>-bra1-ket1-value1] PASSED [ 37%]
tests/test_haar_epsilon.py::test_closed_forms[<P P P|1>: det U = 1-bra2-ket2-value2] PASSED [ 37%]
tests/test_haar_epsilon.py::test_closed_forms[<P|P>-bra3-ket3-value3] PASSED [ 37%]
tests/test_haar_epsilon.py::test_closed_forms[<P Q|Pbar Pbar Qbar Qbar>-bra4-ket4-value4] PASSED [ 37%]
tests/test_haar_epsilon.py::test_agrees_with_the_engine_where_the_engine_is_fast[bra0-ket0] PASSED [ 37%]
tests/test_haar_epsilon.py::test_agrees_with_the_engine_where_the_engine_is_fast[bra1-ket1] PASSED [ 37%]
tests/test_haar_epsilon.py::test_agrees_with_the_engine_where_the_engine_is_fast[bra2-ket2] PASSED [ 37%]
tests/test_haar_epsilon.py::test_agrees_with_the_engine_where_the_engine_is_fast[bra3-ket3] PASSED [ 37%]
tests/test_haar_epsilon.py::test_agrees_with_the_engine_where_the_engine_is_fast[bra4-ket4] PASSED [ 37%]
tests/test_haar_epsilon.py::test_agrees_with_the_engine_where_the_engine_is_fast[bra5-ket5] PASSED [ 37%]
tests/test_haar_epsilon.py::test_agrees_with_the_engine_where_the_engine_is_fast[bra6-ket6] PASSED [ 37%]
tests/test_haar_epsilon.py::test_agrees_with_the_engine_where_the_engine_is_fast[bra7-ket7] PASSED [ 37%]
tests/test_haar_epsilon.py::test_pure_six_references_from_the_engine[part0-value0] PASSED [ 37%]
tests/test_haar_epsilon.py::test_pure_six_references_from_the_engine[part1-value1] PASSED [ 37%]
tests/test_haar_epsilon.py::test_triality_skip_is_exact_orthogonality PASSED [ 37%]
tests/test_hodge_polymer_scope.py::test_received_hodge_polymer_sources_remain_recoverable PASSED [ 37%]
tests/test_hodge_polymer_scope.py::test_abstract_hodge_and_scalar_polymer_proofs_do_not_promote_physical_checks PASSED [ 37%]
tests/test_hodge_polymer_scope.py::test_physical_hodge_result_links_are_explicitly_scoped_support PASSED [ 37%]
tests/test_invariants.py::test_invariant[second order, all ranks::t_N = B_N - A_N] PASSED [ 38%]
tests/test_invariants.py::test_invariant[second order, all ranks::t_2 = 0 and t_3 = 5/612] PASSED [ 38%]
tests/test_invariants.py::test_invariant[second order, all ranks::t_N > 0 for N >= 3] PASSED [ 38%]
tests/test_invariants.py::test_invariant[second order, all ranks::deficit identity 1/4 - N^3 t_N] PASSED [ 38%]
tests/test_invariants.py::test_invariant[second order, all ranks::deficit positive at N = 3, 5, 9] PASSED [ 38%]
tests/test_invariants.py::test_invariant[second order, all ranks::large-N expansion of t_N through 1/N^9] PASSED [ 38%]
tests/test_invariants.py::test_invariant[second order, all ranks::N^3 t_N increases monotonically to 1/4] PASSED [ 38%]
tests/test_invariants.py::test_invariant[second order, all ranks::the shared-link weights are Weingarten, not an isotropy assumption] PASSED [ 38%]
tests/test_invariants.py::test_invariant[second order, all ranks::each channel gap is C_F + C_R/2, and the weights sum to one] PASSED [ 38%]
tests/test_invariants.py::test_invariant[second order, all ranks::the four channel weights follow from dimension and Casimir] PASSED [ 38%]
tests/test_invariants.py::test_invariant[second order, all ranks::the per-channel resolvent equation closes the projector-to-hopping step] PASSED [ 38%]
tests/test_invariants.py::test_invariant[second order, all ranks::A_N and B_N are the channel sums, not transcriptions] PASSED [ 38%]
tests/test_invariants.py::test_invariant[second order, all ranks::ell_N = A_N + B_N + 1/C_F, the vacuum-mediated route at every rank] PASSED [ 38%]
tests/test_invariants.py::test_invariant[global assembly: retained shell and process completeness::the L >= 3 torus link graph is simple, and L = 2 is the counterexample] PASSED [ 38%]
tests/test_invariants.py::test_invariant[global assembly: retained shell and process completeness::the only cycles shorter than 4 are the 3L^2 winding triangles, at L = 3 alone] PASSED [ 38%]
tests/test_invariants.py::test_invariant[global assembly: retained shell and process completeness::every 4-cycle is an elementary face, except exactly the 3L^2 straight loops at L = 4] PASSED [ 38%]
tests/test_invariants.py::test_invariant[global assembly: retained shell and process completeness::winding loops clear the shell: 3N/2 exceeds 2 C_F at every rank] PASSED [ 38%]
tests/test_invariants.py::test_invariant[global assembly: retained shell and process completeness::Casimir minimality pinned on a bounded window: F and F-bar, then the adjoint] PASSED [ 38%]
tests/test_invariants.py::test_invariant[global assembly: retained shell and process completeness::two distinct faces share at most one link, exhaustively at L = 3, 4, 5] PASSED [ 38%]
tests/test_invariants.py::test_invariant[global assembly: retained shell and process completeness::the two insertions are pinned to p and p': coverage arithmetic, exhaustively] PASSED [ 38%]
tests/test_invariants.py::test_invariant[SU(3) second and third order::d_- - 4 t_- = 11/306] PASSED [ 39%]
tests/test_invariants.py::test_invariant[SU(3) second and third order::t_- equals the rank law at N = 3] PASSED [ 39%]
tests/test_invariants.py::test_invariant[SU(3) second and third order::C-even bandwidth = top - bottom = 88/153] PASSED [ 39%]
tests/test_invariants.py::test_invariant[SU(3) second and third order::C-odd manifold width = 5/51] PASSED [ 39%]
tests/test_invariants.py::test_invariant[SU(3) second and third order::d_3 = 7/32 + 12*leak_3 - 4*b_3] PASSED [ 39%]
tests/test_invariants.py::test_invariant[SU(3) second and third order::E_flat and t(u) carry the ledger coefficients] PASSED [ 39%]
tests/test_invariants.py::test_invariant[SU(3) second and third order::d_- = 1/2 + 12*leak_2, and leak_2 = -11/306] PASSED [ 39%]
tests/test_invariants.py::test_invariant[SU(3) second and third order::leak_3 is assembled from the domino diagonal and the vacuum piece] PASSED [ 39%]
tests/test_invariants.py::test_invariant[SU(3) second and third order::one assembly formula gives every registered band value] PASSED [ 39%]
tests/test_invariants.py::test_invariant[SU(3) second and third order::the two band spans ARE the two incidence spectra] PASSED [ 39%]
tests/test_invariants.py::test_invariant[SU(3) second and third order::FINDING: no Gamma-point datum can constrain the hopping] PASSED [ 39%]
tests/test_invariants.py::test_invariant[SU(3) second and third order::the manuscript's SU(3) ledger is this registry, value by value] PASSED [ 39%]
tests/test_invariants.py::test_invariant[the charge-even band, exactly::the plaquette graph is 12-regular and two faces share at most one link] PASSED [ 39%]
tests/test_invariants.py::test_invariant[the charge-even band, exactly::the two Bloch incidence symbols, and the determinant asymmetry between them] PASSED [ 39%]
tests/test_invariants.py::test_invariant[the charge-even band, exactly::the C-even characteristic polynomial is mu(mu - p)^2 = 4 a_1 a_2 a_3] PASSED [ 39%]
tests/test_invariants.py::test_invariant[the charge-even band, exactly::p + q = 12: one zone function runs both sectors] PASSED [ 39%]
tests/test_invariants.py::test_invariant[the charge-even band, exactly::the C-even range [-4, 12] is exact, and each edge is attained at one point only] PASSED [ 39%]
tests/test_invariants.py::test_invariant[the charge-even band, exactly::the C-even band touches its floor exactly on the three planes k_j = pi] PASSED [ 39%]
tests/test_invariants.py::test_invariant[the charge-even band, exactly::the Bloch cubic IS the finite L = 3 and L = 4 plaquette spectrum, exactly] PASSED [ 39%]
tests/test_invariants.py::test_invariant[the charge-even band, exactly::the C-even spectra at the four high-symmetry momenta] PASSED [ 40%]
tests/test_invariants.py::test_invariant[the charge-even band, exactly::one assembly formula gives every C-even value at both orders] PASSED [ 40%]
tests/test_invariants.py::test_invariant[the charge-even band, exactly::FINDING: the certificate key 'bandmin' holds the band MAXIMUM, at both orders] PASSED [ 40%]
tests/test_invariants.py::test_invariant[the charge-even band, exactly::the C-even Gamma point pins t_+, exactly where no C-odd Gamma datum can] PASSED [ 40%]
tests/test_invariants.py::test_invariant[the charge-even band, exactly::the C-even curvature is (4/3)|t_+| at both orders, and isotropic] PASSED [ 40%]
tests/test_invariants.py::test_invariant[the charge-even band, exactly::the C-even bandwidth is 16|t_+| at every order; the C-odd manifold width is 12|t_-|] PASSED [ 40%]
tests/test_invariants.py::test_invariant[the charge-even band, exactly::both declared coincidences, checked: one is ell_N at all ranks, the other is bare] PASSED [ 40%]
tests/test_invariants.py::test_invariant[the charge-even band, exactly::at N = 2 the C-odd hopping vanishes and the C-even one does not] PASSED [ 40%]
tests/test_invariants.py::test_invariant[the charge-even band, exactly::at N = 2 the C-odd hopping vanishes while the unsigned-channel continuation does not] PASSED [ 40%]
tests/test_invariants.py::test_invariant[the charge-even band, exactly::the unsigned-incidence characteristic polynomial is mu(mu - p)^2 = 4 a_1 a_2 a_3] PASSED [ 40%]
tests/test_invariants.py::test_invariant[the charge-even band, exactly::the C-even range [-4, 12] is exact; the top only at Gamma, the floor on three planes] PASSED [ 40%]
tests/test_invariants.py::test_invariant[fourth order, sealed core::alpha_3 = 4*A_shp = 5/12] PASSED [ 40%]
tests/test_invariants.py::test_invariant[fourth order, sealed core::axial law reproduces alpha_4, alpha_5, alpha_6] PASSED [ 40%]
tests/test_invariants.py::test_invariant[fourth order, sealed core::alpha_3 = 4*|c_4^square(3)|] PASSED [ 40%]
tests/test_invariants.py::test_invariant[fourth order, sealed core::v10a.26 A, B, D match the sealed rationals within 2.3e-13] PASSED [ 40%]
tests/test_invariants.py::test_invariant[fourth order, sealed core::FINDING: alpha_new falls outside the corpus's own 2.3e-13 bound] PASSED [ 40%]
tests/test_invariants.py::test_invariant[fourth order, sealed core::exceptional ranks are exactly {3,4,5,6}] PASSED [ 40%]
tests/test_invariants.py::test_invariant[fourth order, sealed core::each range-1 structure has a fixed shape coefficient; the rotation sign is a convention] PASSED [ 40%]
tests/test_invariants.py::test_invariant[fourth order, sealed core::SELF-TEST: cellular's cube completion gives |A| = alpha_N/4 and C = -A/2 at every rank] PASSED [ 40%]
tests/test_invariants.py::test_invariant[fourth order, sealed core::the perpendicular cube sector is a second fourth-order primitive channel, S_4 = -11] PASSED [ 40%]
tests/test_invariants.py::test_invariant[fourth order, sealed core::the in-plane transfer is order eight, not four, in the primitive channel] PASSED [ 41%]
tests/test_invariants.py::test_invariant[fourth order, anchoring and the residual dispute::historical q_3 decimal expansion] PASSED [ 41%]
tests/test_invariants.py::test_invariant[fourth order, anchoring and the residual dispute::C_old = (beta_pen_3 - 2*alpha_3)/16] PASSED [ 41%]
tests/test_invariants.py::test_invariant[fourth order, anchoring and the residual dispute::Delta_Gamma = m_Gamma^(4) - q_band^(4)] PASSED [ 41%]
tests/test_invariants.py::test_invariant[fourth order, anchoring and the residual dispute::FINDING: the printed Delta_Gamma is one ulp low] PASSED [ 41%]
tests/test_invariants.py::test_invariant[fourth order, anchoring and the residual dispute::a translation-local scalar shift changes nothing observable] PASSED [ 41%]
tests/test_invariants.py::test_invariant[fourth order, anchoring and the residual dispute::Delta_C = C_new - C_old > 0 (the real discrepancy)] PASSED [ 41%]
tests/test_invariants.py::test_invariant[fourth order, anchoring and the residual dispute::beta_new = 8A + 16*C_new] PASSED [ 41%]
tests/test_invariants.py::test_invariant[fourth order, anchoring and the residual dispute::off-axis band splits are 8*Delta_C and 16*Delta_C] PASSED [ 41%]
tests/test_invariants.py::test_invariant[fourth order, anchoring and the residual dispute::bandwidth ratio W4_new / W4_old ~ 1.93] PASSED [ 41%]
tests/test_invariants.py::test_invariant[fourth order, anchoring and the residual dispute::Hamer 8*a_4 matches m_Gamma to ~5.2e-13] PASSED [ 41%]
tests/test_invariants.py::test_invariant[fourth order, anchoring and the residual dispute::quarantined scalar decimal] PASSED [ 41%]
tests/test_invariants.py::test_invariant[fourth order, anchoring and the residual dispute::C20: exact gate value vs printed float-reconstruction] PASSED [ 41%]
tests/test_invariants.py::test_invariant[fourth order, anchoring and the residual dispute::run's applied shift is not Delta_Gamma] PASSED [ 41%]
tests/test_invariants.py::test_invariant[old-to-new crosswalk::Phi_C vanishes at Gamma along every direction] PASSED [ 41%]
tests/test_invariants.py::test_invariant[old-to-new crosswalk::Phi_C at the high-symmetry points] PASSED [ 41%]
tests/test_invariants.py::test_invariant[old-to-new crosswalk::crosswalk reproduces the recorded off-axis band splits] PASSED [ 41%]
tests/test_invariants.py::test_invariant[old-to-new crosswalk::the crosswalk is exactly scalar on the momentum axes] PASSED [ 41%]
tests/test_invariants.py::test_invariant[old-to-new crosswalk::bandwidth is preserved only if Delta_C vanishes] PASSED [ 41%]
tests/test_invariants.py::test_invariant[fourth-order generalized Hodge pencil::Q4 cross coefficient = beta_pen_3 / 4] PASSED [ 42%]
tests/test_invariants.py::test_invariant[fourth-order generalized Hodge pencil::historical Q4 numerator is positive definite] PASSED [ 42%]
tests/test_invariants.py::test_invariant[fourth-order generalized Hodge pencil::centered kernel difference is PSD (vanishes on axes)] PASSED [ 42%]
tests/test_invariants.py::test_invariant[fourth-order checkpoint extraction::checkpoint values at X, M, P, R] PASSED [ 42%]
tests/test_invariants.py::test_invariant[fourth-order checkpoint extraction::the four extraction formulas invert the ansatz] PASSED [ 42%]
tests/test_invariants.py::test_invariant[fourth-order checkpoint extraction::X is blind to B, C, D \u2014 it fixes A alone] PASSED [ 42%]
tests/test_invariants.py::test_invariant[homology and finite volume::dim Z_2 = (L^3 - 1) + 3 = L^3 + 2] PASSED [ 42%]
tests/test_invariants.py::test_invariant[homology and finite volume::dim Z_2 at L = 3, 4, 5] PASSED [ 42%]
tests/test_invariants.py::test_invariant[homology and finite volume::d_2 d_3 = 0 on the built complex] PASSED [ 42%]
tests/test_invariants.py::test_invariant[homology and finite volume::rank d_3 = L^3 - 1 on the built complex] PASSED [ 42%]
tests/test_invariants.py::test_invariant[homology and finite volume::dim Z_2 = L^3 + 2 by rank, not by re-arranging the formula] PASSED [ 42%]
tests/test_invariants.py::test_invariant[homology and finite volume::cube boundaries and three wrapping sheets SPAN Z_2] PASSED [ 42%]
tests/test_invariants.py::test_invariant[homology and finite volume::the L^3+2 count is chain-level, not the Bloch convention] PASSED [ 42%]
tests/test_invariants.py::test_invariant[homology and finite volume::the Bloch and chain routes to the carrier agree] PASSED [ 42%]
tests/test_invariants.py::test_invariant[homology and finite volume::FINDING: the wrapping sheets are cycles but NOT harmonic] PASSED [ 42%]
tests/test_invariants.py::test_invariant[homology and finite volume::the zone maximum of q is 12 only at even L] PASSED [ 42%]
tests/test_invariants.py::test_invariant[homology and finite volume::q_min on the L-torus grid is 4 sin^2(pi/L)] PASSED [ 42%]
tests/test_invariants.py::test_invariant[homology and finite volume::Delta_L = 4 tau(u) sin^2(pi/L) is positive and falls as L^-2] PASSED [ 42%]
tests/test_invariants.py::test_invariant[homology and finite volume::the sheets average to harmonic representatives, and the Gamma block IS b_2] PASSED [ 42%]
tests/test_invariants.py::test_invariant[homology and finite volume::the Fourier sum of cube boundaries IS the carrier, and a local seed costs L^-3] PASSED [ 42%]
tests/test_invariants.py::test_invariant[homology and finite volume::a boundary-factorised correction shifts the carrier without dispersing it, for generic M] PASSED [ 43%]
tests/test_invariants.py::test_invariant[the G18 interpolator: local carrier operators and the sheet no-go::cube boundaries are exact flat eigenstates of every assembled symbol, L = 2..5] PASSED [ 43%]
tests/test_invariants.py::test_invariant[the G18 interpolator: local carrier operators and the sheet no-go::im d3 is Gamma-blind, and the sheets carry the whole zone-average] PASSED [ 43%]
tests/test_invariants.py::test_invariant[the G18 interpolator: local carrier operators and the sheet no-go::the sheets decouple from local observables at exact rate 1/L] PASSED [ 43%]
tests/test_invariants.py::test_invariant[the G18 interpolator: local carrier operators and the sheet no-go::compact 2-cycles on open windows are exactly cube boundaries] PASSED [ 43%]
tests/test_invariants.py::test_invariant[G17 uniformity: the shell isolation constant::five charged links clear the shell by exactly C_F/2, at every volume] PASSED [ 43%]
tests/test_invariants.py::test_invariant[G17 uniformity: the shell isolation constant::the second-Casimir shelf: every irrep beyond F and F-bar clears 5C_F/4] PASSED [ 43%]
tests/test_invariants.py::test_invariant[G17 uniformity: the shell isolation constant::every 5-cycle wraps the torus, so flux empties the five-link shelf] PASSED [ 43%]
tests/test_invariants.py::test_invariant[G17 uniformity: the shell isolation constant::the exact isolation constant: gamma = C_F, except 5/4 at SU(4), attained] PASSED [ 43%]
tests/test_invariants.py::test_invariant[G17 uniformity: the shell isolation constant::flux is winding times N-ality: fundamental wrapping loops die at every rank] PASSED [ 43%]
tests/test_invariants.py::test_invariant[G17 uniformity: the shell isolation constant::one insertion cannot connect distinct plaquettes: |p Delta p'| >= 6] PASSED [ 43%]
tests/test_invariants.py::test_invariant[G17 uniformity: the shell isolation constant::the stability hypothesis package, with its dimensionless ratio] PASSED [ 43%]
tests/test_invariants.py::test_invariant[settlement package and adjudication harness (G3)::cold reruns re-certify both in-corpus audits] PASSED [ 43%]
tests/test_invariants.py::test_invariant[settlement package and adjudication harness (G3)::stranded-flux zero backend stays falsified (C7)] PASSED [ 43%]
tests/test_invariants.py::test_invariant[settlement package and adjudication harness (G3)::FINDING: the target-blindness scan cannot see two scalar-determining targets] PASSED [ 43%]
tests/test_invariants.py::test_invariant[settlement package and adjudication harness (G3)::FINDING: the contamination scan reads only the engine file] PASSED [ 43%]
tests/test_invariants.py::test_invariant[settlement package and adjudication harness (G3)::FINDING: the harness can never report COMPLETE] PASSED [ 43%]
tests/test_invariants.py::test_invariant[settlement package and adjudication harness (G3)::the harness carries the printed Delta_Gamma, not the rounded one] PASSED [ 43%]
tests/test_invariants.py::test_invariant[settlement package and adjudication harness (G3)::quarantined targets never reach the engine process] PASSED [ 43%]
tests/test_invariants.py::test_invariant[settlement package and adjudication harness (G3)::the engine the harness drives IS in the repository, renamed by the import] PASSED [ 43%]
tests/test_invariants.py::test_invariant[settlement package and adjudication harness (G3)::the engine is clean under the harness scan AND the extended scan] PASSED [ 44%]
tests/test_invariants.py::test_invariant[settlement package and adjudication harness (G3)::the engine imports stdlib only, so the single-file scan bounds it] PASSED [ 44%]
tests/test_invariants.py::test_invariant[settlement package and adjudication harness (G3)::freeze passes here: the corpus engine is behaviorally the verified one] PASSED [ 44%]
tests/test_invariants.py::test_invariant[settlement package and adjudication harness (G3)::FINDING: the run stage fail-closes on cluster 1 of 609 \u2014 the shipped closure cap is below the first cluster's own demand] PASSED [ 44%]
tests/test_invariants.py::test_invariant[settlement package and adjudication harness (G3)::FINDING: the marked-cluster engine emits the Gamma scalar only \u2014 a completed 609-sweep cannot decide C_shp] PASSED [ 44%]
tests/test_invariants.py::test_invariant[settlement package and adjudication harness (G3)::the v10a.26 cold kernel shares every protected shape parameter and differs only in C \u2014 and records no per-record kernel] PASSED [ 44%]
tests/test_invariants.py::test_invariant[settlement package and adjudication harness (G3)::the two 189-record kernels agree everywhere except three amplitudes, and the on-site anchor swap moves C by exactly zero] PASSED [ 44%]
tests/test_invariants.py::test_invariant[settlement package and adjudication harness (G3)::FINDING: the closure cap is a third-order scaffold and fourth order needs 160] PASSED [ 44%]
tests/test_invariants.py::test_invariant[near-Gamma uniformity (G11)::Jordan bound q(k) >= (4/pi^2)|k|^2 holds on the whole zone] PASSED [ 44%]
tests/test_invariants.py::test_invariant[near-Gamma uniformity (G11)::t(u) >= t_3 u^2 for u > 0, so the gap bound is safe] PASSED [ 44%]
tests/test_invariants.py::test_invariant[near-Gamma uniformity (G11)::crossover constant K = (pi/2) sqrt(W_4 / (theta t_3))] PASSED [ 44%]
tests/test_invariants.py::test_invariant[near-Gamma uniformity (G11)::the criterion survives C2: K depends on the kernel only through sqrt(W_4)] PASSED [ 44%]
tests/test_invariants.py::test_invariant[near-Gamma uniformity (G11)::the statement is non-vacuous only below an explicit coupling] PASSED [ 44%]
tests/test_invariants.py::test_invariant[near-Gamma uniformity (G11)::excluded zone fraction grows as u^3] PASSED [ 44%]
tests/test_invariants.py::test_invariant[near-Gamma uniformity (G11)::the exact zone minimum of q on |k| >= r is 4 sin^2(r/2), and Jordan overstates it by pi/2] PASSED [ 44%]
tests/test_invariants.py::test_invariant[tier collapse (G14)::clearing the denominator reproduces the five-element numerator basis] PASSED [ 44%]
tests/test_invariants.py::test_invariant[tier collapse (G14)::the vanishing coefficients are exactly the degree-3 ones] PASSED [ 44%]
tests/test_invariants.py::test_invariant[tier collapse (G14)::B B^dagger = q I - d conj(d)^T for the curl incidence] PASSED [ 44%]
tests/test_invariants.py::test_invariant[tier collapse (G14)::the carrier projection is where the 1/q comes from] PASSED [ 44%]
tests/test_invariants.py::test_invariant[tier collapse (G14)::RETRACTED: the vertex count does NOT forbid B_shp and D_shp] PASSED [ 45%]
tests/test_invariants.py::test_invariant[tier collapse (G14)::the sixth-order prediction is withdrawn, not merely unproven] PASSED [ 45%]
tests/test_invariants.py::test_invariant[isotropic pentagonal cap band (v4.3 \xa79.3)::the two face energies differ, so the eigenspace must be chosen] PASSED [ 45%]
tests/test_invariants.py::test_invariant[isotropic pentagonal cap band (v4.3 \xa79.3)::h_4^side = A_+ - A_- exactly] PASSED [ 45%]
tests/test_invariants.py::test_invariant[isotropic pentagonal cap band (v4.3 \xa79.3)::the h_4^side -> tau_4 factor is exactly 5] PASSED [ 45%]
tests/test_invariants.py::test_invariant[isotropic pentagonal cap band (v4.3 \xa79.3)::the tau_4 -> Delta E_cap factor is exactly 2] PASSED [ 45%]
tests/test_invariants.py::test_invariant[isotropic pentagonal cap band (v4.3 \xa79.3)::bandwidth = 4|tau_4| and the band minimum sits at k = 0] PASSED [ 45%]
tests/test_invariants.py::test_invariant[isotropic pentagonal cap band (v4.3 \xa79.3)::240 = 5 x 48 histories per adjacent direction] PASSED [ 45%]
tests/test_invariants.py::test_invariant[isotropic pentagonal cap band (v4.3 \xa79.3)::hop range 4 refutes the r = w_min - 2 promotion] PASSED [ 45%]
tests/test_invariants.py::test_invariant[isotropic pentagonal cap band (v4.3 \xa79.3)::the tuned cap-plus-side symbol is a different Hamiltonian] PASSED [ 45%]
tests/test_invariants.py::test_invariant[isotropic pentagonal cap band (v4.3 \xa79.3)::h_4^side and the cubic kernel share no denominator structure] PASSED [ 45%]
tests/test_invariants.py::test_invariant[isotropic pentagonal cap band (v4.3 \xa79.3)::the target-blind backend cold-reproduces A_+, A_- and h_4^side] PASSED [ 45%]
tests/test_invariants.py::test_invariant[isotropic pentagonal cap band (v4.3 \xa79.3)::the fifth-order record is arithmetically self-consistent] PASSED [ 45%]
tests/test_invariants.py::test_invariant[native string tension through fifth order (v4.3 \xa711.2)::sigma_n^phys = (-1)^n sigma_n^raw, and C5 is the n = 3 case] PASSED [ 45%]
tests/test_invariants.py::test_invariant[native string tension through fifth order (v4.3 \xa711.2)::the even coefficients are not sign-flipped] PASSED [ 45%]
tests/test_invariants.py::test_invariant[native string tension through fifth order (v4.3 \xa711.2)::sigma_4 shares the historical-branch denominator] PASSED [ 45%]
tests/test_invariants.py::test_invariant[native string tension through fifth order (v4.3 \xa711.2)::the seven-prime CRT reconstruction clears its uniqueness bound] PASSED [ 45%]
tests/test_invariants.py::test_invariant[native string tension through fifth order (v4.3 \xa711.2)::the ratio and sigma series reproduce E_flat exactly] PASSED [ 45%]
tests/test_invariants.py::test_invariant[native string tension through fifth order (v4.3 \xa711.2)::m_{1+-}(0) = 8/3 follows from sigma(0) = 2/3 alone] PASSED [ 45%]
tests/test_invariants.py::test_invariant[native string tension through fifth order (v4.3 \xa711.2)::the ratio series stops before the disputed order] PASSED [ 45%]
tests/test_invariants.py::test_invariant[native string tension through fifth order (v4.3 \xa711.2)::the leading electric-flux gap C_F L / (2 sqrt u) decreases in u for every N] PASSED [ 46%]
tests/test_invariants.py::test_invariant[native string tension through fifth order (v4.3 \xa711.2)::every fifth-order slope coefficient is negative, so the flux gap falls as beta grows] PASSED [ 46%]
tests/test_invariants.py::test_invariant[native string tension through fifth order (v4.3 \xa711.2)::a weight u^k, k >= 1, flips the small-u direction: the sign is the weight's, not evidence] PASSED [ 46%]
tests/test_invariants.py::test_invariant[published comparisons (literature/index.yaml)::SU(3) Weingarten values follow from the general formula] PASSED [ 46%]
tests/test_invariants.py::test_invariant[published comparisons (literature/index.yaml)::the fourth moment integral |U_11|^4 = 1/6 at N = 3] PASSED [ 46%]
tests/test_invariants.py::test_invariant[published comparisons (literature/index.yaml)::the Weingarten route is independent of the corpus] PASSED [ 46%]
tests/test_invariants.py::test_invariant[published comparisons (literature/index.yaml)::the Hamer table is pinned, and the a_4 agreement is primary-source] PASSED [ 46%]
tests/test_invariants.py::test_invariant[published comparisons (literature/index.yaml)::Hamer's 1+- series matches the C-odd Gamma-point coefficients through x^3] PASSED [ 46%]
tests/test_invariants.py::test_invariant[published comparisons (literature/index.yaml)::Hamer's 0++ series matches the C-even Gamma-point coefficients through x^3] PASSED [ 46%]
tests/test_invariants.py::test_invariant[published comparisons (literature/index.yaml)::the m_n = 2^(n-1) a_n bridge is the x = 2u conversion] PASSED [ 46%]
tests/test_invariants.py::test_invariant[published comparisons (literature/index.yaml)::the series Hamer supersedes is Kogut-SINCLAIR-Susskind 1976, not KS 1975] PASSED [ 46%]
tests/test_invariants.py::test_invariant[published comparisons (literature/index.yaml)::the KPS 1980 string-tension table equals the certified sigma series EXACTLY] PASSED [ 46%]
tests/test_invariants.py::test_invariant[published comparisons (literature/index.yaml)::the KPS eq. (6a) decimals are its own Table 2, to a printed ulp] PASSED [ 46%]
tests/test_invariants.py::test_invariant[published comparisons (literature/index.yaml)::the errata-resolved Euclidean series is doubly sourced, transcription for transcription] PASSED [ 46%]
tests/test_invariants.py::test_invariant[published comparisons (literature/index.yaml)::FINDING: Munster's 1985 table shifts his 1982 erratum at eighth order] PASSED [ 46%]
tests/test_invariants.py::test_invariant[published comparisons (literature/index.yaml)::the cap family's signed counts are n x Catalan, the published sewing weights] PASSED [ 46%]
tests/test_invariants.py::test_invariant[published comparisons (literature/index.yaml)::the overlap obstruction was published in 1988, and it scales] PASSED [ 46%]
tests/test_invariants.py::test_invariant[published comparisons (literature/index.yaml)::a cross-regime paper never supplies a value] PASSED [ 46%]
tests/test_invariants.py::test_invariant[published comparisons (literature/index.yaml)::stored full text is verbatim, and the licence is checked] PASSED [ 46%]
tests/test_invariants.py::test_invariant[published comparisons (literature/index.yaml)::the Hamer table metadata is pinned; no fourth-order agreement is used] PASSED [ 47%]
tests/test_invariants.py::test_invariant[restored payloads (G1)::the 189-record kernel is shipped and carries both reference SHAs] PASSED [ 47%]
tests/test_invariants.py::test_invariant[restored payloads (G1)::the kernel re-derives q, alpha, beta, and the historical C_shp exactly] PASSED [ 47%]
tests/test_invariants.py::test_invariant[restored payloads (G1)::three kernel copies agree record-for-record, from two independent builds] PASSED [ 47%]
tests/test_invariants.py::test_invariant[restored payloads (G1)::the Q_32 ledger is the Newton transcript of the compact q law] PASSED [ 47%]
tests/test_invariants.py::test_invariant[restored payloads (G1)::the P_402 ledger is the Newton transcript of B_N * D_409] PASSED [ 47%]
tests/test_invariants.py::test_invariant[restored payloads (G1)::q_N < 0 and beta_pen_N > 0 for every integer N >= 7 follow from the ledgers] PASSED [ 47%]
tests/test_invariants.py::test_invariant[restored payloads (G1)::the stored fixed-rank q samples N = 7..18 match the compact law exactly] PASSED [ 47%]
tests/test_invariants.py::test_invariant[restored payloads (G1)::the SU(6) determinant correction is exactly 6/343 and momentum-independent] PASSED [ 47%]
tests/test_invariants.py::test_invariant[restored payloads (G1)::the SU(5) stage-1 scan is shipped: 895,524 pairs, zero determinant sectors] PASSED [ 47%]
tests/test_invariants.py::test_invariant[restored payloads (G1)::FINDING: manifest row A60 names the pentagonal dual-cold bundle, and the tree lacks it] PASSED [ 47%]
tests/test_invariants.py::test_invariant[restored payloads (G1)::FINDING: no tetrahedral certificate exists, and no reference SHA is recorded for one] PASSED [ 47%]
tests/test_invariants.py::test_invariant[coupling erratum (C4/G2)::the printed towers are canonical-u: 4*Delta(3u/2) reproduces them verbatim] PASSED [ 47%]
tests/test_invariants.py::test_invariant[coupling erratum (C4/G2)::the 4**r rescaling breaks the bridge: order 2 off by 16, order 3 by 64] PASSED [ 47%]
tests/test_invariants.py::test_invariant[tetrahedral Haar-resolvent coefficient (G5)::the law's two printed forms are one identity, scaling N^-(2r-1)] PASSED [ 47%]
tests/test_invariants.py::test_invariant[tetrahedral Haar-resolvent coefficient (G5)::a merge contributes exactly 1/N at every shared-path length] PASSED [ 47%]
tests/test_invariants.py::test_invariant[tetrahedral Haar-resolvent coefficient (G5)::the resolvent unit is the certified electric convention] PASSED [ 47%]
tests/test_invariants.py::test_invariant[tetrahedral Haar-resolvent coefficient (G5)::the cube instance re-derives the sealed core, temporal classes included] PASSED [ 47%]
tests/test_invariants.py::test_invariant[tetrahedral Haar-resolvent coefficient (G5)::the prism square sector re-derives the printed 64/(N(N^2-1)^2)] PASSED [ 47%]
tests/test_invariants.py::test_invariant[tetrahedral Haar-resolvent coefficient (G5)::24 and 64 are different endpoint sectors of one prism, not rivals] PASSED [ 47%]
tests/test_invariants.py::test_invariant[tetrahedral Haar-resolvent coefficient (G5)::the n-gonal cap family is Catalan; the pentagonal row is n = 5] PASSED [ 48%]
tests/test_invariants.py::test_invariant[tetrahedral Haar-resolvent coefficient (G5)::the run-length Catalan factorization holds for every proper subset through n = 7] PASSED [ 48%]
tests/test_invariants.py::test_invariant[tetrahedral Haar-resolvent coefficient (G5)::Theorem 2's closed form holds through n = 9, past the engine's exhaustive range] PASSED [ 48%]
tests/test_invariants.py::test_invariant[tetrahedral Haar-resolvent coefficient (G5)::the primitive sign is the resolvent parity] PASSED [ 48%]
tests/test_invariants.py::test_invariant[tetrahedral Haar-resolvent coefficient (G5)::G5: the tetrahedral coefficient is exactly -8/(N(N^2-1))] PASSED [ 48%]
tests/test_invariants.py::test_invariant[tetrahedral Haar-resolvent coefficient (G5)::the tetrahedral circuit attains its bound with nonzero weight] PASSED [ 48%]
tests/test_invariants.py::test_invariant[tetrahedral Haar-resolvent coefficient (G5)::primitive proper returns are scalar on the tetrahedral face space] PASSED [ 48%]
tests/test_invariants.py::test_invariant[notes program: SAFE, Davies, coercivity (G20-G23)::G21 exponent identity: arcosh(1 + 2x^2) = 2 arsinh(x)] PASSED [ 48%]
tests/test_invariants.py::test_invariant[notes program: SAFE, Davies, coercivity (G20-G23)::V_Haar Hessian at the identity is exactly I/4 (adjoint Casimir 3)] PASSED [ 48%]
tests/test_invariants.py::test_invariant[notes program: SAFE, Davies, coercivity (G20-G23)::FINDING: the alpha^n RG iteration contradicts its own one-step bound] PASSED [ 48%]
tests/test_invariants.py::test_invariant[notes program: SAFE, Davies, coercivity (G20-G23)::FINDING: six bounded vectors in R^3 refute the 6-vs-3 Cartan counting] PASSED [ 48%]
tests/test_invariants.py::test_invariant[notes program: SAFE, Davies, coercivity (G20-G23)::center elements are critical points of Re Tr, with exact heights] PASSED [ 48%]
tests/test_invariants.py::test_invariant[notes program: SAFE, Davies, coercivity (G20-G23)::G21 Davies bound verified on the 3x3 periodic 2D lattice, arb-certified] PASSED [ 48%]
tests/test_invariants.py::test_invariant[notes program: SAFE, Davies, coercivity (G20-G23)::one-step bridge spectral lemma: inf over the orthocomplement is 1 - lambda_1] PASSED [ 48%]
tests/test_invariants.py::test_invariant[notes program: SAFE, Davies, coercivity (G20-G23)::FINDING: the naive diffusion-to-OS bridge fails in the Gaussian model] PASSED [ 48%]
tests/test_invariants.py::test_invariant[notes program: SAFE, Davies, coercivity (G20-G23)::FINDING: the localization error is n-independent, so the boxed gap does not follow] PASSED [ 48%]
tests/test_invariants.py::test_invariant[notes program: SAFE, Davies, coercivity (G20-G23)::FINDING: the curvature-mass fit is the placeholder dataset fitted to itself] PASSED [ 48%]
tests/test_invariants.py::test_invariant[notes program: SAFE, Davies, coercivity (G20-G23)::FINDING: Riccati blow-up adjudicates the archive's 10/10 proof against its SIM note] PASSED [ 48%]
tests/test_invariants.py::test_invariant[notes program: SAFE, Davies, coercivity (G20-G23)::fundamental Casimir: c_0 = (N^2-1)/(2N) exactly, with the convention trap pinned] PASSED [ 48%]
tests/test_invariants.py::test_invariant[notes program: SAFE, Davies, coercivity (G20-G23)::drift-constant closure: two independent derivations agree exactly] PASSED [ 49%]
tests/test_invariants.py::test_invariant[notes program: SAFE, Davies, coercivity (G20-G23)::Hess V_Haar(0) = (N/12) I for every N: the series coefficient 1/24 times tr(ad_X^2) = 2N tr(X^2)] PASSED [ 49%]
tests/test_invariants.py::test_invariant[notes program: SAFE, Davies, coercivity (G20-G23)::the SU(2) single-link convexity threshold is beta_c = 4.413914663154, the minimum of -2(csc^2 t - t^-2)/cos t] PASSED [ 49%]
tests/test_invariants.py::test_invariant[notes program: SAFE, Davies, coercivity (G20-G23)::C_0(d_1* d_1) = 18 = 3 nu_P exactly in d = 4: the off-diagonal row sum of the lattice Maxwell operator] PASSED [ 49%]
tests/test_invariants.py::test_invariant[off-axis channel ledger (C2 geography, G14)::the 189-record kernel decomposes in the shape basis over the whole zone] PASSED [ 49%]
tests/test_invariants.py::test_invariant[off-axis channel ledger (C2 geography, G14)::FINDING: the tier collapse is two integer cancellations at record level] PASSED [ 49%]
tests/test_invariants.py::test_invariant[off-axis channel ledger (C2 geography, G14)::C_normal = -A_normal/2: the agreed axial coefficient pins the normal channel] PASSED [ 49%]
tests/test_invariants.py::test_invariant[off-axis channel ledger (C2 geography, G14)::the shipped displacement support is exactly six shells] PASSED [ 49%]
tests/test_invariants.py::test_invariant[off-axis channel ledger (C2 geography, G14)::rotation decomposes only as a sum, and the ket convention is load-bearing] PASSED [ 49%]
tests/test_invariants.py::test_invariant[off-axis channel ledger (C2 geography, G14)::the pinned structured B_N expression IS P17(N^2)/(N R20(N^2))] PASSED [ 49%]
tests/test_invariants.py::test_invariant[off-axis channel ledger (C2 geography, G14)::the N=3 continuation shift is exactly 25/64, with two exact corollaries] PASSED [ 49%]
tests/test_invariants.py::test_invariant[off-axis channel ledger (C2 geography, G14)::at N = 6, the one rank carrying both routes here, they agree; N = 3 is closed] PASSED [ 49%]
tests/test_invariants.py::test_invariant[off-axis channel ledger (C2 geography, G14)::scalar vs shape continuation: poles where the corpus forbids, regular where it allows] PASSED [ 49%]
tests/test_invariants.py::test_invariant[off-axis channel ledger (C2 geography, G14)::FINDING: the retained Gamma/axis data cannot identify C_shp] PASSED [ 49%]
tests/test_invariants.py::test_invariant[off-axis channel ledger (C2 geography, G14)::on an axial cut the mixed invariants vanish and the norm divides] PASSED [ 49%]
tests/test_invariants.py::test_invariant[off-axis channel ledger (C2 geography, G14)::FINDING: an explicit second witness C_alt exhibits the C2 non-identifiability] PASSED [ 49%]
tests/test_invariants.py::test_invariant[off-axis channel ledger (C2 geography, G14)::FINDING: C_shp is carried by 6 of 189 records, not spread across the kernel] PASSED [ 49%]
tests/test_invariants.py::test_invariant[off-axis channel ledger (C2 geography, G14)::FINDING: A = 5/48 pins the normal sector's whole C4 contribution] PASSED [ 49%]
tests/test_invariants.py::test_invariant[off-axis channel ledger (C2 geography, G14)::FINDING: the v10a.26 side supplies A, B, D but no block structure, and its C fights its own A] PASSED [ 49%]
tests/test_invariants.py::test_invariant[off-axis channel ledger (C2 geography, G14)::FINDING: the v10a.26 notebook carries a per-class ledger and attests its own blindness] PASSED [ 49%]
tests/test_invariants.py::test_invariant[off-axis channel ledger (C2 geography, G14)::FINDING: the v10a.26 run gates on known values before it unblinds] PASSED [ 50%]
tests/test_invariants.py::test_invariant[off-axis channel ledger (C2 geography, G14)::FINDING: the adjudicator's THIRD-VALUE scalar verdict is a C1 anchoring artifact] PASSED [ 50%]
tests/test_invariants.py::test_invariant[off-axis channel ledger (C2 geography, G14)::the C_alt witness IS the balanced eps-free continuation, and Delta_C/(A/2) = 15/32] PASSED [ 50%]
tests/test_invariants.py::test_invariant[off-axis channel ledger (C2 geography, G14)::the shape fit's C row sums to zero, so no Gamma-anchor error can move C_shp at all] PASSED [ 50%]
tests/test_invariants.py::test_invariant[off-axis channel ledger (C2 geography, G14)::FINDING: the run's own re-anchor moved C_shp by 4.6e-15, as the zero row sum requires] PASSED [ 50%]
tests/test_invariants.py::test_invariant[off-axis channel ledger (C2 geography, G14)::FINDING: the v10a.26 cluster ledger is exhausted by supports <= 2 until fourth order] PASSED [ 50%]
tests/test_invariants.py::test_invariant[off-axis channel ledger (C2 geography, G14)::FINDING: the off-axis ledger carries two claims its own author later retracted] PASSED [ 50%]
tests/test_invariants.py::test_invariant[the flat-band manuscript::every \\chk in the united paper names a check that exists and passes] PASSED [ 50%]
tests/test_invariants.py::test_invariant[the flat-band manuscript::every declared note document is a graph node with an edge] PASSED [ 50%]
tests/test_invariants.py::test_invariant[the flat-band manuscript::no fourth-order coefficient enters the manuscript] PASSED [ 50%]
tests/test_invariants.py::test_invariant[the flat-band manuscript::q at the four high-symmetry points is 0, 4, 8, 12] PASSED [ 50%]
tests/test_invariants.py::test_invariant[the flat-band manuscript::every node the theory graph strands is stranded for a stated reason] PASSED [ 50%]
tests/test_invariants.py::test_invariant[finite-rank truncation bridge (published SU(3) truncations)::the published dimension-ratio matrix element is this registry's weight formula] PASSED [ 50%]
tests/test_invariants.py::test_invariant[finite-rank truncation bridge (published SU(3) truncations)::FINDING: the T1 link cutoff reverses the sign of t_3, and 14/153 is what it omits] PASSED [ 50%]
tests/test_invariants.py::test_invariant[finite-rank truncation bridge (published SU(3) truncations)::the certificate's finite-volume fingerprints, and 29 = L^3 + 2 is the Lean cycle count] PASSED [ 50%]
tests/test_invariants.py::test_invariant[finite-rank truncation bridge (published SU(3) truncations)::FINDING: the bridge documents match the obtained paper, except one equation number] PASSED [ 50%]
tests/test_invariants.py::test_invariant[finite-rank truncation bridge (published SU(3) truncations)::the discrete index theorem gives 0 on the signed face-edge operator, bounding nothing] PASSED [ 50%]
tests/test_invariants.py::test_invariant[finite-rank truncation bridge (published SU(3) truncations)::FINDING: a full T1 = B = 4 cube Hamiltonian reproduces -1/12 and the reversed shell] PASSED [ 50%]
tests/test_invariants.py::test_invariant[finite-rank truncation bridge (published SU(3) truncations)::FINDING: the B = 6 cube flips the sign back to +5/612, closing the decisive test] PASSED [ 50%]
tests/test_invariants.py::test_invariant[finite-rank truncation bridge (published SU(3) truncations)::the B = 6 scalar misses the bridge's by exactly the same-face sextet route] PASSED [ 50%]
tests/test_invariants.py::test_invariant[two-cube charge-odd second-order closure (B=4 and B=6)::the connected two-cube geometry has exactly four cross-cell pairs, each -1] PASSED [ 51%]
tests/test_invariants.py::test_invariant[two-cube charge-odd second-order closure (B=4 and B=6)::the B=6 six-channel census sums to the registry's own t_3 = 5/612] PASSED [ 51%]
tests/test_invariants.py::test_invariant[two-cube charge-odd second-order closure (B=4 and B=6)::the B=6 connected kernel is (5/612) G_conn + diag, with the certified spectrum] PASSED [ 51%]
tests/test_invariants.py::test_invariant[two-cube charge-odd second-order closure (B=4 and B=6)::the B=4 comparator on the same geometry gives -1/12 with the reversed spectrum] PASSED [ 51%]
tests/test_invariants.py::test_invariant[two-cube charge-odd second-order closure (B=4 and B=6)::B=6 retains every adjacent shared-link channel; B=4 provably cannot] PASSED [ 51%]
tests/test_invariants.py::test_invariant[two-cube charge-odd second-order closure (B=4 and B=6)::the certificate's own gates pass, target-blind, with the wrong-sign control rejected] PASSED [ 51%]
tests/test_invariants.py::test_invariant[two-cube charge-odd second-order closure (B=4 and B=6)::the retention rule is C2(rho) + 2 C2(3) <= B, and both retentions it decides are equalities] PASSED [ 51%]
tests/test_invariants.py::test_invariant[two-cube charge-odd second-order closure (B=4 and B=6)::connected first order vanishes by inclusion-exclusion, not by cancellation of numbers] PASSED [ 51%]
tests/test_invariants.py::test_invariant[two-cube charge-odd second-order closure (B=4 and B=6)::the connected diagonal is orbit-constant, and only the transporting orbit moves] PASSED [ 51%]
tests/test_invariants.py::test_invariant[two-cube charge-odd second-order closure (B=4 and B=6)::the B=6 six-channel census IS the Weingarten four-channel ledger, channel by channel] PASSED [ 51%]
tests/test_invariants.py::test_invariant[two-cube charge-odd second-order closure (B=4 and B=6)::every shared-link channel is separately proportional to the geometry, on all 56 pairs] PASSED [ 51%]
tests/test_invariants.py::test_invariant[two-cube charge-odd second-order closure (B=4 and B=6)::the one-cube shell is A1 + T1 + E, and its flat level is the S^2 fundamental class] PASSED [ 51%]
tests/test_invariants.py::test_invariant[the electric shell, and what isolates it::every nontrivial irrep clears 5/4 C_F, except the fundamental pair] PASSED [ 51%]
tests/test_invariants.py::test_invariant[the electric shell, and what isolates it::the SU(3) additive electric spectrum leaves 14, 16, 17 around the shell] PASSED [ 51%]
tests/test_invariants.py::test_invariant[the electric shell, and what isolates it::the torus graph is simple, and the only short cycles are the L = 3 winding triangles] PASSED [ 51%]
tests/test_invariants.py::test_invariant[the electric shell, and what isolates it::every 4-cycle is an elementary face, except exactly the 3L^2 straight winding loops at L = 4] PASSED [ 51%]
tests/test_invariants.py::test_invariant[the electric shell, and what isolates it::the sealed radius-two report passes its six float checks at stated tolerances] PASSED [ 51%]
tests/test_invariants.py::test_invariant[the electric shell, and what isolates it::below 5 C_F/2 the trivial-flux electric spectrum is exactly 0 and 2 C_F] PASSED [ 51%]
tests/test_invariants.py::test_invariant[the electric shell, and what isolates it::the retained electric shell is exactly the trivial-flux charge-odd plaquette span] PASSED [ 51%]
tests/test_invariants.py::test_invariant[the electric shell, and what isolates it::second-order off-diagonal processes are exactly the adjacent shared-link channels] PASSED [ 52%]
tests/test_invariants.py::test_invariant[fourth-order kernel orbits::the shape coefficients are solved, not fitted: A = 5/48, B = D = 0 exactly] PASSED [ 52%]
tests/test_invariants.py::test_invariant[fourth-order kernel orbits::the 189 records carry exactly six weight magnitudes] PASSED [ 52%]
tests/test_invariants.py::test_invariant[fourth-order kernel orbits::every orbit's carrier projection is closed form in e1, e2, e3] PASSED [ 52%]
tests/test_invariants.py::test_invariant[fourth-order kernel orbits::A = 5/48 forces the normal amplitude: nu = -(5/48 + 4u)] PASSED [ 52%]
tests/test_invariants.py::test_invariant[fourth-order kernel orbits::C_shp = -5/96 - u - (rho + pi)/2, exactly] PASSED [ 52%]
tests/test_invariants.py::test_invariant[fourth-order kernel orbits::the tier collapse is one identity: D = -6u + 3*u2 with u2 = 2u] PASSED [ 52%]
tests/test_invariants.py::test_invariant[fourth-order kernel orbits::u2 = 2u is the cross term of a perfect square] PASSED [ 52%]
tests/test_invariants.py::test_invariant[fourth-order kernel orbits::B = 0 is unpopulated, not cancelled] PASSED [ 52%]
tests/test_invariants.py::test_invariant[fourth-order kernel orbits::RETRACTED: B_3 - beta_historical = 25/64 is a forbidden substitution, not an exact branch] PASSED [ 52%]
tests/test_invariants.py::test_invariant[fourth-order kernel orbits::the on-site orbit IS the momentum-independent channel] PASSED [ 52%]
tests/test_invariants.py::test_invariant[fourth-order kernel orbits::CORRECTED PREDICTION: the eps-sector at N=3 is Delta(rho + pi~) = -25/512; u is NOT constrained] PASSED [ 52%]
tests/test_invariants.py::test_invariant[fourth-order kernel orbits::FINDING: the cold kernel is the same six orbits with rho and pi sign-flipped] PASSED [ 52%]
tests/test_invariants.py::test_invariant[fourth-order kernel orbits::every orbit is separately Hermitian and cubic-covariant, so symmetry fixes no sign] PASSED [ 52%]
tests/test_invariants.py::test_invariant[fourth-order kernel orbits::no plane-basis convention flips rho or pi: only +-1 keeps the 144 agreed records] PASSED [ 52%]
tests/test_invariants.py::test_invariant[fourth-order kernel orbits::FINDING: the cold kernel carries the same orientation character, so its flips are real] PASSED [ 52%]
tests/test_invariants.py::test_invariant[fourth-order kernel orbits::the 144 agreed records are u S_sq^2, the shared-link adjacency squared] PASSED [ 52%]
tests/test_invariants.py::test_invariant[fourth-order kernel orbits::H4 = -nu~(L_up - 2) + u S_sq^2 - pi~ S_sq + sigma~ - 2 C_shp R exactly: C_shp is the coefficient of the one non-Hodge operator] PASSED [ 52%]
tests/test_invariants.py::test_invariant[fourth-order kernel orbits::FINDING: the cold kernel has the same Hodge form, with nu~ = -5/48 and its own (u, rho, pi~, sigma~)] PASSED [ 52%]
tests/test_invariants.py::test_invariant[fourth-order kernel orbits::the engine's primitives plus textbook second-order theory return t_3 S_sq, the C-even hop and the leakage] PASSED [ 52%]
tests/test_invariants.py::test_invariant[fourth-order kernel orbits::FINDING: the chain amplitude is u = X_QUANTUM exactly, on the coplanar and the bent chain; the cold kernel's 4.13 u is wrong] PASSED [ 53%]
tests/test_invariants.py::test_invariant[fourth-order kernel orbits::REPLICATION: a second implementation, with the engine's PVP assembly and a Krylov resolvent, gives u = X_QUANTUM on three chain types] PASSED [ 53%]
tests/test_invariants.py::test_invariant[fourth-order kernel orbits::the cluster expansion is linked: a plaquette sharing no link with the pair contributes exactly zero] PASSED [ 53%]
tests/test_invariants.py::test_invariant[fourth-order kernel orbits::the lattice fourth-order in-plane nearest-neighbour element, assembled from clusters, is the historical kernel's pi exactly] PASSED [ 53%]
tests/test_invariants.py::test_invariant[fourth-order kernel orbits::FINDING: U5 is falsified -- the epsilon sector of rho + pi~ is -55/6936, not -25/512] PASSED [ 53%]
tests/test_invariants.py::test_invariant[fourth-order kernel orbits::the lattice fourth-order normal element, assembled from clusters with the cube-completion term, is the agreed nu = -5/48 - 4u exactly] PASSED [ 53%]
tests/test_invariants.py::test_invariant[fourth-order kernel orbits::the corner cluster's cumulant agrees between two implementations of the resolvent] PASSED [ 53%]
tests/test_invariants.py::test_invariant[fourth-order kernel orbits::FINDING: the lattice fourth-order rotation element, assembled from clusters, is neither kernel's rho] PASSED [ 53%]
tests/test_invariants.py::test_invariant[fourth-order kernel orbits::FINDING: C_shp from the assembled amplitudes is a third value, -5/96 - u - (rho + pi)/2 with the cluster rho] PASSED [ 53%]
tests/test_invariants.py::test_invariant[continuum and fixed-spacing bridges (G18, G19)::the equivariant Markov blocking counterexample is exact: integral = -1] PASSED [ 53%]
tests/test_invariants.py::test_invariant[continuum and fixed-spacing bridges (G18, G19)::the two-loop exponents of the necessary continuum law are 51/121 and 86/121] PASSED [ 53%]
tests/test_invariants.py::test_invariant[continuum and fixed-spacing bridges (G18, G19)::the G18 sheet coefficient 5/612 is the registered shared-link hopping] PASSED [ 53%]
tests/test_invariants.py::test_invariant[the swap-odd domino state (U4, ADR 0023)::the rotor towers 13/20, 1/2, 101/200, 7/32 and vacuum -3/4, -9/32 follow from SU(3) fusion] PASSED [ 53%]
tests/test_invariants.py::test_invariant[the swap-odd domino state (U4, ADR 0023)::W psi_A has no two-plaquette and no vacuum image for C-even; C-odd keeps the like-family pair] PASSED [ 53%]
tests/test_invariants.py::test_invariant[the swap-odd domino state (U4, ADR 0023)::the |0> route is minus the vacuum energy at orders 2 and 3, so leak_(k,+) = t_(k,+) follows] PASSED [ 53%]
tests/test_invariants.py::test_invariant[the swap-odd domino state (U4, ADR 0023)::the C-odd swap-odd gap is 2 A_N + 1/C_F: -3/68 at N = 3, the like family and not the mixed] PASSED [ 53%]
tests/test_invariants.py::test_invariant[the swap-odd domino state (U4, ADR 0023)::fourth-order rotor: gaps 1657/28000 and 143/8960, vacuum -39/1280, route + vac = -63/800] PASSED [ 53%]
tests/test_invariants.py::test_invariant[Hecke cover correspondence table::the geometric A_p column is p^4 times the printed lambda_p] PASSED [ 53%]
tests/test_invariants.py::test_invariant[the third implementation and the historical ledger (G3, C2)::the third engine reproduces the second-order constants and u = X_QUANTUM on three chain types] PASSED [ 53%]
tests/test_invariants.py::test_invariant[the third implementation and the historical ledger (G3, C2)::the corner cluster's cumulant from a third implementation, independent of the engine in every primitive] PASSED [ 54%]
tests/test_invariants.py::test_invariant[the third implementation and the historical ledger (G3, C2)::the third engine reproduces every dressing class of the three shared-link pairs, and the far gate] PASSED [ 54%]
tests/test_invariants.py::test_invariant[the third implementation and the historical ledger (G3, C2)::the cube completion from the third engine: -5/48 between opposite faces, -53/768 between adjacent ones] PASSED [ 54%]
tests/test_invariants.py::test_invariant[the third implementation and the historical ledger (G3, C2)::the adjacent-face cube completion is -106/(N(N^2-1)^3): the primitive -88 plus ten multi-loop histories at -18] PASSED [ 54%]
tests/test_invariants.py::test_invariant[the third implementation and the historical ledger (G3, C2)::the historical pipeline's own word ledger, pinned in the corpus, reassembles to the 189 records] PASSED [ 54%]
tests/test_invariants.py::test_invariant[the third implementation and the historical ledger (G3, C2)::FINDING: the historical rotation record holds every cluster the assembly has, to the digit, except 16 of the 24 cube orderings] PASSED [ 54%]
tests/test_invariants.py::test_invariant[the third implementation and the historical ledger (G3, C2)::FINDING: the run's rotation element is in the conjugate basis; in the kernel's own basis rho = -RHO_CLUSTER and rho_historical - rho = 25/512, the cube term alone] PASSED [ 54%]
tests/test_invariants.py::test_invariant[the third implementation and the historical ledger (G3, C2)::FINDING: C_shp from the assembled amplitudes in the kernel's basis is C_historical + 25/1024, the registered continuation-shifted value] PASSED [ 54%]
tests/test_invariants.py::test_invariant[the third implementation and the historical ledger (G3, C2)::the all-rank beta_N formula at N = 3 is 8A + 16 C_shp_assembled exactly: the SU(3) exception in the shape channel was the cube shortfall] PASSED [ 54%]
tests/test_invariants.py::test_invariant[the third implementation and the historical ledger (G3, C2)::the fourth-order shape table with the resolved C_shp: beta_3, W_4, lambda_M and lambda_R move by 25/64, 25/64, 25/128 and 25/64; alpha and lambda_X do not] PASSED [ 54%]
tests/test_invariants.py::test_invariant[the third engine at every rank (all-rank cumulants)::the third engine reproduces the all-rank second-order hopping t_N and C-even hopping ell_N, and leak = hop in both sectors, at N = 3..7 live and N = 3..70 pinned] PASSED [ 54%]
tests/test_invariants.py::test_invariant[the third engine at every rank (all-rank cumulants)::the cube-completion closed forms hold with the full H0 dynamics at N = 4 and 5: -160/(N(N^2-1)^3) opposite, -106/(N(N^2-1)^3) adjacent] PASSED [ 54%]
tests/test_invariants.py::test_invariant[the third engine at every rank (all-rank cumulants)::the rank sweep's N = 3 row is the registered SU(3) cumulants, sign and magnitude, in the kernel's basis] PASSED [ 54%]
tests/test_invariants.py::test_invariant[the third engine at every rank (all-rank cumulants)::the single-contact dressing at every rank: C-odd 2N^3(N^2-4)(10N^2-13)/((N^2-1)^3(4N^2-9)^2(2N^2-1)^2), C-even -ell_N^2/(2C_F)] PASSED [ 54%]
tests/test_invariants.py::test_invariant[the third engine at every rank (all-rank cumulants)::the shared-link fan dressing at every rank: a (17, 24) rational function of N with denominator 3(N^2-1)^3(4N^2-9)^3(2N^2-1)^3(16N^2-9)(16N^2-49)(4N^2-7), verified on held-out ranks] PASSED [ 54%]
tests/test_invariants.py::test_invariant[the third engine at every rank (all-rank cumulants)::the two-hop weight u at every rank: (21, 28) rational functions of N in both sectors, C-odd with the double zero (N^2-4)^2 at SU(2), verified on 16 held-out ranks] PASSED [ 54%]
tests/test_invariants.py::test_invariant[the third engine at every rank (all-rank cumulants)::the corner dressing at every rank: (23, 30) rational functions of N in both sectors, verified on 12 held-out ranks] PASSED [ 54%]
tests/test_invariants.py::test_invariant[the third engine at every rank (all-rank cumulants)::u is the sum of 74 irrep-labelled channels, each a product of resolvent factors in N, and the 74 closed forms sum to u(N) identically] PASSED [ 54%]
tests/test_invariants.py::test_invariant[the third engine at every rank (all-rank cumulants)::u is universal channel by channel: the coplanar, bent and in-plane L chains agree in every one of the 74 channels, up to the incidence sign, at N = 3..30] PASSED [ 54%]
tests/test_invariants.py::test_invariant[the third engine at every rank (all-rank cumulants)::the coplanar and perpendicular two-face clusters are one abstract graph up to conjugating Q, so their C-odd pair elements are exact negatives at every rank and the pair cluster drops out of C_shp] PASSED [ 54%]
tests/test_invariants.py::test_invariant[the third engine at every rank (all-rank cumulants)::the cluster assembly reproduces the corpus's all-rank beta_N = P17(N^2)/(N R20(N^2)) exactly at every rank N = 4..70 (the pair cluster, which cancels, computed at N >= 5), and the link-disjoint pair is zero at every rank] PASSED [ 55%]
tests/test_invariants.py::test_invariant[the third engine at every rank (all-rank cumulants)::the assembled beta's closed form in N, reconstructed from 38 ranks and confirmed on the other 28, is the corpus's P17(N^2)/(N R20(N^2)) as a rational function; the pair clusters' closed forms are exact negatives with a double pole at N = 3] PASSED [ 55%]
tests/test_invariants.py::test_invariant[the T1 triplet at Gamma and the uniform isolation of the flat band::the three plaquette orientations at k = 0 carry an irreducible representation of the cubic group (the T1 triplet), so every cubic-covariant effective Hamiltonian is a scalar at Gamma at every order] PASSED [ 55%]
tests/test_invariants.py::test_invariant[the T1 triplet at Gamma and the uniform isolation of the flat band::the fourth-order kernel at Gamma is the scalar q_band^(4) on the orientation triplet, for either recorded C_shp, and has no linear term in k] PASSED [ 55%]
tests/test_invariants.py::test_invariant[the T1 triplet at Gamma and the uniform isolation of the flat band::the Hodge Laplacian on plaquettes is the scalar q_a: L_down + L_up = q_a I, Lambda^2 = q_a Lambda, L_up Lambda = 0, so Lambda = q_a P_t and L_up = q_a P_c] PASSED [ 55%]
tests/test_invariants.py::test_invariant[the T1 triplet at Gamma and the uniform isolation of the flat band::the fourth-order kernel is bounded by C_iso q_a(k) away from its Gamma scalar, C_iso = 5/48 for the assembled C_shp, so the flat band is isolated at every k != 0 for u^2 < 2/51 -- no exclusion radius] PASSED [ 55%]
tests/test_invariants.py::test_invariant[the T1 triplet at Gamma and the uniform isolation of the flat band::the isolation bound is tight: the numerical supremum of ||H4(k) - sI|| / q_a(k) over the zone is 5/48, attained on an axis, and the fourth-order band gap obeys the bound at every sampled k] PASSED [ 55%]
tests/test_invariants.py::test_invariant[the T1 triplet at Gamma and the uniform isolation of the flat band::a band theorem at fourth order: the carrier expectation of the centered kernel is the corpus dispersion exactly, psi^dagger (H4 - sI) psi = A q_a^2 + 4C e2, so on the punctured zone the lowest band is E_flat + u^4 (s + A q_a + 4C e2/q_a) up to a Kato-Temple remainder bounded by C_iso^2 u^6 q_a / (t_3 - 2 C_iso u^2), uniformly in k] PASSED [ 55%]
tests/test_invariants.py::test_invariant[the T1 triplet at Gamma and the uniform isolation of the flat band::the band theorem's remainder bound holds numerically: on a grid the lowest eigenvalue of t_3 u^2 Lambda + u^4 (H4 - sI) sits within C_iso^2 u^6 q_a / (t_3 - 2 C_iso u^2) of u^4 (A q_a + 4C e2/q_a)] PASSED [ 55%]
tests/test_invariants.py::test_invariant[the third engine over Q(N): closed forms derived, the degree bound::every cumulant of the beta_N assembly is one rational function of N computed over Q(N): the closed forms are derived, not reconstructed, and specialise to the per-rank records at N = 3..70] PASSED [ 55%]
tests/test_invariants.py::test_invariant[the third engine over Q(N): closed forms derived, the degree bound::the specialisation argument's certificate: every eigencomponent an exact H0 eigenvector over Q(N), every Haar family balanced with n <= 3, every flux audited, and the one resolvent denominator vanishing at an integer rank >= 4 is at N = 4] PASSED [ 55%]
tests/test_invariants.py::test_invariant[the third engine over Q(N): closed forms derived, the degree bound::the coplanar dressings are the exact negatives of the perpendicular ones in Q(N), single contact and fan alike, so the eleven-cumulant assembly is three cumulants and the cube: beta_N = -16u + 32d - 16 corner + 848/(N(N^2-1)^3)] PASSED [ 55%]
tests/test_invariants.py::test_invariant[the third engine over Q(N): closed forms derived, the degree bound::the final polynomial identity: -16 u + 32 d - 16 corner - 8 K_adj = P17(N^2)/(N R20(N^2)) as rational functions, for the closed forms of the two-hop weight, the single-contact dressing, the corner dressing and the adjacent-face cube completion] PASSED [ 55%]
tests/test_invariants.py::test_invariant[the third engine over Q(N): closed forms derived, the degree bound::the 74 channels of u are identities in Q(N): every closed form of the pinned reconstruction is the symbolic channel exactly, and the finer per-link labelling adds only channels that vanish in the C-odd sector] PASSED [ 55%]
tests/test_invariants.py::test_invariant[the third engine over Q(N): closed forms derived, the degree bound::u is universal channel by channel as an identity in Q(N): bent = -coplanar and L = coplanar in every C-odd channel and both equal it in every C-even channel, so u2 = 2u and the tier collapse D = -6u + 3u2 = 0 hold at every rank] PASSED [ 55%]
tests/test_invariants.py::test_invariant[the third engine over Q(N): closed forms derived, the degree bound::the shared-link fan dressing is universal channel by channel in Q(N): the coplanar fan is minus the perpendicular fan in every C-odd channel and equal in every C-even one, and its channels are the only ones that carry three-box irreps] PASSED [ 55%]
tests/test_invariants.py::test_invariant[the third engine over Q(N): closed forms derived, the degree bound::the single-contact dressing is universal channel by channel too, once the two geometries are matched: the straight chain dresses Q where the L-shaped chain dresses P, so the direct term's intermediate states correspond in reverse time order, and then all 92 C-odd channels have ratio -1 and all 164 C-even channels ratio +1] PASSED [ 55%]
tests/test_invariants.py::test_invariant[the third engine over Q(N): closed forms derived, the degree bound::the corner dressing by channel: 87 C-odd channels, at most three doubled links in any direct-term state, every resolvent factor the corner adds to R20 the energy of an identified intermediate state, and the Weingarten poles at N = -+3 of single channels cancelling in the sum] PASSED [ 55%]
tests/test_invariants.py::test_invariant[the third engine over Q(N): closed forms derived, the degree bound::beta_N is a sum of resolvent products: -16 u + 32 d - 16 corner + 848/(N(N^2-1)^3) over 254 channel terms, each a rational function of N whose denominator is a product of resolvent factors, equals P17(N^2)/(N R20(N^2))] PASSED [ 55%]
tests/test_invariants.py::test_invariant[the planar limit of the fourth-order band (G16)::every fourth-order cumulant of the beta_N assembly is O(N^-7) in both sectors, the order of the cube completions, and the planar limit of beta_N is 6170/9 = -16(11/576) + 32(5/16) - 16(6197/576) + 848] PASSED [ 56%]
tests/test_invariants.py::test_invariant[the planar limit of the fourth-order band (G16)::two orders cancel in every cluster: the largest resolvent channels of every fourth-order cumulant are O(N^-3) and the N^-3 and N^-5 channel totals vanish identically, in all eight clusters and both sectors] PASSED [ 56%]
tests/test_invariants.py::test_invariant[the planar limit of the fourth-order band (G16)::the second-order hop cancels one order: A_N and B_N are -1/N + O(N^-3) each and their difference t_N is 1/(4N^3) + O(N^-5)] PASSED [ 56%]
tests/test_invariants.py::test_invariant[the planar limit of the fourth-order band (G16)::the band coefficients scale as N^-(4k-1) at order 2k (k = 1, 2), so W_4/W_2 = (11930/27) u^2/N^4 (1 + O(N^-2)); with u = beta/(2N) this is (5965/54) tau^2, tau = beta/N^3] PASSED [ 56%]
tests/test_invariants.py::test_invariant[the planar limit of the fourth-order band (G16)::N^7 beta_N, N^7 W_4 and N^7 corner_N are positive and decrease strictly to their planar limits for real N >= 3, and no closed form of the assembly has a pole or zero at real N >= 3] PASSED [ 56%]
tests/test_invariants.py::test_invariant[private-link paths as single links; universality history by history::a private-link path is one effective link with k times the single-link H0: every three-cluster cumulant of the beta_N assembly is the same, channel by channel in both sectors, on the reduced cluster as on the full one] PASSED [ 56%]
tests/test_invariants.py::test_invariant[private-link paths as single links; universality history by history::universality of the two-hop weight holds history by history: the straight and the L-shaped chain agree in every (insertion sequence, channel) term of the direct term, and integrand by integrand within each term] PASSED [ 56%]
tests/test_invariants.py::test_invariant[private-link paths as single links; universality history by history::the single-contact dressing agrees history by history between its two geometries once time is reversed, the end roles are swapped and one end face is conjugated: every (sequence, channel) term has ratio -1] PASSED [ 56%]
tests/test_invariants.py::test_invariant[private-link paths as single links; universality history by history::where the identity lives: after every private path is integrated, the straight and the L chain leave the same formal word in the two shared links, coefficient for coefficient, in every (sequence, channel) term; after the middle face's private links alone they do not] PASSED [ 56%]
tests/test_invariants.py::test_invariant[private-link paths as single links; universality history by history::the universality lemma, by exhaustion on the fourth-order family: phi (delete the second private letter of the straight middle face, keep the first as the weight-two link) maps every history's straight integrand onto its L integrand with the same coefficient, and preserves the Haar integral on every word the Fierz swaps and cuts can generate from the face words] PASSED [ 56%]
tests/test_invariants.py::test_invariant[private-link paths as single links; universality history by history::the single-contact dressing obeys the same lemma once time is reversed: phi (delete the hub private after the hub-end letter, keep the other as the weight-two link, reverse the hub-end link, conjugate) maps every history's straight integrand onto its L integrand with the same coefficient up to the incidence sign, and preserves the Haar integral on the mirror family] PASSED [ 56%]
tests/test_invariants.py::test_invariant[the Wilson transfer matrix at finite temporal step::the four shared-link channels of the second-order C-odd shell reproduce t_N at every rank: w_rho = -(d_rho/N^2)/(C_F + C_rho/2) for rho = 1, Adj, Lambda^2 F, Sym^2 F, and (w_Lambda2 + w_Sym2) - (w_1 + w_Adj) = 2N(N^2-4)/((N^2-1)(2N^2-1)(4N^2-9)) identically] PASSED [ 56%]
tests/test_invariants.py::test_invariant[the Wilson transfer matrix at finite temporal step::the exact SU(3) Wilson multipliers through eps^3 from Cartan Gaussian moments with the Weyl Vandermonde: lambda_3 = 1 - 2/3 eps + 1/36 eps^2 + 13/648 eps^3, lambda_8 = 1 - 3/2 eps + 11/16 eps^2 + 1/96 eps^3, lambda_6 = 1 - 5/3 eps + 65/72 eps^2 - 55/1296 eps^3; the calibrated clock is tau = eps + 7/24 eps^2 + 13/144 eps^3 and the calibrated energies k(8) = 3/2 - 5/96 eps^2, k(6) = 5/3 - 5/72 eps^2] PASSED [ 56%]
tests/test_invariants.py::test_invariant[the Wilson transfer matrix at finite temporal step::the second-order C-odd shell of the symmetric Wilson transfer generator at finite temporal step: with d_tau(Delta) = (tau/2) coth(tau Delta/2) the hopping is t_W = 5/612 + 175/280908 eps^2 + O(eps^3), the flat scalar s_2W = 11/306 - 89159/2247264 eps^2, and the first literal-source Gram coefficient -2 d_tau(E_F) = -3/4 - 4/9 eps^2] PASSED [ 56%]
tests/test_invariants.py::test_invariant[the blocked Wilson transfer: spectral block, cluster margin, source moments::the spectrally optimal Wilson block: with the shell eigenvalue x^4 and the rest of the odd spectrum below x^5, x = exp(-gamma s), the guaranteed separation x^4 (1 - x) is maximal at x = 4/5 with value 256/3125; rounding the block to whole steps of at most s_sp/4 keeps at least 1024/15625; and the support count 4n x^max(n-4,0) is at most 16 for x <= 4/5, attained at n = 4 and 5] PASSED [ 56%]
tests/test_invariants.py::test_invariant[the blocked Wilson transfer: spectral block, cluster margin, source moments::the explicit sufficient thresholds of the blocked-transfer polymer criterion leave the Kotecky-Preiss margin 11/56 < 1/4: with delta = e^(-(4+2xi))/16 and y = 1/256 the atom sum 2 e^(4+2xi) delta + 8y/(1 - 144y) is exactly 1/8 + 1/14, and the coupling disc u_c = log(1 + e^(-(16+8xi)) / (256 (1+delta)^4)) / (J (s0 + tau0)) is where y reaches 1/256] PASSED [ 56%]
tests/test_invariants.py::test_invariant[the blocked Wilson transfer: spectral block, cluster margin, source moments::the source-moment identities of the excited-window note hold exactly: with G = J*J and P = J G^-1 J*, Q = 1 - P, the moments C_j = J* D^j J satisfy J*(D Q D)J = C_2 - C_1 G^-1 C_1 (the leakage R*R in the source frame) and J*(D - c)^2 J = J*(D - c)P(D - c)J + J*(D - c)Q(D - c)J for every scalar c (the split into (A - c)^2 and R*R); a dark state orthogonal to the sources leaves every C_j unchanged while enlarging the window, so positive source weight is not completeness] PASSED [ 56%]
tests/test_invariants.py::test_invariant[the local Wilson vacuum chart: exact quadratic repair and support bound::the local vacuum chart repairs a genuine quadratic creation term: the two-level symmetric transfer leaves 97/96 after the first rotation, and the exact second generator 97/24 cancels it on both vacuum legs] PASSED [ 56%]
tests/test_invariants.py::test_invariant[the local Wilson vacuum chart: exact quadratic repair and support bound::local quadratic chart coefficients retain overlapping and disjoint support structure: connected generators are block-power invariant, disjoint coefficients factor, and free spectator entries remain present] PASSED [ 56%]
tests/test_invariants.py::test_invariant[the local Wilson vacuum chart: exact quadratic repair and support bound::the complete quadratic support majorant is 40432/5: repeated, overlapping and disjoint activity counts have exact maxima 16, 336 and 2592/5 for delta <= 4/5] PASSED [ 56%]
tests/test_invariants.py::test_invariant[the local Wilson vacuum chart: exact quadratic repair and support bound::the endpoint-gauge mixed-kick identity is exact: r_tau(E1+E2) times (r_tau(E1)+r_tau(E2)+tau) equals r_tau(E1)r_tau(E2); omitting the mixed exponential kick leaves the nonzero residual -tau^2/(xy-1)] PASSED [ 57%]
tests/test_invariants.py::test_invariant[the Wilson vacuum correction is exact orthogonal compression::the vacuum-column commutator is exactly orthogonal compression QAQ, with a scalar-normalization negative control] PASSED [ 57%]
tests/test_invariants.py::test_invariant[the Wilson vacuum correction is exact orthogonal compression::compression and Perron damping sharpen the uniform quadratic bound to 118872/125 times f_star squared] PASSED [ 57%]
tests/test_invariants.py::test_invariant[the resolvent-composed rooted creator map: exact finite controls::the moving-weight creator constants place the six-link Pauli model inside the explicit contraction domain using a rational upper bound for atanh(kappa)] PASSED [ 57%]
tests/test_invariants.py::test_invariant[the resolvent-composed rooted creator map: exact finite controls::finite disjoint-support creator exp/log invert exactly, and a Pauli-flip negative control detects replacement of the nilpotent creator product] PASSED [ 57%]
tests/test_invariants.py::test_invariant[the resolvent-composed rooted creator map: exact finite controls::the normalized magnetic creator-flow differential equals direct nilpotent operator conjugation on three exact six-link families] PASSED [ 57%]
tests/test_invariants.py::test_invariant[the resolvent-composed rooted creator map: exact finite controls::the full kinetic resolvent-composed creator map preserves the radius-1/16 ball on three specified six-link inputs and has pair ratios below one half] PASSED [ 57%]
tests/test_invariants.py::test_invariant[the Wilson creator parent: exact finite tensor controls::six exact finite tensor creator parents have commuting idempotents and a one-dimensional vacuum] PASSED [ 57%]
tests/test_invariants.py::test_invariant[the Wilson creator parent: exact finite tensor controls::81 exact rational PSD congruences independently certify six finite parent gap and block controls] PASSED [ 57%]
tests/test_invariants.py::test_invariant[the Wilson creator parent: exact finite tensor controls::20 finite idempotent singular bounds and 43 overlap commutator bounds retain orthogonal support blocks] PASSED [ 57%]
tests/test_invariants.py::test_invariant[the Wilson creator parent: exact finite tensor controls::the stated creator majorants evaluate exactly to gap 247/256 and cover bounds 5/24, 5/9 and 55/72] PASSED [ 57%]
tests/test_invariants.py::test_invariant[the Wilson creator parent: exact finite tensor controls::exact negative controls reject omitted parent quadratic terms and a uniform global creator similarity bound] PASSED [ 57%]
tests/test_invariants.py::test_invariant[the Wilson transfer activities: exact partition extraction::partition cumulants reconstruct 32 exact induced tensor transfers and give 30 vacuum-anchored activities with noncommuting overlaps] PASSED [ 57%]
tests/test_invariants.py::test_invariant[the Wilson transfer activities: exact partition extraction::vacuum fixing without component factorization leaves a disconnected two-link activity of exactly 1/12] PASSED [ 57%]
tests/test_invariants.py::test_invariant[the Wilson weighted chart: exact creator velocity controls::22 finite creator-tangent columns agree with independent tensor matrices and real-linear inversion transports the normalized vacuum line] PASSED [ 57%]
tests/test_invariants.py::test_invariant[the Wilson weighted chart: exact creator velocity controls::two exact rooted matrix contraction certificates bound nonzero four-term Neumann remainders] PASSED [ 57%]
tests/test_invariants.py::test_invariant[the Wilson weighted chart: exact creator velocity controls::the creator chart factorizes on four disjoint tensor links and a complex one-link path has the exact vacuum phase 1/198] PASSED [ 57%]
tests/test_invariants.py::test_invariant[the Wilson weighted chart: exact creator velocity controls::connected ordered contour words equal partition cumulants through degree three with noncommuting overlap projectors] PASSED [ 57%]
tests/test_invariants.py::test_invariant[the Wilson weighted chart: exact creator velocity controls::exact rational majorant consequences give creator velocity 1/6, activity 1/2500 and full-operator bound 1/998 below the shell threshold] PASSED [ 57%]
tests/test_invariants.py::test_invariant[the Wilson weighted chart: exact creator velocity controls::363 labeled overlap graphs reproduce 20 marked-tree coefficients through degree five at four roots] PASSED [ 57%]
tests/test_invariants.py::test_invariant[the complete Wilson band: finite source and projection controls::an exact rational rotated band has a direct rotation and a two-sided projected-source inverse] PASSED [ 58%]
tests/test_invariants.py::test_invariant[the complete Wilson band: finite source and projection controls::a tagged centered finite source family obeys the Gram-Schur bound and removing centering fails] PASSED [ 58%]
tests/test_invariants.py::test_invariant[the complete Wilson band: finite source and projection controls::a noncommuting four-link transfer agrees with disjoint-activity exhaustion and local tail certificates] PASSED [ 58%]
tests/test_invariants.py::test_invariant[the complete Wilson band: finite source and projection controls::finite source controls distinguish a Gram lower bound, small columns and complete synthesis] PASSED [ 58%]
tests/test_invariants.py::test_invariant[the complete Wilson band: finite source and projection controls::exact source and gap margins yield a Gram lower bound above 9/16 and inverse norm below 6/5] PASSED [ 58%]
tests/test_invariants.py::test_invariant[physical Wilson blocks: exact metric, rotor and shell controls::conditional Gaussian covariance is sharp in the quotient metric and retains a nonzero score] PASSED [ 58%]
tests/test_invariants.py::test_invariant[physical Wilson blocks: exact metric, rotor and shell controls::the actual strip metric and Gaussian contractions give the declared Born-Huang and vertical shifts] PASSED [ 58%]
tests/test_invariants.py::test_invariant[physical Wilson blocks: exact metric, rotor and shell controls::joint Gauss cancellation holds in mixed polynomial controls and physical source limits are orthogonal] PASSED [ 58%]
tests/test_invariants.py::test_invariant[physical Wilson blocks: exact metric, rotor and shell controls::four SU2 intrinsic rotor enclosures replay by integer Sturm signs and a tail Schur bound] PASSED [ 58%]
tests/test_invariants.py::test_invariant[physical Wilson blocks: exact metric, rotor and shell controls::original seven-link product logarithms independently reproduce the SU2 radial and mixed corrections] PASSED [ 58%]
tests/test_invariants.py::test_invariant[physical Wilson blocks: exact metric, rotor and shell controls::the two-strip on-shell self-energy leaves a positive angular term and splits the first singlet shell] PASSED [ 58%]
tests/test_invariants.py::test_invariant[continuum scale comparison: boundary, history and Schur controls::original-link incidence recovers the quotient metric and retains the discrete IMS defect] PASSED [ 58%]
tests/test_invariants.py::test_invariant[continuum scale comparison: boundary, history and Schur controls::retained interface squares give exact finite fast floors and a literal face-source factor] PASSED [ 58%]
tests/test_invariants.py::test_invariant[continuum scale comparison: boundary, history and Schur controls::noncommuting Gaussian blocks retain exact memory and replay rational spectral enclosures] PASSED [ 58%]
tests/test_invariants.py::test_invariant[continuum scale comparison: boundary, history and Schur controls::sampled Gaussian histories see frequencies that one equal-time coordinate omits] PASSED [ 58%]
tests/test_invariants.py::test_invariant[continuum scale comparison: boundary, history and Schur controls::quadratic singlet reconstruction does not erase an unobserved physical chirality] PASSED [ 58%]
tests/test_invariants.py::test_invariant[continuum scale comparison: boundary, history and Schur controls::closed-form Schur controls retain the graph norm, vacuum and entire low-window frame] PASSED [ 58%]
tests/test_invariants.py::test_invariant[continuum scale comparison: boundary, history and Schur controls::periodic three-dimensional links retain Hodge, interface and harmonic-mode constraints] PASSED [ 58%]
tests/test_invariants.py::test_invariant[nonlinear Wilson block: global barriers and ground geometry::noncommuting positive trace comparison retains its required positivity hypotheses] PASSED [ 58%]
tests/test_invariants.py::test_invariant[nonlinear Wilson block: global barriers and ground geometry::actual SU2 fiber metrics expose the central conditional-gap obstruction] PASSED [ 59%]
tests/test_invariants.py::test_invariant[nonlinear Wilson block: global barriers and ground geometry::symbolic fiber budgets preserve spectral caps and the joint Wilson potential] PASSED [ 59%]
tests/test_invariants.py::test_invariant[nonlinear Wilson block: global barriers and ground geometry::ground-bundle lift geometry retains the anisotropic Casimir graph estimate] PASSED [ 59%]
tests/test_invariants.py::test_invariant[nonlinear Wilson block: global barriers and ground geometry::complete low-space leakage preserves vacuum-subtracted compression and the mixed singlet] PASSED [ 59%]
tests/test_invariants.py::test_invariant[literal coarse sources: vacuum, Gauss, score and quantum complement::true weighted vacuum sources preserve the exact coarse form and vacuum subtraction] PASSED [ 59%]
tests/test_invariants.py::test_invariant[literal coarse sources: vacuum, Gauss, score and quantum complement::vacuum-exact copies preserve compressed and full inverse-energy floors] PASSED [ 59%]
tests/test_invariants.py::test_invariant[literal coarse sources: vacuum, Gauss, score and quantum complement::common Gauss pair singlets retain orthogonal leakage and exclude the higher chirality shell] PASSED [ 59%]
tests/test_invariants.py::test_invariant[literal coarse sources: vacuum, Gauss, score and quantum complement::intrinsic conditional score retains connection terms and the sharp full-gap factor] PASSED [ 59%]
tests/test_invariants.py::test_invariant[literal coarse sources: vacuum, Gauss, score and quantum complement::inverse-frequency source geometry controls all particles in the checked tensor sectors] PASSED [ 59%]
tests/test_invariants.py::test_invariant[literal coarse sources: vacuum, Gauss, score and quantum complement::complete Gaussian low windows distinguish physical wrong-source weights and retained zero modes] PASSED [ 59%]
tests/test_invariants.py::test_invariant[literal coarse sources: vacuum, Gauss, score and quantum complement::central true-ground score retains Haar drift and the actual horizontal metric] PASSED [ 59%]
tests/test_invariants.py::test_invariant[literal endpoint spectra and localized true-ground sources::complete finite endpoint cluster retains the vacuum and all high source directions] PASSED [ 59%]
tests/test_invariants.py::test_invariant[literal endpoint spectra and localized true-ground sources::two exact time lags and a complete discarded cap determine strict spectral counts] PASSED [ 59%]
tests/test_invariants.py::test_invariant[literal endpoint spectra and localized true-ground sources::genuine compressed Markov paths and marginal energy cutoffs expose distinct failures] PASSED [ 59%]
tests/test_invariants.py::test_invariant[literal endpoint spectra and localized true-ground sources::the conditional physical-clock loss obeys its rational summable majorant] PASSED [ 59%]
tests/test_invariants.py::test_invariant[literal endpoint spectra and localized true-ground sources::actual leading SU2 metric and invariant vacuum forcing retain the connection coefficient] PASSED [ 59%]
tests/test_invariants.py::test_invariant[literal endpoint spectra and localized true-ground sources::localized score contractions distinguish class cancellation from common Gauss pairs] PASSED [ 59%]
tests/test_invariants.py::test_invariant[literal endpoint spectra and localized true-ground sources::complete centered radial and pair profiles retain the local bad-gradient bound] PASSED [ 59%]
tests/test_invariants.py::test_invariant[literal endpoint spectra and localized true-ground sources::an any-bad event fails while componentwise centered score variances add] PASSED [ 59%]
tests/test_invariants.py::test_invariant[literal endpoint spectra and localized true-ground sources::actual averaged path sources obey gauge covariance cochain restriction and transverse rank] PASSED [ 59%]
tests/test_invariants.py::test_invariant[literal endpoint spectra and localized true-ground sources::all finite complex Fourier blocks satisfy the full physical source floor] PASSED [ 60%]
tests/test_invariants.py::test_invariant[the Feshbach channel of the plaquette Hodge algebra::for q > 0, Q projects onto ker L_up; the cleared Hodge identities hold everywhere] PASSED [ 60%]
tests/test_invariants.py::test_invariant[the Feshbach channel of the plaquette Hodge algebra::neither Hodge generator leaves the carrier: Q L_down psi = Q L_up psi = 0] PASSED [ 60%]
tests/test_invariants.py::test_invariant[the Feshbach channel of the plaquette Hodge algebra::the R-excitation is up-harmonic: L_up (Q R psi) = 0 exactly] PASSED [ 60%]
tests/test_invariants.py::test_invariant[the Feshbach channel of the plaquette Hodge algebra::the Feshbach defect of a word vanishes unless two R's meet unseparated by U] PASSED [ 60%]
tests/test_invariants.py::test_invariant[the Feshbach channel of the plaquette Hodge algebra::words of length at most three with at most one R obey the exact carrier formula] PASSED [ 60%]
tests/test_invariants.py::test_invariant[the Feshbach channel of the plaquette Hodge algebra::FINDING: one R does not exclude B; sigma(UR) = sigma(RU) = -2 q e_2] PASSED [ 60%]
tests/test_invariants.py::test_invariant[the Feshbach channel of the plaquette Hodge algebra::two R insertions unlock the L^-4 tier locked at B : D = 1 : 3] PASSED [ 60%]
tests/test_invariants.py::test_invariant[the Feshbach channel of the plaquette Hodge algebra::FINDING: the algebra contains a shape monomial the four-shape ansatz cannot hold] PASSED [ 60%]
tests/test_invariants.py::test_invariant[the Feshbach channel of the plaquette Hodge algebra::the actual fourth-order support I, U, S, S^2, R forces B = D = 0] PASSED [ 60%]
tests/test_invariants.py::test_invariant[the Feshbach channel of the plaquette Hodge algebra::the Hodge-word statement needs only L_down psi = 0 and L_up psi = lambda psi, and both hold in three geometries] PASSED [ 60%]
tests/test_invariants.py::test_invariant[the Feshbach resolvent comparison::the interacting inverse image cancels: (A_g - A_0)[R_0 w, R_g w] = <(R_0 - R_g)w, w>] PASSED [ 60%]
tests/test_invariants.py::test_invariant[the Feshbach resolvent comparison::the variational sandwich puts the free optimizer on one side] PASSED [ 60%]
tests/test_invariants.py::test_invariant[the Feshbach resolvent comparison::a relative form bound gives the explicit constant C = kappa/(1-|g|kappa)^2 <R_0 w,w>] PASSED [ 60%]
tests/test_invariants.py::test_invariant[the Feshbach resolvent comparison::FINDING: the reduction buys a relative form bound, not the estimate -- void at |g| kappa >= 1] PASSED [ 60%]
tests/test_invariants.py::test_invariant[the Feshbach resolvent comparison::the relative bound is volume-stable where the Neumann quantity is not] PASSED [ 60%]
tests/test_invariants.py::test_invariant[Yang-Mills source extraction: reconstruction and localization::two-atom reflection kernel is an exact Gram matrix with determinant w1*w2*(r1-r2)^2] PASSED [ 60%]
tests/test_invariants.py::test_invariant[Yang-Mills source extraction: reconstruction and localization::a complete observable frame detects both excited sectors with exact lower frame bound 2] PASSED [ 60%]
tests/test_invariants.py::test_invariant[Yang-Mills source extraction: reconstruction and localization::a positive three-state transfer matrix realizes a hidden slow mode under an arbitrarily small plateau] PASSED [ 60%]
tests/test_invariants.py::test_invariant[Yang-Mills source extraction: reconstruction and localization::spectral leakage optimization has stationary x=A*(1-theta)/(epsilon*theta) with a positive derivative slope] PASSED [ 61%]
tests/test_invariants.py::test_invariant[Yang-Mills source extraction: reconstruction and localization::adaptive localization balances both exponents at delta=eta*beta/(alpha+beta)] PASSED [ 61%]
tests/test_invariants.py::test_invariant[Moving-time spectral gap: exact budgets and falsifiers::moving-time power exponents balance with the source amplitude squared] PASSED [ 61%]
tests/test_invariants.py::test_invariant[Moving-time spectral gap: exact budgets and falsifiers::moving-time sharpness reconstructs the one-atom weighted geometric mean] PASSED [ 61%]
tests/test_invariants.py::test_invariant[Moving-time spectral gap: exact budgets and falsifiers::moving-time finite positive transfer controls tolerate approximate probes] PASSED [ 61%]
tests/test_invariants.py::test_invariant[Moving-time spectral gap: exact budgets and falsifiers::moving-time amplitude plateau clock and dark-sector falsifiers remain exact] PASSED [ 61%]
tests/test_invariants.py::test_invariant[Yang-Mills flat directions: exact finite-dimensional algebra::YM flat directions: oscillator square completion fixes the zero-point constant] PASSED [ 61%]
tests/test_invariants.py::test_invariant[Yang-Mills flat directions: exact finite-dimensional algebra::YM flat directions: Simon's scalar split retains half the Laplacian] PASSED [ 61%]
tests/test_invariants.py::test_invariant[Yang-Mills flat directions: exact finite-dimensional algebra::YM flat directions: SU(2) slice has two transverse modes] PASSED [ 61%]
tests/test_invariants.py::test_invariant[Yang-Mills flat directions: exact finite-dimensional algebra::YM flat directions: commutator Jacobian is coercive while the force vanishes] PASSED [ 61%]
tests/test_invariants.py::test_invariant[Yang-Mills flat directions: exact finite-dimensional algebra::YM flat directions: commuting-valley Hessian is a Gram projector] PASSED [ 61%]
tests/test_invariants.py::test_invariant[Yang-Mills flat directions: exact finite-dimensional algebra::YM flat directions: balanced slice aggregation retains half the kinetic energy] PASSED [ 61%]
tests/test_invariants.py::test_invariant[Yang-Mills flat directions: exact finite-dimensional algebra::YM flat directions: three-dimensional Hardy completion has coefficient 1/4] PASSED [ 61%]
tests/test_invariants.py::test_invariant[Yang-Mills flat directions: exact finite-dimensional algebra::YM flat directions: radial lower-bound minimum has cube 27/32] PASSED [ 61%]
tests/test_invariants.py::test_invariant[Yang-Mills flat directions: exact finite-dimensional algebra::YM flat directions: quartic coupling dilation scales energies as g^(2/3)] PASSED [ 61%]
tests/test_invariants.py::test_invariant[Yang-Mills ground-state transform and residual certificates (G20, G23)::ground-state trial residual gives exact conjugation in two flat dimensions] PASSED [ 61%]
tests/test_invariants.py::test_invariant[Yang-Mills ground-state transform and residual certificates (G20, G23)::weighted Dirichlet identity retains the trial residual] PASSED [ 61%]
tests/test_invariants.py::test_invariant[Yang-Mills ground-state transform and residual certificates (G20, G23)::flat weighted Bochner identity has Hessian coefficient 2/hbar] PASSED [ 61%]
tests/test_invariants.py::test_invariant[Yang-Mills ground-state transform and residual certificates (G20, G23)::finite symmetric matrix ground-state residual identity] PASSED [ 61%]
tests/test_invariants.py::test_invariant[Yang-Mills ground-state transform and residual certificates (G20, G23)::anisotropic oscillator calibrates curvature gap to hbar omega_min] PASSED [ 61%]
tests/test_invariants.py::test_invariant[Yang-Mills ground-state transform and residual certificates (G20, G23)::trial residual gap budget uses its mean above its floor] PASSED [ 62%]
tests/test_invariants.py::test_invariant[Yang-Mills ground-state transform and residual certificates (G20, G23)::pure quartic oscillator Gaussian residual certificate] PASSED [ 62%]
tests/test_invariants.py::test_invariant[Yang-Mills ground-state transform and residual certificates (G20, G23)::quartic Gaussian certificate is optimized at frequency cubed 6 lambda hbar over mass squared] PASSED [ 62%]
tests/test_invariants.py::test_invariant[Yang-Mills ground-state transform and residual certificates (G20, G23)::FINDING: omitting a nonconstant ground-state residual overstates a finite gap] PASSED [ 62%]
tests/test_invariants.py::test_invariant[Yang-Mills ground-state transform and residual certificates (G20, G23)::FINDING: quartic logarithmic trial state has an unbounded negative residual for a quartic potential] PASSED [ 62%]
tests/test_invariants.py::test_invariant[Yang-Mills ground-state transform and residual certificates (G20, G23)::FINDING: global residual budget loses the tensor product gap at four quartic copies] PASSED [ 62%]
tests/test_invariants.py::test_invariant[Wilson marked expansion: exact blocks and uniform bound algebra::Wilson block expansion retains the symmetric endpoint factors at every tested order] PASSED [ 62%]
tests/test_invariants.py::test_invariant[Wilson marked expansion: exact blocks and uniform bound algebra::Wilson activation selects exactly the words that contain every active plaquette] PASSED [ 62%]
tests/test_invariants.py::test_invariant[Wilson marked expansion: exact blocks and uniform bound algebra::Wilson activated-block majorant coefficients are onto-label counts divided by factorial] PASSED [ 62%]
tests/test_invariants.py::test_invariant[Wilson marked expansion: exact blocks and uniform bound algebra::Wilson normalized marked expectation cancels an independent vacuum factor exactly] PASSED [ 62%]
tests/test_invariants.py::test_invariant[Wilson marked expansion: exact blocks and uniform bound algebra::Wilson disconnected components separated in time also factor after a vacuum reset] PASSED [ 62%]
tests/test_invariants.py::test_invariant[Wilson marked expansion: exact blocks and uniform bound algebra::Wilson complete finite configuration sum equals the transfer power and factorizes by polymers] PASSED [ 62%]
tests/test_invariants.py::test_invariant[Wilson marked expansion: exact blocks and uniform bound algebra::cubic link-time polymer graph has degree at most 38 and at most ten labels per vertex] PASSED [ 62%]
tests/test_invariants.py::test_invariant[Wilson marked expansion: exact blocks and uniform bound algebra::Wilson polymer counting satisfies the Kotecky-Preiss budget when its ratio is at most one half] PASSED [ 62%]
tests/test_invariants.py::test_invariant[Wilson marked expansion: exact blocks and uniform bound algebra::Wilson complex resolvent denominator has an exact radial and angular square decomposition] PASSED [ 62%]
tests/test_invariants.py::test_invariant[Wilson marked expansion: exact blocks and uniform bound algebra::Wilson damped denominators have a finite physical-time limit while a raw transfer resolvent diverges] PASSED [ 62%]
tests/test_invariants.py::test_invariant[Wilson marked expansion: exact blocks and uniform bound algebra::Wilson carrier transport error budgets preserve a relative gap and a positive source amplitude conditionally] PASSED [ 62%]
tests/test_invariants.py::test_invariant[Wilson marked expansion: exact blocks and uniform bound algebra::FINDING: a uniform vacuum gap does not determine the multiplicity or source totality of an excited shell] PASSED [ 62%]
tests/test_invariants.py::test_invariant[Wilson complete shell: complex anchoring and weighted matching interfaces::Wilson nonnormal anchored activities satisfy an exact full-tensor bilinear certificate] PASSED [ 62%]
tests/test_invariants.py::test_invariant[Wilson complete shell: complex anchoring and weighted matching interfaces::FINDING: right vacuum annihilation alone does not give the anchored bilinear bound] PASSED [ 63%]
tests/test_invariants.py::test_invariant[Wilson complete shell: complex anchoring and weighted matching interfaces::Wilson complete-shell complex contour and Gram budgets are strict exact inequalities] PASSED [ 63%]
tests/test_invariants.py::test_invariant[Wilson complete shell: complex anchoring and weighted matching interfaces::Wilson disconnected-shell source matrix element excludes an independently rotated spectator] PASSED [ 63%]
tests/test_invariants.py::test_invariant[Wilson complete shell: complex anchoring and weighted matching interfaces::Wilson Taylor range counting has a certified exponential envelope at every order] PASSED [ 63%]
tests/test_invariants.py::test_invariant[Wilson complete shell: complex anchoring and weighted matching interfaces::Wilson holomorphic source Gram uses adjoint reflection rather than conjugating the variable] PASSED [ 63%]
tests/test_invariants.py::test_invariant[Wilson complete shell: complex anchoring and weighted matching interfaces::Wilson matching after removal of its equal constant and linear terms has an exact shifted tail] PASSED [ 63%]
tests/test_invariants.py::test_invariant[Wilson spatial passage: complete Schur excess and scale budgets::Spatial Schur excess is exact with noncommuting fast blocks] PASSED [ 63%]
tests/test_invariants.py::test_invariant[Wilson spatial passage: complete Schur excess and scale budgets::Spatial second jet includes every baseline and fast-variation cross term] PASSED [ 63%]
tests/test_invariants.py::test_invariant[Wilson spatial passage: complete Schur excess and scale budgets::Spatial energy derivative retains the full induced graph metric] PASSED [ 63%]
tests/test_invariants.py::test_invariant[Wilson spatial passage: complete Schur excess and scale budgets::Spatial source straightening has both commutators and the nested term] PASSED [ 63%]
tests/test_invariants.py::test_invariant[Wilson spatial passage: complete Schur excess and scale budgets::Actual SU2 harmonic commutator has nonzero quartic Wilson energy] PASSED [ 63%]
tests/test_invariants.py::test_invariant[Wilson spatial passage: complete Schur excess and scale budgets::Actual nonzero-curl Wilson quartic retains all three logarithmic terms] PASSED [ 63%]
tests/test_invariants.py::test_invariant[Wilson spatial passage: complete Schur excess and scale budgets::Actual SU2 radial Haar flattening retains its electric second-order scalar] PASSED [ 63%]
tests/test_invariants.py::test_invariant[Wilson spatial passage: complete Schur excess and scale budgets::Actual averaged-path polar source has the complete second correction] PASSED [ 63%]
tests/test_invariants.py::test_invariant[Wilson spatial passage: complete Schur excess and scale budgets::Spatial normalized moving-source density has the complete second jet] PASSED [ 63%]
tests/test_invariants.py::test_invariant[Wilson spatial passage: complete Schur excess and scale budgets::Spatial third-order remainder constant bounds a nonzero exact defect] PASSED [ 63%]
tests/test_invariants.py::test_invariant[Wilson spatial passage: complete Schur excess and scale budgets::Spatial gap iteration carries every accumulated comparison loss] PASSED [ 63%]
tests/test_invariants.py::test_invariant[Wilson spatial passage: complete Schur excess and scale budgets::Spatial onto frames alone cannot preserve a specified observable] PASSED [ 63%]
tests/test_invariants.py::test_invariant[Wilson spatial inverse: compact spectral obstruction and selected repair::SU2 character kinetic normalization uses all four plaquette links] PASSED [ 63%]
tests/test_invariants.py::test_invariant[Wilson spatial inverse: compact spectral obstruction and selected repair::FINDING: compact Wilson spectral growth defeats a full Gaussian upper form bound] PASSED [ 63%]
tests/test_invariants.py::test_invariant[Wilson spatial inverse: compact spectral obstruction and selected repair::Selected inverse variation can be bounded with unbounded relative perturbation] PASSED [ 64%]
tests/test_invariants.py::test_invariant[Wilson spatial inverse: compact spectral obstruction and selected repair::FINDING: true vacuum subtraction reverses the bare positive-perturbation inverse order] PASSED [ 64%]
tests/test_invariants.py::test_invariant[Wilson spatial inverse: compact spectral obstruction and selected repair::FINDING: spectator reference moments grow despite an exact unit excitation gap] PASSED [ 64%]
tests/test_invariants.py::test_invariant[Wilson PBH proposal: exact orbit curvature and flow tests::FINDING: the actual Wilson orbit curvature is negative at a regular plaquette orbit] PASSED [ 64%]
tests/test_invariants.py::test_invariant[Wilson PBH proposal: exact orbit curvature and flow tests::Weighted Gamma2 retains both the kinetic prefactor and signed Hessian] PASSED [ 64%]
tests/test_invariants.py::test_invariant[Wilson PBH proposal: exact orbit curvature and flow tests::FINDING: the classical Wilson density is not the exact physical ground-state weight] PASSED [ 64%]
tests/test_invariants.py::test_invariant[Wilson PBH proposal: exact orbit curvature and flow tests::FINDING: Wilson gradient flow expands a regular orbit distance by 8/7] PASSED [ 64%]
tests/test_invariants.py::test_invariant[Wilson PBH proposal: exact orbit curvature and flow tests::FINDING: center-valued Wilson configurations remain rough at positive flow time] PASSED [ 64%]
tests/test_invariants.py::test_invariant[Wilson positive repair: weighted gradient, full rotor and shared-link residual::Wilson negative curvature cancels in a positive derivative supersolution] PASSED [ 64%]
tests/test_invariants.py::test_invariant[Wilson positive repair: weighted gradient, full rotor and shared-link residual::Weighted derivative energy differs from its positive form by an exact divergence] PASSED [ 64%]
tests/test_invariants.py::test_invariant[Wilson positive repair: weighted gradient, full rotor and shared-link residual::The smooth sinh Wilson trial has the exact nonnegative physical residual] PASSED [ 64%]
tests/test_invariants.py::test_invariant[Wilson positive repair: weighted gradient, full rotor and shared-link residual::The complete SU2 rotor separates into the Dirichlet radial and angular operators] PASSED [ 64%]
tests/test_invariants.py::test_invariant[Wilson positive repair: weighted gradient, full rotor and shared-link residual::Exact scalar budgets certify the conservative complete-rotor gap constants] PASSED [ 64%]
tests/test_invariants.py::test_invariant[Wilson positive repair: weighted gradient, full rotor and shared-link residual::The rotor gap scale restores the stated four-link Wilson kinetic normalization] PASSED [ 64%]
tests/test_invariants.py::test_invariant[Wilson positive repair: weighted gradient, full rotor and shared-link residual::Shared-link incidence loss is an exact sum of nonnegative pair differences] PASSED [ 64%]
tests/test_invariants.py::test_invariant[Wilson positive repair: weighted gradient, full rotor and shared-link residual::Damping the compact trial absorbs the complete shared-link residual algebra] PASSED [ 64%]
tests/test_invariants.py::test_invariant[Wilson positive repair: weighted gradient, full rotor and shared-link residual::A complete boundary link carries the exact Haar Casimir and growing rank budget] PASSED [ 64%]
tests/test_invariants.py::test_invariant[Wilson vacuum assembly: connected-volume falsifier and true-conditional repair::Exact SU2 heat-kernel tail constants yield the volume-independent local ratio] PASSED [ 64%]
tests/test_invariants.py::test_invariant[Wilson vacuum assembly: connected-volume falsifier and true-conditional repair::Cubic staple controls use four distinct opposite links and at most sixteen plaquettes] PASSED [ 64%]
tests/test_invariants.py::test_invariant[Wilson vacuum assembly: connected-volume falsifier and true-conditional repair::The cancelled-staple region leaves fifteen local gap units in the discarded remainder] PASSED [ 64%]
tests/test_invariants.py::test_invariant[Wilson vacuum assembly: connected-volume falsifier and true-conditional repair::A conditional one-coordinate projection commutes with every outside phase multiplier] PASSED [ 65%]
tests/test_invariants.py::test_invariant[Wilson vacuum assembly: connected-volume falsifier and true-conditional repair::True conditional projections share the correlated vacuum and are orthogonal in its measure] PASSED [ 65%]
tests/test_invariants.py::test_invariant[Wilson vacuum assembly: connected-volume falsifier and true-conditional repair::The true-ground graph form cancels the complete vacuum before any local bound] PASSED [ 65%]
tests/test_invariants.py::test_invariant[Wilson vacuum assembly: connected-volume falsifier and true-conditional repair::The true-conditional Poincare coefficient and pair budget retain their coupling dependence] PASSED [ 65%]
tests/test_invariants.py::test_invariant[Wilson vacuum assembly: connected-volume falsifier and true-conditional repair::Two-projection angle algebra gives the exact sufficient assembly budget] PASSED [ 65%]
tests/test_invariants.py::test_invariant[Wilson vacuum assembly: connected-volume falsifier and true-conditional repair::Optimizing the actual block heat comparison yields a square-root coupling loss] PASSED [ 65%]
tests/test_invariants.py::test_invariant[Wilson vacuum assembly: connected-volume falsifier and true-conditional repair::Tail-assigned cubic blocks partition links and have the stated plaquette boundary] PASSED [ 65%]
tests/test_invariants.py::test_invariant[Wilson vacuum assembly: connected-volume falsifier and true-conditional repair::The mixed density ratio averages to the joint-to-product marginal ratio] PASSED [ 65%]
tests/test_invariants.py::test_invariant[Wilson vacuum assembly: connected-volume falsifier and true-conditional repair::A correlated conditional pair has the predicted exact projection angle] PASSED [ 65%]
tests/test_invariants.py::test_invariant[Wilson vacuum assembly: connected-volume falsifier and true-conditional repair::Conditional pressure can change a frozen finite-block gap] PASSED [ 65%]
tests/test_invariants.py::test_invariant[Wilson vacuum assembly: connected-volume falsifier and true-conditional repair::Differentiating a normalized tilted expectation gives the signed connected force identity] PASSED [ 65%]
tests/test_invariants.py::test_invariant[Wilson vacuum assembly: connected-volume falsifier and true-conditional repair::Exact Brownian slab factor incidence obeys the bounded-degree polymer geometry] PASSED [ 65%]
tests/test_invariants.py::test_invariant[Wilson vacuum assembly: connected-volume falsifier and true-conditional repair::The constructed slab activities meet a strict uniform physical angle budget] PASSED [ 65%]
tests/test_invariants.py::test_invariant[Wilson background continuation: magnetic comparison and charged covariance::Adjoint Casimir and gauge-star residual have exact positive constants] PASSED [ 65%]
tests/test_invariants.py::test_invariant[Wilson background continuation: magnetic comparison and charged covariance::SU2 parabolic derivative identities retain the signed product cancellation] PASSED [ 65%]
tests/test_invariants.py::test_invariant[Wilson background continuation: magnetic comparison and charged covariance::Cubic incidence gives the uniform magnetic Hessian constant 64] PASSED [ 65%]
tests/test_invariants.py::test_invariant[Wilson background continuation: magnetic comparison and charged covariance::Signed fast resolvent pairing obeys its relative-form bound] PASSED [ 65%]
tests/test_invariants.py::test_invariant[Wilson background continuation: magnetic comparison and charged covariance::A fixed fast inverse does not prevent a vanishing retained Schur energy] PASSED [ 65%]
tests/test_invariants.py::test_invariant[Wilson background continuation: magnetic comparison and charged covariance::All-coupling charged covariance constants preserve both cancellation terms] PASSED [ 65%]
tests/test_invariants.py::test_invariant[Wilson background continuation: magnetic comparison and charged covariance::Barycenter connection averaging fails its claimed gauge equivariance] PASSED [ 66%]
tests/test_invariants.py::test_invariant[Wilson SC17: endpoint reanchoring and connected spatial decay::A plaquette mixed Hessian has unit matrix operator norm] PASSED [ 66%]
tests/test_invariants.py::test_invariant[Wilson SC17: endpoint reanchoring and connected spatial decay::Opposite endpoint derivatives rotate the entire raw diagonal Hessian] PASSED [ 66%]
tests/test_invariants.py::test_invariant[Wilson SC17: endpoint reanchoring and connected spatial decay::Each Wilson link has twelve signed mixed-potential neighbors] PASSED [ 66%]
tests/test_invariants.py::test_invariant[Wilson SC17: endpoint reanchoring and connected spatial decay::The SC17 weighted row has a strict rational invariant barrier] PASSED [ 66%]
tests/test_invariants.py::test_invariant[Wilson SC17: endpoint reanchoring and connected spatial decay::True curvature and conditional scores give the sharpened SC17 gap budget] PASSED [ 66%]
tests/test_invariants.py::test_invariant[Wilson SC17: endpoint reanchoring and connected spatial decay::The bare SC17 norm bootstrap has an exact large-coupling obstruction] PASSED [ 66%]
tests/test_invariants.py::test_invariant[Wilson SC17: endpoint reanchoring and connected spatial decay::The actual two-alias fast conditional precision retains its cubic cusp] PASSED [ 66%]
tests/test_invariants.py::test_invariant[Wilson SC17: endpoint reanchoring and connected spatial decay::A scalar Gaussian square-root precision has the exact critical angle row] PASSED [ 66%]
tests/test_invariants.py::test_invariant[Wilson SC17: endpoint reanchoring and connected spatial decay::The massless square-root reference has angle row exactly one in the limit] PASSED [ 66%]
tests/test_invariants.py::test_invariant[Yang-Mills GPU archive: exact operator identification audit::Scalar fast model has an exact all-source bound distinct from its delta-source sample] PASSED [ 66%]
tests/test_invariants.py::test_invariant[Yang-Mills GPU archive: exact operator identification audit::Archived domino builder equals two independent rotors with increased kinetic coefficient] PASSED [ 66%]
tests/test_invariants.py::test_invariant[Yang-Mills GPU archive: exact operator identification audit::Shared SU2 derivative produces a nonzero physical channel outside product characters] PASSED [ 66%]
tests/test_invariants.py::test_invariant[Yang-Mills GPU archive: exact operator identification audit::Archived 2x2 shared kinetic expression is exactly a sum of separate Casimirs] PASSED [ 66%]
tests/test_invariants.py::test_invariant[Yang-Mills GPU archive: exact operator identification audit::Scalar telescope recurrence is valid but a squared-time clock is not additive] PASSED [ 66%]
tests/test_invariants.py::test_invariant[Yang-Mills GPU archive: exact operator identification audit::Admissible cube basis has magnetic weights missing the shared-edge recoupling ratio] PASSED [ 66%]
tests/test_invariants.py::test_invariant[Balaban submission: the two proposed repairs and what they expose::Scalar interpolation of adjoint values in different fibers is not equivariant] PASSED [ 66%]
tests/test_invariants.py::test_invariant[Balaban submission: the two proposed repairs and what they expose::The small-field curvature threshold sign flip preserves the suppression exponent] PASSED [ 66%]
tests/test_invariants.py::test_invariant[Balaban submission: the two proposed repairs and what they expose::Restoring the action prefactor makes the coarse subtraction a constant competition] PASSED [ 66%]
tests/test_invariants.py::test_invariant[anisotropy variance: full-kernel mixing and induced sixth order::anisotropy variance is exactly the simplex pair sum and cubic shape invariant] PASSED [ 66%]
tests/test_invariants.py::test_invariant[anisotropy variance: full-kernel mixing and induced sixth order::anisotropy mixing residual matches the full assembled Laurent kernel] PASSED [ 67%]
tests/test_invariants.py::test_invariant[anisotropy variance: full-kernel mixing and induced sixth order::anisotropy induced sixth-order coefficient is minus four C squared over t3] PASSED [ 67%]
tests/test_invariants.py::test_invariant[anisotropy variance: full-kernel mixing and induced sixth order::anisotropy finite-order overlap and energy bounds hold in scaled spectral probes] PASSED [ 67%]
tests/test_invariants.py::test_invariant[reviewed theory current and geometry bridges::three-coordinate sharp anisotropy stationary and boundary algebra] PASSED [ 67%]
tests/test_invariants.py::test_invariant[reviewed theory current and geometry bridges::Hodge secular cubic and induced eighth-order moment identities] PASSED [ 67%]
tests/test_invariants.py::test_invariant[reviewed theory current and geometry bridges::full Schur source congruence and retained metric algebra] PASSED [ 67%]
tests/test_invariants.py::test_invariant[reviewed theory current and geometry bridges::scalar-source Schur parity and mixed-parity negative control] PASSED [ 67%]
tests/test_invariants.py::test_invariant[reviewed theory current and geometry bridges::abstract Riccati default contraction and residual amplification constants] PASSED [ 67%]
tests/test_invariants.py::test_invariant[reviewed theory current and geometry bridges::complete square first cometric and differential operator identity] PASSED [ 67%]
tests/test_invariants.py::test_invariant[reviewed theory current and geometry bridges::complete square first residual current exact Gaussian moments] PASSED [ 67%]
tests/test_invariants.py::test_invariant[reviewed theory current and geometry bridges::complete square first current joint radial bound below one over 840] PASSED [ 67%]
tests/test_invariants.py::test_invariant[reviewed theory current and geometry bridges::degenerate energy square completion and kernel example] PASSED [ 67%]
tests/test_invariants.py::test_invariant[reviewed theory current and geometry bridges::selected inverse testing and moving source centering algebra] PASSED [ 67%]
tests/test_invariants.py::test_invariant[reviewed theory current and geometry bridges::tiny exponential tangent and incomplete source dark-state counterexample] PASSED [ 67%]
tests/test_invariants.py::test_invariant[reviewed theory current and geometry bridges::normalized exponential variance and cumulant double-integral polynomial identity] PASSED [ 67%]
tests/test_invariants.py::test_invariant[W6 antipodal conditional magnetic geometry::W6 antipodal: exact noncommuting fixed-Q chart] PASSED [ 67%]
tests/test_invariants.py::test_invariant[W6 antipodal conditional magnetic geometry::W6 antipodal: original four-face quadratic expansion] PASSED [ 67%]
tests/test_invariants.py::test_invariant[W6 antipodal conditional magnetic geometry::W6 antipodal: complete nine-dimensional Hessian spectrum] PASSED [ 67%]
tests/test_invariants.py::test_invariant[W6 antipodal conditional magnetic geometry::W6 antipodal: seven uniform normal eigenvalues and soft scaling] PASSED [ 67%]
tests/test_invariants.py::test_invariant[W6 antipodal conditional magnetic geometry::W6 antipodal: gauge tangent equals the two-dimensional kernel] PASSED [ 68%]
tests/test_invariants.py::test_invariant[W6 antipodal conditional magnetic geometry::W6 antipodal: original-edge metric comparison constants] PASSED [ 68%]
tests/test_invariants.py::test_invariant[W6 antipodal conditional magnetic geometry::W6 antipodal: exact displaced-orbit angular potential] PASSED [ 68%]
tests/test_invariants.py::test_invariant[dimension counts and geometric scaling controls (G19)::dimension-five monomial partitions have odd index and derivative counts] PASSED [ 68%]
tests/test_invariants.py::test_invariant[dimension counts and geometric scaling controls (G19)::parity-even monomial partitions omit dimension five and allow dimension six] PASSED [ 68%]
tests/test_invariants.py::test_invariant[dimension counts and geometric scaling controls (G19)::canonical dimension-six scaling at L=3 equals 1/9 and is below 1/2] PASSED [ 68%]
tests/test_invariants.py::test_invariant[dimension counts and geometric scaling controls (G19)::the geometric ratio 1/9 has exact sum 9/8 and the stated finite tail] PASSED [ 68%]
tests/test_invariants.py::test_invariant[dimension counts and geometric scaling controls (G19)::the prescribed geometric sequence (1/9)^k tends to zero] PASSED [ 68%]
tests/test_invariants.py::test_invariant[G9 sixth-order folds and combined carrier shapes::G9 generates all 18 Hermitian sixth-order folded words] PASSED [ 68%]
tests/test_invariants.py::test_invariant[G9 sixth-order folds and combined carrier shapes::G9 folded series satisfies exact invariant-subspace and metric equations] PASSED [ 68%]
tests/test_invariants.py::test_invariant[G9 sixth-order folds and combined carrier shapes::G9 Hodge word reduction agrees with spatial Laurent operators] PASSED [ 68%]
tests/test_invariants.py::test_invariant[G9 sixth-order folds and combined carrier shapes::G9 all 25 H4 mixing pairs reduce to RR minus projected RUR] PASSED [ 68%]
tests/test_invariants.py::test_invariant[G9 sixth-order folds and combined carrier shapes::G9 local direct H6 cannot cancel the induced cubic-denominator shape] PASSED [ 68%]
tests/test_invariants.py::test_invariant[G9 sixth-order folds and combined carrier shapes::G9 one-face SU3 sixth-order rooted coefficient from exact character dynamics] PASSED [ 68%]
tests/test_invariants.py::test_invariant[universal cellular Hodge and tetrahedral algebra::universal cellular Hodge spectrum: lambda = |F| and excursions are up-harmonic] PASSED [ 68%]
tests/test_invariants.py::test_invariant[universal cellular Hodge and tetrahedral algebra::total Laplacian diagonal equals face perimeter plus one] PASSED [ 68%]
tests/test_invariants.py::test_invariant[universal cellular Hodge and tetrahedral algebra::tetrahedral Hodge duality and S_4 commutant theorem] PASSED [ 68%]
tests/test_invariants.py::test_invariant[universal cellular Hodge and tetrahedral algebra::FINDING: tetrahedral flux return counts do not identify the carrier projector] PASSED [ 68%]
tests/test_invariants.py::test_invariant[universal cellular Hodge and tetrahedral algebra::R S^m R Carrier Symbol Master Theorem: exact closed polynomial for m=0..4] PASSED [ 68%]
tests/test_invariants.py::test_every_suite_has_checks PASSED             [ 68%]
tests/test_invariants.py::test_every_check_declares_a_tier_it_can_support PASSED [ 69%]
tests/test_invariants.py::test_every_suite_module_is_registered PASSED   [ 69%]
tests/test_invariants.py::test_every_check_reports_a_source_that_exists PASSED [ 69%]
tests/test_invariants.py::test_suite_run_reports_source_metadata PASSED  [ 69%]
tests/test_kernel_orbits.py::test_cubic_group_is_the_48_signed_permutations PASSED [ 69%]
tests/test_kernel_orbits.py::test_the_orientation_character_at_the_identity_is_psi_sign PASSED [ 69%]
tests/test_kernel_orbits.py::test_transform_record_is_a_bijection_on_the_kernel PASSED [ 69%]
tests/test_kernel_orbits.py::test_regauging_fixes_same_plane_records_and_signs_cross_plane_ones PASSED [ 69%]
tests/test_kernel_orbits.py::test_the_two_hodge_laplacians_annihilate_each_other_and_sum_to_the_scalar_laplacian PASSED [ 69%]
tests/test_kernel_orbits.py::test_s_square_is_the_shared_link_adjacency_and_kills_the_carrier PASSED [ 69%]
tests/test_kernel_orbits.py::test_hodge_form_round_trips_the_historical_kernel PASSED [ 69%]
tests/test_lean_dependencies.py::test_kernel_dependencies_follow_helpers_and_stop_at_registered_theorems PASSED [ 69%]
tests/test_lean_dependencies.py::test_changed_source_invalidates_an_otherwise_valid_export PASSED [ 69%]
tests/test_lean_dependencies.py::test_lean_fingerprints_ignore_only_checkout_line_ending_normalization[\n] PASSED [ 69%]
tests/test_lean_dependencies.py::test_lean_fingerprints_ignore_only_checkout_line_ending_normalization[\r\n] PASSED [ 69%]
tests/test_lean_dependencies.py::test_lean_fingerprints_ignore_only_checkout_line_ending_normalization[\r] PASSED [ 69%]
tests/test_lean_dependencies.py::test_lean_hash_normalization_mode_is_explicit[None] PASSED [ 69%]
tests/test_lean_dependencies.py::test_lean_hash_normalization_mode_is_explicit[raw-bytes] PASSED [ 69%]
tests/test_lean_dependencies.py::test_lean_hash_normalization_mode_is_explicit[unknown] PASSED [ 69%]
tests/test_lean_dependencies.py::test_derivation_fingerprints_remain_exact_bytes_including_line_endings PASSED [ 70%]
tests/test_lean_dependencies.py::test_nonstandard_axiom_cannot_be_called_a_kernel_certificate PASSED [ 70%]
tests/test_lean_dependencies.py::test_missing_or_non_theorem_kernel_entry_cannot_match_the_registry PASSED [ 70%]
tests/test_lean_dependencies.py::test_registered_name_cannot_be_redirected_to_a_different_theorem PASSED [ 70%]
tests/test_lean_dependencies.py::test_project_dependency_summary_cannot_disagree_with_proof_constants[dependencies0] PASSED [ 70%]
tests/test_lean_dependencies.py::test_project_dependency_summary_cannot_disagree_with_proof_constants[dependencies1] PASSED [ 70%]
tests/test_lean_dependencies.py::test_project_dependency_summary_cannot_disagree_with_proof_constants[dependencies2] PASSED [ 70%]
tests/test_lean_dependencies.py::test_project_dependency_summary_cannot_disagree_with_proof_constants[base] PASSED [ 70%]
tests/test_lean_dependencies.py::test_spurious_but_registered_dependency_is_rejected PASSED [ 70%]
tests/test_lean_dependencies.py::test_type_dependencies_are_included_in_the_extraction PASSED [ 70%]
tests/test_lean_dependencies.py::test_missing_local_helper_and_omitted_transitive_axioms_are_rejected PASSED [ 70%]
tests/test_lean_dependencies.py::test_recursive_definitions_are_allowed_but_cyclic_theorems_are_not PASSED [ 70%]
tests/test_lean_dependencies.py::test_malformed_kernel_containers_report_errors_instead_of_crashing[theorems-value0] PASSED [ 70%]
tests/test_lean_dependencies.py::test_malformed_kernel_containers_report_errors_instead_of_crashing[declarations-value1] PASSED [ 70%]
tests/test_lean_dependencies.py::test_malformed_kernel_containers_report_errors_instead_of_crashing[theorems-value2] PASSED [ 70%]
tests/test_lean_dependencies.py::test_malformed_kernel_containers_report_errors_instead_of_crashing[declarations-value3] PASSED [ 70%]
tests/test_lean_dependencies.py::test_malformed_kernel_declaration_fields_report_errors[kind-value0] PASSED [ 70%]
tests/test_lean_dependencies.py::test_malformed_kernel_declaration_fields_report_errors[axioms-None] PASSED [ 70%]
tests/test_lean_dependencies.py::test_malformed_kernel_declaration_fields_report_errors[proof_dependencies-Workhouse.base] PASSED [ 70%]
tests/test_lean_dependencies.py::test_malformed_kernel_declaration_fields_report_errors[type_dependencies-value3] PASSED [ 70%]
tests/test_lean_dependencies.py::test_non_mapping_exports_are_rejected PASSED [ 71%]
tests/test_lean_dependencies.py::test_malformed_derivation_document_does_not_crash[None] PASSED [ 71%]
tests/test_lean_dependencies.py::test_malformed_derivation_document_does_not_crash[document1] PASSED [ 71%]
tests/test_lean_dependencies.py::test_malformed_derivation_document_does_not_crash[document2] PASSED [ 71%]
tests/test_lean_dependencies.py::test_malformed_derivation_fields_do_not_crash[id-value0] PASSED [ 71%]
tests/test_lean_dependencies.py::test_malformed_derivation_fields_do_not_crash[status-value1] PASSED [ 71%]
tests/test_lean_dependencies.py::test_malformed_derivation_fields_do_not_crash[evidence-value2] PASSED [ 71%]
tests/test_lean_dependencies.py::test_malformed_derivation_fields_do_not_crash[anchor-value3] PASSED [ 71%]
tests/test_lean_dependencies.py::test_malformed_derivation_fields_do_not_crash[depends_on-None] PASSED [ 71%]
tests/test_lean_dependencies.py::test_malformed_derivation_fields_do_not_crash[lean-bad] PASSED [ 71%]
tests/test_lean_dependencies.py::test_malformed_derivation_fields_do_not_crash[lean_support-bad] PASSED [ 71%]
tests/test_lean_dependencies.py::test_malformed_derivation_fields_do_not_crash[lean_support-value7] PASSED [ 71%]
tests/test_lean_dependencies.py::test_existing_citation_cannot_point_at_the_wrong_derivation PASSED [ 71%]
tests/test_ledger.py::test_ledgers_load_and_validate PASSED              [ 71%]
tests/test_ledger.py::test_closed_routes_accept_registered_analytic_sources PASSED [ 71%]
tests/test_ledger.py::test_closed_routes_reject_unknown_or_unresolved_analytic_sources[CITE:UNREGISTERED_PROOF] PASSED [ 71%]
tests/test_ledger.py::test_closed_routes_reject_unknown_or_unresolved_analytic_sources[LEAN:unregistered_theorem] PASSED [ 71%]
tests/test_ledger.py::test_closed_routes_reject_unknown_or_unresolved_analytic_sources[CITE:CANON] PASSED [ 71%]
tests/test_ledger.py::test_registers_are_complete PASSED                 [ 71%]
tests/test_ledger.py::test_no_contradiction_remains_open_and_c2_closed_by_derivation PASSED [ 71%]
tests/test_ledger.py::test_disputed_contradictions_carry_both_numbers PASSED [ 72%]
tests/test_ledger.py::test_c1_forbids_the_terminology_that_manufactured_it PASSED [ 72%]
tests/test_ledger.py::test_g3_no_longer_claims_to_resolve_c1 PASSED      [ 72%]
tests/test_ledger.py::test_load_bearing_gaps_include_the_actual_continuum_comparison PASSED [ 72%]
tests/test_ledger.py::test_g3_rewrite_keeps_the_protocol_and_the_traps PASSED [ 72%]
tests/test_ledger.py::test_governing_register_is_complete PASSED         [ 72%]
tests/test_ledger.py::test_the_register_transcription_is_verbatim PASSED [ 72%]
tests/test_ledger.py::test_the_crosswalk_is_pinned PASSED                [ 72%]
tests/test_ledger.py::test_every_open_contradiction_is_visible_in_the_governing_register PASSED [ 72%]
tests/test_ledger.py::test_the_nine_items_v4_3_added_are_present PASSED  [ 72%]
tests/test_ledger.py::test_no_ledger_file_has_a_duplicate_mapping_key PASSED [ 72%]
tests/test_ledger.py::test_plan_steps_carry_a_closed_route_state PASSED  [ 72%]
tests/test_library.py::test_manifest_loads_with_expected_shape[paper_manifest.csv-99] PASSED [ 72%]
tests/test_library.py::test_manifest_loads_with_expected_shape[volume2/paper_manifest.csv-161] PASSED [ 72%]
tests/test_library.py::test_every_row_is_identifiable_and_pinnable[paper_manifest.csv-99] PASSED [ 72%]
tests/test_library.py::test_every_row_is_identifiable_and_pinnable[volume2/paper_manifest.csv-161] PASSED [ 72%]
tests/test_library.py::test_digests_are_unique_across_all_volumes PASSED [ 72%]
tests/test_literal_coarse_sources.py::test_seven_native_checks_have_finite_scopes PASSED [ 72%]
tests/test_literal_coarse_sources.py::test_exact_marginal_and_full_vacuum_subtraction PASSED [ 72%]
tests/test_literal_coarse_sources.py::test_literal_source_hypotheses_are_required[normalization] PASSED [ 73%]
tests/test_literal_coarse_sources.py::test_literal_source_hypotheses_are_required[sign] PASSED [ 73%]
tests/test_literal_coarse_sources.py::test_literal_source_hypotheses_are_required[missing_constant] PASSED [ 73%]
tests/test_literal_coarse_sources.py::test_literal_source_hypotheses_are_required[rank] PASSED [ 73%]
tests/test_literal_coarse_sources.py::test_literal_source_hypotheses_are_required[float] PASSED [ 73%]
tests/test_literal_coarse_sources.py::test_literal_source_hypotheses_are_required[negative_energy] PASSED [ 73%]
tests/test_literal_coarse_sources.py::test_gaussian_certificate_uses_the_full_boundary_premise PASSED [ 73%]
tests/test_literal_coarse_sources.py::test_gaussian_certificate_rejects_missing_domains[zero_floor] PASSED [ 73%]
tests/test_literal_coarse_sources.py::test_gaussian_certificate_rejects_missing_domains[negative_floor] PASSED [ 73%]
tests/test_literal_coarse_sources.py::test_gaussian_certificate_rejects_missing_domains[singular] PASSED [ 73%]
tests/test_literal_coarse_sources.py::test_gaussian_certificate_rejects_missing_domains[nonpositive] PASSED [ 73%]
tests/test_literal_coarse_sources.py::test_gaussian_certificate_rejects_missing_domains[float] PASSED [ 73%]
tests/test_literal_coarse_sources.py::test_gaussian_certificate_rejects_missing_domains[rank] PASSED [ 73%]
tests/test_literal_coarse_sources.py::test_gaussian_certificate_rejects_missing_domains[dimension] PASSED [ 73%]
tests/test_literal_coarse_sources.py::test_commuting_and_fully_retained_gaussian_cases_are_valid PASSED [ 73%]
tests/test_literal_coarse_sources.py::test_noncommuting_fisher_cap_and_missing_positivity PASSED [ 73%]
tests/test_literal_coarse_sources.py::test_generic_replay_rejects_corrupted_certificate[literal] PASSED [ 73%]
tests/test_literal_coarse_sources.py::test_generic_replay_rejects_corrupted_certificate[gaussian] PASSED [ 73%]
tests/test_literal_coarse_sources.py::test_generic_replay_rejects_corrupted_certificate[fisher] PASSED [ 73%]
tests/test_literal_coarse_sources.py::test_full_payload_replay_and_cached_mutation_isolation PASSED [ 73%]
tests/test_literal_coarse_sources.py::test_full_inverse_domination_differs_from_the_compressed_floor PASSED [ 74%]
tests/test_literal_coarse_sources.py::test_full_inverse_floor_requires_the_exact_entire_vacuum[missing_vacuum] PASSED [ 74%]
tests/test_literal_coarse_sources.py::test_full_inverse_floor_requires_the_exact_entire_vacuum[incomplete_kernel] PASSED [ 74%]
tests/test_literal_coarse_sources.py::test_full_inverse_floor_requires_the_exact_entire_vacuum[wrong_shift] PASSED [ 74%]
tests/test_literal_coarse_sources.py::test_full_inverse_floor_requires_the_exact_entire_vacuum[nonprojection] PASSED [ 74%]
tests/test_literal_coarse_sources.py::test_fresh_runner_read_only_replay_and_corruptions PASSED [ 74%]
tests/test_literal_coarse_sources.py::test_optimized_verification_and_replay_are_rejected PASSED [ 74%]
tests/test_literature.py::test_index_loads_and_validates PASSED          [ 74%]
tests/test_literature.py::test_every_paper_bears_on_something_that_exists PASSED [ 74%]
tests/test_literature.py::test_no_fulltext_is_stored_without_a_redistributable_licence PASSED [ 74%]
tests/test_literature.py::test_every_paper_is_pinnable PASSED            [ 74%]
tests/test_literature.py::test_an_institutional_work_without_doi_or_arxiv_is_identifiable PASSED [ 74%]
tests/test_literature.py::test_invalid_source_urls_cannot_replace_a_scholarly_identifier[None] PASSED [ 74%]
tests/test_literature.py::test_invalid_source_urls_cannot_replace_a_scholarly_identifier[] PASSED [ 74%]
tests/test_literature.py::test_invalid_source_urls_cannot_replace_a_scholarly_identifier[http://example.org/a.pdf] PASSED [ 74%]
tests/test_literature.py::test_invalid_source_urls_cannot_replace_a_scholarly_identifier[https:///a.pdf] PASSED [ 74%]
tests/test_literature.py::test_invalid_source_urls_cannot_replace_a_scholarly_identifier[https://a b/a.pdf] PASSED [ 74%]
tests/test_literature.py::test_invalid_source_urls_cannot_replace_a_scholarly_identifier[https://user:password@example.org/a.pdf] PASSED [ 74%]
tests/test_literature.py::test_invalid_source_urls_cannot_replace_a_scholarly_identifier[file:///a.pdf] PASSED [ 74%]
tests/test_literature.py::test_invalid_source_urls_cannot_replace_a_scholarly_identifier[https://[broken] PASSED [ 75%]
tests/test_literature.py::test_the_hamer_edge_is_verified_and_stays_pinned PASSED [ 75%]
tests/test_literature.py::test_the_confusable_paper_is_recorded_as_such PASSED [ 75%]
tests/test_literature.py::test_wanted_entries_say_what_they_would_settle PASSED [ 75%]
tests/test_literature.py::test_a_target_query_finds_the_weingarten_edge PASSED [ 75%]
tests/test_literature.py::test_a_scope_firewall_forbids_supplying_values PASSED [ 75%]
tests/test_literature.py::test_the_firewall_rule_actually_fires PASSED   [ 75%]
tests/test_literature.py::test_stored_fulltext_is_byte_identical_to_what_was_read PASSED [ 75%]
tests/test_literature.py::test_a_verbatim_only_licence_needs_a_digest PASSED [ 75%]
tests/test_literature.py::test_publisher_copyright_still_blocks_storage PASSED [ 75%]
tests/test_literature.py::test_every_cites_entry_resolves PASSED         [ 75%]
tests/test_literature.py::test_an_unresolvable_cite_is_caught PASSED     [ 75%]
tests/test_literature.py::test_an_orphan_stub_is_rejected_as_decoration PASSED [ 75%]
tests/test_literature.py::test_a_stub_cannot_carry_evidence PASSED       [ 75%]
tests/test_literature.py::test_an_undated_inspire_count_is_rejected PASSED [ 75%]
tests/test_literature.py::test_in_degree_is_computed_and_covers_every_node PASSED [ 75%]
tests/test_literature.py::test_the_acquisition_target_falls_out_of_the_data PASSED [ 75%]
tests/test_literature.py::test_the_two_relevance_weights_stay_separate PASSED [ 75%]
tests/test_literature.py::test_holes_are_leads_with_a_checking_recipe PASSED [ 75%]
tests/test_literature.py::test_a_confusable_edge_never_opens_a_hole PASSED [ 75%]
tests/test_literature.py::test_the_hamer_kss_disentanglement_holds PASSED [ 76%]
tests/test_literature.py::test_the_kps_table_is_pinned_and_its_edges_verified PASSED [ 76%]
tests/test_literature.py::test_read_citers_are_pinned_and_their_negatives_recorded PASSED [ 76%]
tests/test_loopcalc.py::test_weingarten_closed_forms PASSED              [ 76%]
tests/test_loopcalc.py::test_haar_moments_count_singlets PASSED          [ 76%]
tests/test_loopcalc.py::test_h0_eigenvalues PASSED                       [ 76%]
tests/test_loopcalc.py::test_second_order_constants PASSED               [ 76%]
tests/test_loopcalc.py::test_chain_amplitude_is_x_quantum PASSED         [ 76%]
tests/test_loopcalc.py::test_corner_cumulant_in_both_bases PASSED        [ 76%]
tests/test_loopcalc.py::test_neighbour_census PASSED                     [ 76%]
tests/test_loopcalc.py::test_charpoly_spectra_agree_with_the_su3_table PASSED [ 76%]
tests/test_loopcalc.py::test_rank_generic_second_order_matches_the_all_rank_formulas PASSED [ 76%]
tests/test_loopcalc.py::test_pair_element_is_zero_on_a_disjoint_pair_and_refuses_su3 PASSED [ 76%]
tests/test_moving_time_gap.py::test_rejects_invalid_power_law_hypotheses[args0] PASSED [ 76%]
tests/test_moving_time_gap.py::test_rejects_invalid_power_law_hypotheses[args1] PASSED [ 76%]
tests/test_moving_time_gap.py::test_rejects_invalid_power_law_hypotheses[args2] PASSED [ 76%]
tests/test_moving_time_gap.py::test_rejects_invalid_power_law_hypotheses[args3] PASSED [ 76%]
tests/test_moving_time_gap.py::test_refuses_float_or_unresolved_inputs[0.5_0] PASSED [ 76%]
tests/test_moving_time_gap.py::test_refuses_float_or_unresolved_inputs[0.5_1] PASSED [ 76%]
tests/test_moving_time_gap.py::test_refuses_float_or_unresolved_inputs[bad2] PASSED [ 77%]
tests/test_moving_time_gap.py::test_refuses_invalid_or_inexact_physical_horizon[0] PASSED [ 77%]
tests/test_moving_time_gap.py::test_refuses_invalid_or_inexact_physical_horizon[-1] PASSED [ 77%]
tests/test_moving_time_gap.py::test_refuses_invalid_or_inexact_physical_horizon[0.5] PASSED [ 77%]
tests/test_moving_time_gap.py::test_no_margin_is_not_a_positive_gap PASSED [ 77%]
tests/test_moving_time_gap.py::test_no_prefactor_growth_boundary_has_a_flat_optimum PASSED [ 77%]
tests/test_moving_time_gap.py::test_optimum_dominates_independent_rational_grid PASSED [ 77%]
tests/test_nonlinear_wilson_block.py::test_five_native_checks_preserve_their_finite_scopes PASSED [ 77%]
tests/test_nonlinear_wilson_block.py::test_trace_certificate_accepts_noncommuting_and_rank_deficient_inputs PASSED [ 77%]
tests/test_nonlinear_wilson_block.py::test_trace_certificate_rejects_missing_hypotheses[Q_indefinite] PASSED [ 77%]
tests/test_nonlinear_wilson_block.py::test_trace_certificate_rejects_missing_hypotheses[B_indefinite] PASSED [ 77%]
tests/test_nonlinear_wilson_block.py::test_trace_certificate_rejects_missing_hypotheses[nonhermitian] PASSED [ 77%]
tests/test_nonlinear_wilson_block.py::test_trace_certificate_rejects_missing_hypotheses[float] PASSED [ 77%]
tests/test_nonlinear_wilson_block.py::test_trace_certificate_rejects_missing_hypotheses[shape] PASSED [ 77%]
tests/test_nonlinear_wilson_block.py::test_trace_replay_rejects_corrupted_margins_and_hypotheses[margin-0] PASSED [ 77%]
tests/test_nonlinear_wilson_block.py::test_trace_replay_rejects_corrupted_margins_and_hypotheses[commuting-True] PASSED [ 77%]
tests/test_nonlinear_wilson_block.py::test_trace_replay_rejects_corrupted_margins_and_hypotheses[loss_minors-value2] PASSED [ 77%]
tests/test_nonlinear_wilson_block.py::test_scalar_budget_covers_both_cutoff_branches_without_claiming_rank_proof[2] PASSED [ 77%]
tests/test_nonlinear_wilson_block.py::test_scalar_budget_covers_both_cutoff_branches_without_claiming_rank_proof[4] PASSED [ 77%]
tests/test_nonlinear_wilson_block.py::test_scalar_budget_covers_both_cutoff_branches_without_claiming_rank_proof[5] PASSED [ 77%]
tests/test_nonlinear_wilson_block.py::test_scalar_budget_covers_both_cutoff_branches_without_claiming_rank_proof[20] PASSED [ 78%]
tests/test_nonlinear_wilson_block.py::test_high_supplied_center_energy_does_not_silently_assert_a_fast_threshold PASSED [ 78%]
tests/test_nonlinear_wilson_block.py::test_scalar_acceptance_rejects_invalid_domains[arguments0] PASSED [ 78%]
tests/test_nonlinear_wilson_block.py::test_scalar_acceptance_rejects_invalid_domains[arguments1] PASSED [ 78%]
tests/test_nonlinear_wilson_block.py::test_scalar_acceptance_rejects_invalid_domains[arguments2] PASSED [ 78%]
tests/test_nonlinear_wilson_block.py::test_scalar_acceptance_rejects_invalid_domains[arguments3] PASSED [ 78%]
tests/test_nonlinear_wilson_block.py::test_scalar_acceptance_rejects_invalid_domains[arguments4] PASSED [ 78%]
tests/test_nonlinear_wilson_block.py::test_scalar_acceptance_rejects_invalid_domains[arguments5] PASSED [ 78%]
tests/test_nonlinear_wilson_block.py::test_scalar_acceptance_rejects_invalid_domains[arguments6] PASSED [ 78%]
tests/test_nonlinear_wilson_block.py::test_scalar_acceptance_rejects_invalid_domains[arguments7] PASSED [ 78%]
tests/test_nonlinear_wilson_block.py::test_scalar_acceptance_rejects_invalid_domains[arguments8] PASSED [ 78%]
tests/test_nonlinear_wilson_block.py::test_scalar_acceptance_rejects_invalid_domains[arguments9] PASSED [ 78%]
tests/test_nonlinear_wilson_block.py::test_scalar_replay_rejects_a_falsified_gap_margin PASSED [ 78%]
tests/test_nonlinear_wilson_block.py::test_mutable_payloads_cannot_change_cached_acceptance PASSED [ 78%]
tests/test_nonlinear_wilson_block.py::test_complete_low_leakage_keeps_a_retained_projection_that_misses_the_vacuum PASSED [ 78%]
tests/test_nonlinear_wilson_block.py::test_compression_rejects_incomplete_low_subspace_or_false_budget[ground_only] PASSED [ 78%]
tests/test_nonlinear_wilson_block.py::test_compression_rejects_incomplete_low_subspace_or_false_budget[leakage] PASSED [ 78%]
tests/test_nonlinear_wilson_block.py::test_compression_rejects_incomplete_low_subspace_or_false_budget[vacuum] PASSED [ 78%]
tests/test_nonlinear_wilson_block.py::test_compression_rejects_incomplete_low_subspace_or_false_budget[nonprojector] PASSED [ 78%]
tests/test_nonlinear_wilson_block.py::test_compression_replay_rejects_an_invented_floor PASSED [ 78%]
tests/test_nonlinear_wilson_block.py::test_runner_preserves_existing_output_and_rejects_optimized_python PASSED [ 79%]
tests/test_notes.py::test_manifest_deduplicates_by_digest PASSED         [ 79%]
tests/test_notes.py::test_scan_refuses_an_undeclared_archive PASSED      [ 79%]
tests/test_notes.py::test_queue_ranks_coefficient_bearing_first_and_review_removes PASSED [ 79%]
tests/test_notes.py::test_identical_content_reuses_original_scoped_review_across_archives PASSED [ 79%]
tests/test_notes.py::test_multiple_scoped_reviews_of_one_hash_do_not_double_count_reused_content PASSED [ 79%]
tests/test_notes.py::test_a_sound_review_validates_clean PASSED          [ 79%]
tests/test_notes.py::test_an_unknown_verdict_is_rejected PASSED          [ 79%]
tests/test_notes.py::test_a_verdict_without_a_reason_is_decoration PASSED [ 79%]
tests/test_notes.py::test_a_review_of_a_digest_not_in_the_manifest_is_caught PASSED [ 79%]
tests/test_notes.py::test_one_digest_gets_one_verdict PASSED             [ 79%]
tests/test_notes.py::test_an_import_must_hash_to_its_digest PASSED       [ 79%]
tests/test_notes.py::test_a_verbatim_import_validates PASSED             [ 79%]
tests/test_notes.py::test_an_extract_must_name_what_it_entered PASSED    [ 79%]
tests/test_notes.py::test_bears_on_must_resolve PASSED                   [ 79%]
tests/test_notes.py::test_superseded_needs_a_successor_that_can_be_found PASSED [ 79%]
tests/test_notes.py::test_a_review_against_an_uninventoried_archive_is_premature PASSED [ 79%]
tests/test_notes.py::test_the_checked_in_register_is_sound PASSED        [ 79%]
tests/test_paper.py::test_paper_directory_is_fully_pinned PASSED         [ 79%]
tests/test_paper.py::test_verify_core_runs_and_passes PASSED             [ 80%]
tests/test_paper.py::test_verify_core_ledger_agrees_with_the_registry PASSED [ 80%]
tests/test_paper.py::test_verify_core_is_standard_library_only PASSED    [ 80%]
tests/test_path_reduction.py::test_reduced_words_collapse_private_runs PASSED [ 80%]
tests/test_path_reduction.py::test_reduced_second_order_is_the_full_one PASSED [ 80%]
tests/test_path_reduction.py::test_reduced_two_hop_weight_is_x_quantum PASSED [ 80%]
tests/test_path_reduction.py::test_reduced_single_contact_over_qn_matches_the_full_form PASSED [ 80%]
tests/test_path_reduction.py::test_weighted_labels_match_the_unreduced_ones PASSED [ 80%]
tests/test_planar_band.py::test_inv_expansion_matches_a_known_series PASSED [ 80%]
tests/test_planar_band.py::test_inv_expansion_rf_agrees_with_the_sympy_route PASSED [ 80%]
tests/test_planar_band.py::test_channel_census_on_the_two_hop_chain PASSED [ 80%]
tests/test_portability.py::test_text_io_names_its_encoding PASSED        [ 80%]
tests/test_portability.py::test_the_corpus_really_is_not_cp1252_decodable PASSED [ 80%]
tests/test_provenance.py::test_schema_is_complete_and_ids_unique PASSED  [ 80%]
tests/test_provenance.py::test_every_document_hashes_to_its_corpus_pin PASSED [ 80%]
tests/test_provenance.py::test_every_quote_is_observed_near_its_line PASSED [ 80%]
tests/test_provenance.py::test_every_target_resolves_and_the_graph_carries_the_edges PASSED [ 80%]
tests/test_recent_document_routes.py::test_september_document_coverage_has_native_nodes PASSED [ 80%]
tests/test_recent_document_routes.py::test_review_and_formal_source_links_are_curated_without_tier_promotion PASSED [ 80%]
tests/test_recent_research.py::test_registry_preserves_analytic_proof_status_without_manufacturing_machine_promotion PASSED [ 80%]
tests/test_recent_research.py::test_hash_byte_count_and_exact_anchor_detect_changed_or_misattributed_source PASSED [ 81%]
tests/test_recent_research.py::test_missing_copy_does_not_fall_back_to_external_original PASSED [ 81%]
tests/test_recent_research.py::test_source_paths_cannot_escape_the_pinned_bundle[../outside.md] PASSED [ 81%]
tests/test_recent_research.py::test_source_paths_cannot_escape_the_pinned_bundle[C:/outside.md] PASSED [ 81%]
tests/test_recent_research.py::test_source_paths_cannot_escape_the_pinned_bundle[runs/recent_research_integration_2026-09-09/sources/../outside.md] PASSED [ 81%]
tests/test_recent_research.py::test_source_paths_cannot_escape_the_pinned_bundle[runs/w6_bg_budget_2026-09-10/sources/../outside.md] PASSED [ 81%]
tests/test_recent_research.py::test_source_paths_cannot_escape_the_pinned_bundle[runs/m10_conditional_transport_2026-09-10/sources/../outside.md] PASSED [ 81%]
tests/test_recent_research.py::test_source_paths_cannot_escape_the_pinned_bundle[runs/w6_antipodal_m10_2026-09-10/sources/../outside.md] PASSED [ 81%]
tests/test_recent_research.py::test_source_paths_cannot_escape_the_pinned_bundle[runs/unregistered/sources/proof.md] PASSED [ 81%]
tests/test_recent_research.py::test_source_paths_cannot_escape_the_pinned_bundle[runs/recent_research_integration_2026-09-09/sources-other/proof.md] PASSED [ 81%]
tests/test_recent_research.py::test_source_paths_cannot_escape_the_pinned_bundle[runs/w6_bg_budget_2026-09-10/sources-other/proof.md] PASSED [ 81%]
tests/test_recent_research.py::test_source_paths_cannot_escape_the_pinned_bundle[runs/m10_conditional_transport_2026-09-10/sources-other/proof.md] PASSED [ 81%]
tests/test_recent_research.py::test_source_paths_cannot_escape_the_pinned_bundle[runs/w6_antipodal_m10_2026-09-10/sources-other/proof.md] PASSED [ 81%]
tests/test_recent_research.py::test_preserved_bundles_retain_hash_and_scope_validation[runs/recent_research_integration_2026-09-09/sources/] PASSED [ 81%]
tests/test_recent_research.py::test_preserved_bundles_retain_hash_and_scope_validation[runs/w6_bg_budget_2026-09-10/sources/] PASSED [ 81%]
tests/test_recent_research.py::test_preserved_bundles_retain_hash_and_scope_validation[runs/m10_conditional_transport_2026-09-10/sources/] PASSED [ 81%]
tests/test_recent_research.py::test_preserved_bundles_retain_hash_and_scope_validation[runs/w6_antipodal_m10_2026-09-10/sources/] PASSED [ 81%]
tests/test_recent_research.py::test_curated_links_preserve_direction_and_require_resolving_endpoints PASSED [ 81%]
tests/test_recent_research.py::test_duplicate_nodes_and_edges_cannot_silently_collapse PASSED [ 81%]
tests/test_recent_research.py::test_result_metadata_cannot_promote_or_erase_scope[tier-0-registry tier stays 3] PASSED [ 82%]
tests/test_recent_research.py::test_result_metadata_cannot_promote_or_erase_scope[evidence-published-proof-existing evidence vocabulary] PASSED [ 82%]
tests/test_recent_research.py::test_result_metadata_cannot_promote_or_erase_scope[status-probably-true-existing claim vocabulary] PASSED [ 82%]
tests/test_recent_research.py::test_result_metadata_cannot_promote_or_erase_scope[value-0.25-exact rational string] PASSED [ 82%]
tests/test_recent_research.py::test_result_metadata_cannot_promote_or_erase_scope[scope--missing scope] PASSED [ 82%]
tests/test_recent_research.py::test_result_metadata_cannot_promote_or_erase_scope[verification--missing verification] PASSED [ 82%]
tests/test_recent_research.py::test_loader_checks_schema_and_keeps_authored_words PASSED [ 82%]
tests/test_recent_research.py::test_repository_registry_covers_scoped_results_and_preserves_the_remaining_obligation PASSED [ 82%]
tests/test_research_priorities.py::test_proven_analytic_t3_input_is_ready_without_a_lean_proof[None] PASSED [ 82%]
tests/test_research_priorities.py::test_proven_analytic_t3_input_is_ready_without_a_lean_proof[lean1] PASSED [ 82%]
tests/test_research_priorities.py::test_only_established_explicit_completion_inputs_are_ready[open] PASSED [ 82%]
tests/test_research_priorities.py::test_only_established_explicit_completion_inputs_are_ready[conditional] PASSED [ 82%]
tests/test_research_priorities.py::test_only_established_explicit_completion_inputs_are_ready[falsified] PASSED [ 82%]
tests/test_research_priorities.py::test_only_established_explicit_completion_inputs_are_ready[superseded] PASSED [ 82%]
tests/test_research_priorities.py::test_only_established_explicit_completion_inputs_are_ready[None] PASSED [ 82%]
tests/test_research_priorities.py::test_available_conditional_implication_is_not_an_implicit_blocker PASSED [ 82%]
tests/test_research_priorities.py::test_retired_or_missing_mathematical_input_invalidates_readiness[falsified] PASSED [ 82%]
tests/test_research_priorities.py::test_retired_or_missing_mathematical_input_invalidates_readiness[superseded] PASSED [ 82%]
tests/test_research_priorities.py::test_retired_or_missing_mathematical_input_invalidates_readiness[dead] PASSED [ 82%]
tests/test_research_priorities.py::test_retired_or_missing_mathematical_input_invalidates_readiness[None] PASSED [ 82%]
tests/test_research_priorities.py::test_missing_authored_input_namespaces_fail_closed[RESULT:MISSING] PASSED [ 83%]
tests/test_research_priorities.py::test_missing_authored_input_namespaces_fail_closed[ROUTE:MISSING] PASSED [ 83%]
tests/test_research_priorities.py::test_missing_authored_input_namespaces_fail_closed[DERIV:TEST:MISSING] PASSED [ 83%]
tests/test_research_priorities.py::test_unregistered_target_is_not_ready_without_an_explicit_blocker PASSED [ 83%]
tests/test_research_priorities.py::test_source_references_need_not_have_a_mathematical_completion_status[LEAN:test_lemma] PASSED [ 83%]
tests/test_research_priorities.py::test_source_references_need_not_have_a_mathematical_completion_status[CITE:TEST_SOURCE] PASSED [ 83%]
tests/test_research_priorities.py::test_priority_and_relevance_do_not_create_a_m10_to_r10_dependency PASSED [ 83%]
tests/test_research_priorities.py::test_established_and_retired_targets_leave_the_selected_queue[proven] PASSED [ 83%]
tests/test_research_priorities.py::test_established_and_retired_targets_leave_the_selected_queue[resolved] PASSED [ 83%]
tests/test_research_priorities.py::test_established_and_retired_targets_leave_the_selected_queue[discharged] PASSED [ 83%]
tests/test_research_priorities.py::test_established_and_retired_targets_leave_the_selected_queue[done] PASSED [ 83%]
tests/test_research_priorities.py::test_established_and_retired_targets_leave_the_selected_queue[falsified] PASSED [ 83%]
tests/test_research_priorities.py::test_established_and_retired_targets_leave_the_selected_queue[superseded] PASSED [ 83%]
tests/test_research_priorities.py::test_established_and_retired_targets_leave_the_selected_queue[dead] PASSED [ 83%]
tests/test_research_priorities.py::test_closed_routes_leave_the_selected_queue[dead] PASSED [ 83%]
tests/test_research_priorities.py::test_closed_routes_leave_the_selected_queue[done] PASSED [ 83%]
tests/test_research_priorities.py::test_discharged_gap_is_excluded_but_partial_gap_remains PASSED [ 83%]
tests/test_research_priorities.py::test_invalid_priority_is_rejected[0] PASSED [ 83%]
tests/test_research_priorities.py::test_invalid_priority_is_rejected[-1] PASSED [ 83%]
tests/test_research_priorities.py::test_invalid_priority_is_rejected[True] PASSED [ 84%]
tests/test_research_priorities.py::test_invalid_priority_is_rejected[1] PASSED [ 84%]
tests/test_research_priorities.py::test_invalid_priority_is_rejected[1.5] PASSED [ 84%]
tests/test_research_priorities.py::test_invalid_priority_is_rejected[None] PASSED [ 84%]
tests/test_research_priorities.py::test_duplicate_priority_is_rejected_across_distinct_gaps PASSED [ 84%]
tests/test_research_priorities.py::test_missing_priority_explanation_is_rejected[scope] PASSED [ 84%]
tests/test_research_priorities.py::test_missing_priority_explanation_is_rejected[consequence] PASSED [ 84%]
tests/test_research_priorities.py::test_missing_priority_explanation_is_rejected[decisive_test] PASSED [ 84%]
tests/test_research_priorities.py::test_unknown_metadata_and_malformed_target_are_rejected PASSED [ 84%]
tests/test_research_priorities.py::test_readiness_endpoints_require_authored_status_namespaces[target-LEAN:test_lemma] PASSED [ 84%]
tests/test_research_priorities.py::test_readiness_endpoints_require_authored_status_namespaces[target-CITE:TEST_SOURCE] PASSED [ 84%]
tests/test_research_priorities.py::test_readiness_endpoints_require_authored_status_namespaces[blocked_by-LEAN:test_lemma] PASSED [ 84%]
tests/test_research_priorities.py::test_readiness_endpoints_require_authored_status_namespaces[blocked_by-CITE:TEST_SOURCE] PASSED [ 84%]
tests/test_research_priorities.py::test_malformed_route_references_are_rejected[depends_on] PASSED [ 84%]
tests/test_research_priorities.py::test_malformed_route_references_are_rejected[blocked_by] PASSED [ 84%]
tests/test_research_priorities.py::test_malformed_route_references_are_rejected[bears_on] PASSED [ 84%]
tests/test_research_priorities.py::test_unknown_route_reference_fails_graph_validation[target] PASSED [ 84%]
tests/test_research_priorities.py::test_unknown_route_reference_fails_graph_validation[blocked_by] PASSED [ 84%]
tests/test_research_priorities.py::test_unknown_route_reference_fails_graph_validation[bears_on] PASSED [ 84%]
tests/test_research_priorities.py::test_unknown_route_reference_fails_graph_validation[depends_on] PASSED [ 84%]
tests/test_research_priorities.py::test_route_target_blocker_and_relevance_are_distinct_graph_edges PASSED [ 85%]
tests/test_research_priorities.py::test_explicit_blocked_by_route_cycle_is_invalid PASSED [ 85%]
tests/test_research_priorities.py::test_route_cannot_require_its_own_target_as_completed PASSED [ 85%]
tests/test_research_priorities.py::test_alternative_target_producer_is_not_expanded_into_an_and_dependency PASSED [ 85%]
tests/test_research_priorities.py::test_explicit_null_frontier_is_benign_in_readiness_validation_and_graph PASSED [ 85%]
tests/test_research_priorities.py::test_real_g19_priorities_target_actual_open_derivations PASSED [ 85%]
tests/test_research_priorities.py::test_proving_sc17_identity_does_not_hide_its_actual_model_target PASSED [ 85%]
tests/test_research_priorities.py::test_published_g14_route_ids_survive_the_reconciliation PASSED [ 85%]
tests/test_research_priorities.py::test_real_g19_routes_emit_exact_targets_and_available_input_edges PASSED [ 85%]
tests/test_research_priorities.py::test_route_detail_keeps_target_scope_and_decisive_test PASSED [ 85%]
tests/test_research_priorities.py::test_snapshot_navigation_excludes_new_live_route_without_collecting PASSED [ 85%]
tests/test_research_priorities.py::test_gap_and_direct_route_share_snapshot_readiness_and_text_json_metadata[proven] PASSED [ 85%]
tests/test_research_priorities.py::test_gap_and_direct_route_share_snapshot_readiness_and_text_json_metadata[open] PASSED [ 85%]
tests/test_research_priorities.py::test_snapshot_target_status_suppresses_live_open_route[proven] PASSED [ 85%]
tests/test_research_priorities.py::test_snapshot_target_status_suppresses_live_open_route[falsified] PASSED [ 85%]
tests/test_research_priorities.py::test_snapshot_target_status_suppresses_live_open_route[superseded] PASSED [ 85%]
tests/test_research_priorities.py::test_snapshot_route_and_gap_lifecycle_controls_priority_queue[route-done] PASSED [ 85%]
tests/test_research_priorities.py::test_snapshot_route_and_gap_lifecycle_controls_priority_queue[route-dead] PASSED [ 85%]
tests/test_research_priorities.py::test_snapshot_route_and_gap_lifecycle_controls_priority_queue[gap-cost 3 \xb7 discharged] PASSED [ 85%]
tests/test_research_priorities.py::test_snapshot_route_requires_its_owning_gap_and_correct_node_kind PASSED [ 85%]
tests/test_research_priorities.py::test_gap_standing_text_agrees_with_snapshot_lifecycle PASSED [ 86%]
tests/test_results.py::test_result_schema_and_pinned_source PASSED       [ 86%]
tests/test_results.py::test_result_requires_exact_statement_hypotheses_and_scope[scope] PASSED [ 86%]
tests/test_results.py::test_result_requires_exact_statement_hypotheses_and_scope[statement] PASSED [ 86%]
tests/test_results.py::test_result_requires_exact_statement_hypotheses_and_scope[source_section] PASSED [ 86%]
tests/test_results.py::test_result_requires_exact_statement_hypotheses_and_scope[hypotheses] PASSED [ 86%]
tests/test_results.py::test_finite_support_without_boundary_is_rejected PASSED [ 86%]
tests/test_results.py::test_result_uses_existing_closed_vocabularies[status] PASSED [ 86%]
tests/test_results.py::test_result_uses_existing_closed_vocabularies[evidence] PASSED [ 86%]
tests/test_results.py::test_duplicate_result_ids_are_rejected PASSED     [ 86%]
tests/test_results.py::test_proof_source_must_resolve_to_a_document_alias[CITE:missing] PASSED [ 86%]
tests/test_results.py::test_proof_source_must_resolve_to_a_document_alias[PROOF] PASSED [ 86%]
tests/test_results.py::test_proof_source_must_resolve_to_a_document_alias[RUN:proof] PASSED [ 86%]
tests/test_results.py::test_pin_is_checked_against_actual_proof_bytes PASSED [ 86%]
tests/test_results.py::test_unpinned_or_nonpaper_source_cannot_support_result PASSED [ 86%]
tests/test_results.py::test_result_references_are_full_catalogue_ids[depends_on] PASSED [ 86%]
tests/test_results.py::test_result_references_are_full_catalogue_ids[bears_on] PASSED [ 86%]
tests/test_results.py::test_partial_checks_do_not_change_status_or_promote_full_result[conditional] PASSED [ 86%]
tests/test_results.py::test_partial_checks_do_not_change_status_or_promote_full_result[disputed] PASSED [ 86%]
tests/test_results.py::test_partial_checks_do_not_change_status_or_promote_full_result[falsified] PASSED [ 87%]
tests/test_results.py::test_partial_checks_do_not_change_status_or_promote_full_result[open] PASSED [ 87%]
tests/test_results.py::test_partial_checks_do_not_change_status_or_promote_full_result[proven] PASSED [ 87%]
tests/test_results.py::test_partial_checks_do_not_change_status_or_promote_full_result[superseded] PASSED [ 87%]
tests/test_results.py::test_result_dependencies_must_be_acyclic_but_relevance_may_cycle PASSED [ 87%]
tests/test_results.py::test_done_routes_can_name_the_proof_or_analytic_result PASSED [ 87%]
tests/test_results.py::test_route_dependencies_use_full_ids_and_preserve_proof_status PASSED [ 87%]
tests/test_results.py::test_result_scope_survives_terminal_markdown_json_and_atlas_exports PASSED [ 87%]
tests/test_results.py::test_curated_result_edges_are_exact_and_all_endpoints_resolve PASSED [ 87%]
tests/test_results.py::test_unknown_result_reference_is_dangling_not_an_invented_node PASSED [ 87%]
tests/test_rigor.py::test_doubles_enter_exactly PASSED                   [ 87%]
tests/test_rigor.py::test_rationals_are_enclosed PASSED                  [ 87%]
tests/test_rigor.py::test_lossy_entry_paths_are_refused PASSED           [ 87%]
tests/test_rigor.py::test_overlapping_balls_certify_nothing PASSED       [ 87%]
tests/test_rigor.py::test_adjacent_doubles_are_separated_at_working_precision PASSED [ 87%]
tests/test_rigor.py::test_certified_closer_discriminates_and_refuses PASSED [ 87%]
tests/test_rooted_creator.py::test_disjoint_star_is_nilpotent_and_is_not_the_pauli_flip_product PASSED [ 87%]
tests/test_rooted_creator.py::test_exact_creation_log_exp_inversion_and_independent_operator_tangent[zero] PASSED [ 87%]
tests/test_rooted_creator.py::test_exact_creation_log_exp_inversion_and_independent_operator_tangent[six_link] PASSED [ 87%]
tests/test_rooted_creator.py::test_exact_creation_log_exp_inversion_and_independent_operator_tangent[mixed_63] PASSED [ 87%]
tests/test_rooted_creator.py::test_mixed_magnetic_products_and_scalar_normalization_are_retained PASSED [ 88%]
tests/test_rooted_creator.py::test_exact_constants_and_rational_upper_bound_place_model_inside_proved_domain PASSED [ 88%]
tests/test_rooted_creator.py::test_six_link_samples_have_exact_selfmap_and_pairwise_half_lipschitz_controls PASSED [ 88%]
tests/test_rooted_creator.py::test_zero_coupling_gives_zero_composed_map_for_every_fixed_sample PASSED [ 88%]
tests/test_rooted_creator.py::test_invalid_vacuum_and_kinetic_domains_fail_closed PASSED [ 88%]
tests/test_rooted_creator.py::test_float_inputs_cannot_silently_convert_the_exact_oracle_to_a_numeric_check PASSED [ 88%]
tests/test_runs.py::test_runs_directory_exists PASSED                    [ 88%]
tests/test_runs.py::test_every_run_dir_is_fully_pinned PASSED            [ 88%]
tests/test_runs.py::test_nested_run_pins_detect_changed_and_unregistered_files PASSED [ 88%]
tests/test_runs.py::test_run_pins_reject_unsafe_paths[../proof.md] PASSED [ 88%]
tests/test_runs.py::test_run_pins_reject_unsafe_paths[/proof.md] PASSED  [ 88%]
tests/test_runs.py::test_run_pins_reject_unsafe_paths[C:/proof.md] PASSED [ 88%]
tests/test_runs.py::test_run_pins_reject_unsafe_paths[sources\\proof.md] PASSED [ 88%]
tests/test_runs.py::test_run_pins_reject_duplicate_entries PASSED        [ 88%]
tests/test_search.py::test_exact_rationals_match_by_value_not_by_spelling PASSED [ 88%]
tests/test_search.py::test_a_decimal_prefix_finds_both_sides_of_c20 PASSED [ 88%]
tests/test_search.py::test_a_corpus_spelling_finds_the_repo_name PASSED  [ 88%]
tests/test_search.py::test_the_forbidden_name_is_matched_on_purpose PASSED [ 88%]
tests/test_search.py::test_short_queries_need_a_token_boundary PASSED    [ 88%]
tests/test_search.py::test_a_coined_name_is_flagged_as_coined PASSED     [ 89%]
tests/test_search.py::test_a_claim_id_pulls_in_what_it_routes_to PASSED  [ 89%]
tests/test_search.py::test_an_unmatched_query_says_how_to_ask_better PASSED [ 89%]
tests/test_search.py::test_every_declared_corpus_spelling_is_still_findable PASSED [ 89%]
tests/test_search.py::test_coined_names_really_are_absent_from_the_corpus PASSED [ 89%]
tests/test_search.py::test_catalogue_files_are_current PASSED            [ 89%]
tests/test_search.py::test_no_generated_prose_fields PASSED              [ 89%]
tests/test_search.py::test_cli_search_runs_and_exits_nonzero_on_a_miss PASSED [ 89%]
tests/test_search.py::test_negative_query_keeps_its_trailing_options PASSED [ 89%]
tests/test_september_feshbach.py::test_one_r_word_is_a_nonzero_multiple_of_the_b_monomial PASSED [ 89%]
tests/test_september_feshbach.py::test_ur_lies_outside_the_actual_fourth_order_carrier_span PASSED [ 89%]
tests/test_september_feshbach.py::test_gamma_has_no_nonzero_carrier_to_normalize PASSED [ 89%]
tests/test_september_feshbach.py::test_floating_spectral_checks_are_never_t1 PASSED [ 89%]
tests/test_september_feshbach.py::test_variational_sandwich_keeps_optimizer_orientation_for_both_signs PASSED [ 89%]
tests/test_september_feshbach.py::test_relative_margin_failure_does_not_imply_loss_of_positivity PASSED [ 89%]
tests/test_settlement.py::test_all_artifacts_present PASSED              [ 89%]
tests/test_settlement.py::test_manifest_matches_contents PASSED          [ 89%]
tests/test_settlement.py::test_transcript_source_sha_is_not_the_artifact_sha PASSED [ 89%]
tests/test_settlement.py::test_both_cold_runs_are_eight_of_eight PASSED  [ 89%]
tests/test_settlement.py::test_stranded_flux_verdict_is_recorded PASSED  [ 89%]
tests/test_settlement.py::test_scan_gap_is_recorded_not_silenced PASSED  [ 90%]
tests/test_settlement.py::test_hamer_form_is_not_covered_by_the_oracle_form PASSED [ 90%]
tests/test_settlement.py::test_engine_is_present_under_the_import_rename PASSED [ 90%]
tests/test_settlement.py::test_engine_clean_under_both_scan_lists PASSED [ 90%]
tests/test_settlement.py::test_extended_strings_actually_extend_the_harness_list PASSED [ 90%]
tests/test_settlement.py::test_engine_imports_are_stdlib_only PASSED     [ 90%]
tests/test_settlement.py::test_engine_closure_cap_is_the_shipped_value PASSED [ 90%]
tests/test_sixth_order.py::test_exact_control[G9 generates all 18 Hermitian sixth-order folded words] PASSED [ 90%]
tests/test_sixth_order.py::test_exact_control[G9 folded series satisfies exact invariant-subspace and metric equations] PASSED [ 90%]
tests/test_sixth_order.py::test_exact_control[G9 Hodge word reduction agrees with spatial Laurent operators] PASSED [ 90%]
tests/test_sixth_order.py::test_exact_control[G9 all 25 H4 mixing pairs reduce to RR minus projected RUR] PASSED [ 90%]
tests/test_sixth_order.py::test_exact_control[G9 local direct H6 cannot cancel the induced cubic-denominator shape] PASSED [ 90%]
tests/test_sixth_order.py::test_exact_control[G9 one-face SU3 sixth-order rooted coefficient from exact character dynamics] PASSED [ 90%]
tests/test_sixth_order.py::test_word_shapes_must_be_combined_before_membership_test PASSED [ 90%]
tests/test_sixth_order.py::test_unknown_direct_h6_is_not_silently_zero PASSED [ 90%]
tests/test_sixth_order.py::test_direct_h6_can_cancel_simple_pole_but_not_the_remaining_shapes PASSED [ 90%]
tests/test_sixth_order.py::test_single_face_energies_against_independent_18_word_matrix_assembly PASSED [ 90%]
tests/test_sixth_order.py::test_arbitrary_h5_and_carrier_preserving_h3_do_not_enter_lambda6 PASSED [ 90%]
tests/test_sixth_order.py::test_exact_reduction_refuses_float_weights PASSED [ 90%]
tests/test_source_current_bridges.py::test_actual_cometric_and_complete_operator_action PASSED [ 91%]
tests/test_source_current_bridges.py::test_exact_current_moments_require_the_fast_v_current PASSED [ 91%]
tests/test_source_current_bridges.py::test_joint_radial_budget_is_certified_in_rationals PASSED [ 91%]
tests/test_source_current_bridges.py::test_projection_and_coefficient_motion_are_retained PASSED [ 91%]
tests/test_source_current_bridges.py::test_variational_ingredient_allows_a_kernel_without_asserting_an_inverse PASSED [ 91%]
tests/test_source_current_bridges.py::test_a_small_exponential_family_can_miss_a_low_state PASSED [ 91%]
tests/test_source_current_bridges.py::test_normalized_source_requires_second_cumulant_difference PASSED [ 91%]
tests/test_stage3i.py::test_fixture_hash_is_the_kernels_stage3i_input PASSED [ 91%]
tests/test_stage3i.py::test_reassembly_reproduces_the_pinned_kernel PASSED [ 91%]
tests/test_stage3i.py::test_cluster_classes_of_the_rotation_record PASSED [ 91%]
tests/test_study_graph.py::test_an_absent_study_collection_is_empty PASSED [ 91%]
tests/test_study_graph.py::test_study_files_require_the_schema_and_preserve_authored_words PASSED [ 91%]
tests/test_study_graph.py::test_a_source_statement_stays_t3_even_if_its_claim_status_is_proven PASSED [ 91%]
tests/test_study_graph.py::test_study_metadata_cannot_promote_a_reading[tier-0] PASSED [ 91%]
tests/test_study_graph.py::test_study_metadata_cannot_promote_a_reading[kind-check] PASSED [ 91%]
tests/test_study_graph.py::test_study_metadata_cannot_promote_a_reading[evidence-analytic] PASSED [ 91%]
tests/test_study_graph.py::test_missing_source_locator_and_unindexed_paper_are_rejected PASSED [ 91%]
tests/test_study_graph.py::test_links_need_an_explanation_a_supported_type_and_a_resolving_target PASSED [ 91%]
tests/test_study_graph.py::test_duplicate_nodes_and_links_do_not_silently_collapse PASSED [ 91%]
tests/test_study_graph.py::test_study_relationships_enter_the_native_graph_with_their_locators PASSED [ 91%]
tests/test_study_graph.py::test_all_study_files_have_resolvable_located_sources PASSED [ 92%]
tests/test_symbolic_rank.py::test_field_arithmetic_and_specialisation PASSED [ 92%]
tests/test_symbolic_rank.py::test_symbolic_weingarten_is_the_numeric_inverse_at_every_rank PASSED [ 92%]
tests/test_symbolic_rank.py::test_casimirs_and_names PASSED              [ 92%]
tests/test_symbolic_rank.py::test_second_order_over_qn_is_the_all_rank_formula PASSED [ 92%]
tests/test_symbolic_rank.py::test_the_context_restores_the_engine_after_an_error PASSED [ 92%]
tests/test_symbolic_rank.py::test_state_label_reads_the_per_link_energies PASSED [ 92%]
tests/test_temporal_matching_algebra.py::TemporalMatchingAlgebra::test_anisotropic_prefactor PASSED [ 92%]
tests/test_temporal_matching_algebra.py::TemporalMatchingAlgebra::test_clock_cancels_every_fixed_casimir PASSED [ 92%]
tests/test_temporal_matching_algebra.py::TemporalMatchingAlgebra::test_clock_logarithm PASSED [ 92%]
tests/test_temporal_matching_algebra.py::TemporalMatchingAlgebra::test_clock_only_without_retuning_changes_u PASSED [ 92%]
tests/test_temporal_matching_algebra.py::TemporalMatchingAlgebra::test_gaussian_covariance PASSED [ 92%]
tests/test_temporal_matching_algebra.py::TemporalMatchingAlgebra::test_normalization_dictionary PASSED [ 92%]
tests/test_temporal_matching_algebra.py::TemporalMatchingAlgebra::test_relative_matching_margin PASSED [ 92%]
tests/test_temporal_matching_algebra.py::TemporalMatchingAlgebra::test_single_plaquette_seed_energy PASSED [ 92%]
tests/test_temporal_matching_algebra.py::TemporalMatchingAlgebra::test_symmetric_noncommuting_product_to_second_order PASSED [ 92%]
tests/test_theory_geometry_bridges.py::test_exact_bridge_controls[anisotropy_maximum] PASSED [ 92%]
tests/test_theory_geometry_bridges.py::test_exact_bridge_controls[hodge_secular_and_moments] PASSED [ 92%]
tests/test_theory_geometry_bridges.py::test_exact_bridge_controls[source_congruence] PASSED [ 92%]
tests/test_theory_geometry_bridges.py::test_exact_bridge_controls[scalar_source_parity] PASSED [ 92%]
tests/test_theory_geometry_bridges.py::test_exact_bridge_controls[riccati_default] PASSED [ 93%]
tests/test_theory_geometry_bridges.py::test_three_coordinate_bound_must_not_be_extended_to_four PASSED [ 93%]
tests/test_theory_geometry_bridges.py::test_zero_and_nodal_inputs_do_not_give_strict_energy_bounds PASSED [ 93%]
tests/test_theory_geometry_bridges.py::test_full_graph_and_exchange_are_necessary PASSED [ 93%]
tests/test_theory_sources.py::test_current_stack_present PASSED          [ 93%]
tests/test_theory_sources.py::test_superseded_documents_are_quarantined_not_deleted PASSED [ 93%]
tests/test_theory_sources.py::test_upstream_governance_is_present_and_separate PASSED [ 93%]
tests/test_theory_sources.py::test_v3_is_quarantined_because_upstream_says_so PASSED [ 93%]
tests/test_theory_sources.py::test_the_truncated_unified_v2_is_not_the_governing_document PASSED [ 93%]
tests/test_theory_sources.py::test_v4_3_register_extends_v3_without_retracting_anything PASSED [ 93%]
tests/test_theory_sources.py::test_documents_are_non_trivial PASSED      [ 93%]
tests/test_theory_sources.py::test_detailed_appendix_matches_the_canonical_a02_manifest_row PASSED [ 93%]
tests/test_theory_sources.py::test_manifest_matches_contents PASSED      [ 93%]
tests/test_track_a_formalization.py::test_received_track_a_sources_keep_their_exact_bytes PASSED [ 93%]
tests/test_track_a_formalization.py::test_abstract_track_a_proofs_do_not_close_the_wilson_realization PASSED [ 93%]
tests/test_triage.py::test_finds_files_already_pinned PASSED             [ 93%]
tests/test_triage.py::test_finds_duplicates_within_the_archive PASSED    [ 93%]
tests/test_triage.py::test_short_signatures_require_co_occurrence PASSED [ 93%]
tests/test_triage.py::test_detects_the_coupling_erratum PASSED           [ 93%]
tests/test_triage.py::test_superseded_hint_survives_underscores PASSED   [ 94%]
tests/test_triage.py::test_extracts_date_hint PASSED                     [ 94%]
tests/test_triage.py::test_scan_never_modifies_the_archive PASSED        [ 94%]
tests/test_triage.py::test_every_signature_is_specific_enough PASSED     [ 94%]
tests/test_triage.py::test_report_formats_without_error PASSED           [ 94%]
tests/test_universal_hodge_tetrahedral.py::test_spectrum_across_prisms PASSED [ 94%]
tests/test_universal_hodge_tetrahedral.py::test_reoriented_face_preserves_spectrum_but_changes_carrier_signs PASSED [ 94%]
tests/test_universal_hodge_tetrahedral.py::test_equal_perimeters_do_not_require_a_regular_polyhedron PASSED [ 94%]
tests/test_universal_hodge_tetrahedral.py::test_full_tetrahedral_commutant PASSED [ 94%]
tests/test_universal_hodge_tetrahedral.py::test_flux_enumeration_does_not_annihilate_face_states PASSED [ 94%]
tests/test_universal_hodge_tetrahedral.py::test_raw_retained_prefix_does_not_replace_the_projected_chain PASSED [ 94%]
tests/test_universal_hodge_tetrahedral.py::test_master_instances_and_polynomial_extension_at_zero PASSED [ 94%]
tests/test_universal_hodge_tetrahedral.py::test_master_uses_shifted_operator_not_total_laplacian PASSED [ 94%]
tests/test_wilson_activity_extraction.py::test_two_noncommuting_positive_models_reconstruct_all_induced_transfers PASSED [ 94%]
tests/test_wilson_activity_extraction.py::test_all_activities_are_hermitian_and_annihilate_both_local_vacuum_legs PASSED [ 94%]
tests/test_wilson_activity_extraction.py::test_component_factorization_cancels_disconnected_activities PASSED [ 94%]
tests/test_wilson_activity_extraction.py::test_root_block_recursion_does_not_reuse_partition_enumeration PASSED [ 94%]
tests/test_wilson_activity_extraction.py::test_noncontiguous_tensor_embedding_preserves_operator_order PASSED [ 94%]
tests/test_wilson_activity_extraction.py::test_partition_enumeration_has_no_duplicate_or_missing_partitions PASSED [ 94%]
tests/test_wilson_activity_extraction.py::test_vacuum_fixing_does_not_supply_the_missing_factorization_premise PASSED [ 94%]
tests/test_wilson_activity_extraction.py::test_zero_interaction_recovers_only_the_free_singleton_cumulants PASSED [ 95%]
tests/test_wilson_activity_extraction.py::test_inexact_parameters_and_invalid_positive_factor_domain_are_rejected PASSED [ 95%]
tests/test_wilson_activity_extraction.py::test_runner_retains_exact_scope_and_refuses_to_overwrite PASSED [ 95%]
tests/test_wilson_activity_extraction.py::test_runner_cannot_certify_with_assertions_disabled PASSED [ 95%]
tests/test_wilson_bundle_provenance.py::test_every_original_package_member_has_one_unchanged_destination[discrete_time_wilson_2026-09-04] PASSED [ 95%]
tests/test_wilson_bundle_provenance.py::test_every_original_package_member_has_one_unchanged_destination[excited_wilson_window_2026-09-04] PASSED [ 95%]
tests/test_wilson_bundle_provenance.py::test_both_packages_are_registered_against_existing_native_gaps PASSED [ 95%]
tests/test_wilson_chart_independent_oracle.py::test_noncommuting_two_level_trace_determinant_and_eigenvector_oracle[1] PASSED [ 95%]
tests/test_wilson_chart_independent_oracle.py::test_noncommuting_two_level_trace_determinant_and_eigenvector_oracle[4] PASSED [ 95%]
tests/test_wilson_chart_recursion.py::test_degree_two_matches_separate_specialized_implementation PASSED [ 95%]
tests/test_wilson_chart_recursion.py::test_single_face_matches_closed_two_by_two_spectral_formula_through_four PASSED [ 95%]
tests/test_wilson_chart_recursion.py::test_fourth_order_overlap_and_third_order_chain_anchor_all_coefficients PASSED [ 95%]
tests/test_wilson_chart_recursion.py::test_cubic_and_quartic_generators_are_block_independent PASSED [ 95%]
tests/test_wilson_chart_recursion.py::test_disconnected_cubic_and_quartic_coefficients_with_spectator PASSED [ 95%]
tests/test_wilson_chart_recursion.py::test_connected_cubic_coefficient_on_nonvacuum_spectators PASSED [ 95%]
tests/test_wilson_contour_trees.py::test_marked_tree_recursion_and_connected_majorant PASSED [ 95%]
tests/test_wilson_contour_trees.py::test_repeated_support_requires_the_root_mark PASSED [ 95%]
tests/test_wilson_creator_parent.py::test_parent_gap_and_unique_vacuum_have_independent_exact_certificates[0] PASSED [ 95%]
tests/test_wilson_creator_parent.py::test_parent_gap_and_unique_vacuum_have_independent_exact_certificates[1] PASSED [ 95%]
tests/test_wilson_creator_parent.py::test_parent_gap_and_unique_vacuum_have_independent_exact_certificates[2] PASSED [ 96%]
tests/test_wilson_creator_parent.py::test_parent_gap_and_unique_vacuum_have_independent_exact_certificates[3] PASSED [ 96%]
tests/test_wilson_creator_parent.py::test_parent_gap_and_unique_vacuum_have_independent_exact_certificates[4] PASSED [ 96%]
tests/test_wilson_creator_parent.py::test_parent_gap_and_unique_vacuum_have_independent_exact_certificates[5] PASSED [ 96%]
tests/test_wilson_creator_parent.py::test_rooted_ball_implies_the_stated_fixed_gap_in_a_multibody_overlap PASSED [ 96%]
tests/test_wilson_creator_parent.py::test_quadratic_term_is_essential_to_positivity_and_the_vacuum PASSED [ 96%]
tests/test_wilson_creator_parent.py::test_vector_valued_ternary_overlap_is_checked_without_scalar_collapse PASSED [ 96%]
tests/test_wilson_creator_parent.py::test_exact_gap_equality_is_allowed_without_artificial_strict_rank PASSED [ 96%]
tests/test_wilson_creator_parent.py::test_bounded_rooted_data_does_not_bound_the_global_similarity PASSED [ 96%]
tests/test_wilson_creator_parent.py::test_positive_diagonal_is_not_mistaken_for_psd[matrix0] PASSED [ 96%]
tests/test_wilson_creator_parent.py::test_positive_diagonal_is_not_mistaken_for_psd[matrix1] PASSED [ 96%]
tests/test_wilson_creator_parent.py::test_altered_certificate_factorization_is_rejected PASSED [ 96%]
tests/test_wilson_creator_parent.py::test_replay_recomputes_gap_instead_of_trusting_its_label PASSED [ 96%]
tests/test_wilson_creator_parent.py::test_float_coefficients_are_not_silently_recast_as_exact_input PASSED [ 96%]
tests/test_wilson_creator_parent.py::test_a_creator_cannot_carry_a_vacuum_component PASSED [ 96%]
tests/test_wilson_creator_parent.py::test_runner_refuses_to_overwrite_existing_evidence PASSED [ 96%]
tests/test_wilson_creator_parent.py::test_runner_refuses_disabled_assertions PASSED [ 96%]
tests/test_wilson_creator_parent.py::test_runner_records_scoped_native_checks_and_independent_certificates PASSED [ 96%]
tests/test_wilson_creator_velocity.py::test_exact_entangled_and_complex_paths_check_every_map_column PASSED [ 96%]
tests/test_wilson_creator_velocity.py::test_support_inverse_is_independent_of_tensor_matrix_construction PASSED [ 96%]
tests/test_wilson_creator_velocity.py::test_tensor_exponential_is_independent_of_support_convolution PASSED [ 97%]
tests/test_wilson_creator_velocity.py::test_local_creator_keeps_excited_spectators_and_entanglement PASSED [ 97%]
tests/test_wilson_creator_velocity.py::test_complex_linear_substitution_fails_the_true_conjugate_linear_equation PASSED [ 97%]
tests/test_wilson_creator_velocity.py::test_global_inverse_respects_disjoint_component_factorization PASSED [ 97%]
tests/test_wilson_creator_velocity.py::test_neumann_remainder_is_nonzero_and_rigorously_bounded PASSED [ 97%]
tests/test_wilson_creator_velocity.py::test_rooted_column_anchor_bound_handles_changed_roots_and_complex_inputs PASSED [ 97%]
tests/test_wilson_creator_velocity.py::test_invalid_local_dimensions_are_rejected[dimensions0] PASSED [ 97%]
tests/test_wilson_creator_velocity.py::test_invalid_local_dimensions_are_rejected[dimensions1] PASSED [ 97%]
tests/test_wilson_creator_velocity.py::test_invalid_local_dimensions_are_rejected[dimensions2] PASSED [ 97%]
tests/test_wilson_creator_velocity.py::test_empty_support_inexact_coefficients_and_invalid_basis_are_rejected PASSED [ 97%]
tests/test_wilson_creator_velocity.py::test_large_creator_can_make_the_real_linear_inverse_singular PASSED [ 97%]
tests/test_wilson_creator_velocity.py::test_noncommuting_contour_keeps_order_and_connected_partition_subtraction PASSED [ 97%]
tests/test_wilson_creator_velocity.py::test_scalar_bounds_retain_the_analytic_premises PASSED [ 97%]
tests/test_wilson_creator_velocity.py::test_runner_records_finite_scope_and_refuses_overwrite PASSED [ 97%]
tests/test_wilson_creator_velocity.py::test_runner_cannot_certify_with_assertions_disabled PASSED [ 97%]
tests/test_wilson_physical_band.py::test_rotated_source_map_has_a_two_sided_inverse_and_exact_gram_certificates PASSED [ 97%]
tests/test_wilson_physical_band.py::test_psd_certificate_rejects_negative_and_nonsymmetric_matrices PASSED [ 97%]
tests/test_wilson_physical_band.py::test_tagged_gram_has_real_overlap_and_zero_disjoint_cross_terms PASSED [ 97%]
tests/test_wilson_physical_band.py::test_dropping_termwise_centering_breaks_the_gram_bound PASSED [ 97%]
tests/test_wilson_physical_band.py::test_activity_exhaustion_has_nonzero_tails_and_a_surviving_disjoint_product PASSED [ 98%]
tests/test_wilson_physical_band.py::test_direct_family_enumeration_does_not_allow_overlapping_activities PASSED [ 98%]
tests/test_wilson_physical_band.py::test_frame_margins_and_completeness_counterexamples PASSED [ 98%]
tests/test_wilson_physical_band.py::test_native_suite_registers_exactly_five_finitely_scoped_checks PASSED [ 98%]
tests/test_wilson_physical_band.py::test_runner_preserves_scope_and_refuses_overwrite PASSED [ 98%]
tests/test_wilson_physical_band.py::test_runner_rejects_optimized_python PASSED [ 98%]
tests/test_wilson_vacuum_chart.py::test_first_order_chart_fails_and_quadratic_chart_cancels_exactly PASSED [ 98%]
tests/test_wilson_vacuum_chart.py::test_both_generators_are_independent_of_positive_block_power[1] PASSED [ 98%]
tests/test_wilson_vacuum_chart.py::test_both_generators_are_independent_of_positive_block_power[3] PASSED [ 98%]
tests/test_wilson_vacuum_chart.py::test_both_generators_are_independent_of_positive_block_power[5] PASSED [ 98%]
tests/test_wilson_vacuum_chart.py::test_overlapping_four_link_faces_have_anchored_second_coefficients[1] PASSED [ 98%]
tests/test_wilson_vacuum_chart.py::test_overlapping_four_link_faces_have_anchored_second_coefficients[2] PASSED [ 98%]
tests/test_wilson_vacuum_chart.py::test_quadratic_generator_for_overlapping_faces_is_the_same_at_two_blocks PASSED [ 98%]
tests/test_wilson_vacuum_chart.py::test_disjoint_coefficient_is_product_of_anchored_first_coefficients PASSED [ 98%]
tests/test_wilson_vacuum_chart.py::test_local_chart_keeps_spectator_factors_in_every_operator_entry PASSED [ 98%]
tests/test_wilson_vacuum_chart.py::test_three_potentials_reconstruct_all_degree_two_connected_components PASSED [ 98%]
tests/test_wilson_vacuum_chart.py::test_support_maxima_and_rational_full_operator_constant PASSED [ 98%]
tests/test_wilson_vacuum_chart.py::test_noncentered_or_wrong_kinetic_inputs_reject PASSED [ 98%]
tests/test_wilson_vacuum_compression.py::test_second_rotation_changes_only_the_vacuum_offdiagonal_blocks PASSED [ 98%]
tests/test_wilson_vacuum_compression.py::test_first_rotation_preserves_the_excited_compression_of_raw_transfer PASSED [ 98%]
tests/test_wilson_vacuum_compression.py::test_perron_compression_factor_is_sharp_for_general_positive_families PASSED [ 99%]
tests/test_workspace_status.py::InspectionTests::test_clean_requires_complete_consistent_inspection PASSED [ 99%]
tests/test_workspace_status.py::InspectionTests::test_failed_status_keeps_error_and_unknown_status PASSED [ 99%]
tests/test_workspace_status.py::InspectionTests::test_head_change_makes_inspection_inconsistent PASSED [ 99%]
tests/test_workspace_status.py::InspectionTests::test_permission_warning_preserves_positive_partial_observations PASSED [ 99%]
tests/test_workspace_status.py::InspectionTests::test_permission_warning_with_no_paths_does_not_establish_clean PASSED [ 99%]
tests/test_workspace_status.py::PorcelainTests::test_malformed_rename_cannot_be_accepted_as_complete 
tests/test_workspace_status.py::PorcelainTests::test_malformed_rename_cannot_be_accepted_as_complete PASSED [ 99%]
tests/test_workspace_status.py::PorcelainTests::test_rename_source_is_not_counted_as_an_additional_path PASSED [ 99%]
tests/test_workspace_status.py::PorcelainTests::test_worktree_names_with_spaces_and_newlines_are_preserved PASSED [ 99%]
tests/test_workspace_status.py::SnapshotBoundaryTests::test_existing_evidence_is_never_overwritten PASSED [ 99%]
tests/test_workspace_status.py::SnapshotBoundaryTests::test_outside_and_traversal_paths_are_rejected 
tests/test_workspace_status.py::SnapshotBoundaryTests::test_outside_and_traversal_paths_are_rejected PASSED [ 99%]
tests/test_workspace_status.py::SnapshotBoundaryTests::test_reparse_point_in_output_ancestry_is_rejected PASSED [ 99%]
tests/test_workspace_status.py::SnapshotBoundaryTests::test_standalone_checkout_is_discovered_without_workspace_configuration PASSED [ 99%]
tests/test_workspace_status.py::SnapshotBoundaryTests::test_windows_alternate_stream_targets_are_rejected_without_opening_them 
tests/test_workspace_status.py::SnapshotBoundaryTests::test_windows_alternate_stream_targets_are_rejected_without_opening_them PASSED [ 99%]
tests/test_workspace_status.py::SnapshotBoundaryTests::test_windows_drive_relative_output_paths_are_rejected 
tests/test_workspace_status.py::SnapshotBoundaryTests::test_windows_drive_relative_output_paths_are_rejected PASSED [ 99%]
tests/test_yangmills_sources.py::test_every_seed_reference_and_bundled_work_is_represented PASSED [ 99%]
tests/test_yangmills_sources.py::test_acquisition_is_not_silently_equated_with_a_complete_reading PASSED [ 99%]
tests/test_yangmills_sources.py::test_local_reading_copies_match_their_recorded_versions_when_present PASSED [ 99%]
tests/test_yangmills_sources.py::test_methodological_nodes_keep_the_physical_operator_and_limit_obligations PASSED [ 99%]
tests/test_yangmills_sources.py::test_page_extraction_accounts_for_every_source_and_page_without_inventing_fulltext PASSED [100%]

============================ slowest 20 durations =============================
20.67s call     tests/test_loopcalc.py::test_rank_generic_second_order_matches_the_all_rank_formulas
17.99s call     tests/test_literal_coarse_sources.py::test_fresh_runner_read_only_replay_and_corruptions
11.57s call     tests/test_endpoint_window.py::test_selected_runner_cold_replay_overwrite_and_optimization
11.08s call     tests/test_provenance.py::test_every_target_resolves_and_the_graph_carries_the_edges
10.95s setup    tests/test_results.py::test_curated_result_edges_are_exact_and_all_endpoints_resolve
10.89s call     tests/test_recent_document_routes.py::test_review_and_formal_source_links_are_curated_without_tier_promotion
10.44s call     tests/test_continuum_wilson_block.py::test_native_suite_checks_all_six_scoped_controls
9.51s call     tests/test_chain_channels.py::test_coplanar_chain_decomposes_into_74_channels_summing_to_x_quantum
9.01s call     tests/test_portability.py::test_the_corpus_really_is_not_cp1252_decodable
6.75s call     tests/test_search.py::test_catalogue_files_are_current
6.19s call     tests/test_recent_document_routes.py::test_september_document_coverage_has_native_nodes
5.07s call     tests/test_study_graph.py::test_study_relationships_enter_the_native_graph_with_their_locators
5.01s call     tests/test_graph.py::test_building_twice_is_byte_identical
4.94s call     tests/test_results.py::test_unknown_result_reference_is_dangling_not_an_invented_node
4.31s call     tests/test_certified.py::test_the_reproduction_commands_actually_reproduce
4.24s call     tests/test_wilson_creator_parent.py::test_runner_records_scoped_native_checks_and_independent_certificates
3.93s call     tests/test_wilson_activity_extraction.py::test_runner_retains_exact_scope_and_refuses_to_overwrite
3.86s call     tests/test_literal_coarse_sources.py::test_seven_native_checks_have_finite_scopes
3.49s call     tests/test_frontier.py::test_the_brief_names_the_open_contradiction_by_id
3.31s call     tests/test_loopcalc.py::test_pair_element_is_zero_on_a_disjoint_pair_and_refuses_su3
======= 1953 passed, 4 skipped, 11 subtests passed in 313.49s (0:05:13) =======
