volume,tier,category,year,title,authors,publication_status,journal_reference,doi,arxiv_id,arxiv_version,primary_arxiv_category,citation_count,citation_count_without_self_citations,citation_source,citation_note,citation_as_of,inspire_recid,discovery_path,workhouse_connection,landing_url,pdf_url,local_file,downloaded,pages,sha256,published,updated,abstract
2,core,hamiltonian_quantum,2024,From square plaquettes to triamond lattices for SU(2) gauge theory,Ali H. Z. Kavaki; Randy Lewis,journal/proceedings record,"Commun Phys 7, 208 (2024)",10.1038/s42005-024-01697-4,2401.14570,2401.14570v2,hep-lat,72,68,INSPIRE,,2026-08-21,2751829,citation graph: Bauer et al. 2023,alternative lattice geometries for SU(2) Hamiltonian gauge theory,https://arxiv.org/abs/2401.14570v2,https://arxiv.org/pdf/2401.14570v2,papers/core_cited_and_canonical/07_hamiltonian_and_gauge_invariant_formulations/2024_Kavaki_2401.14570.pdf,True,14,670d9b3d6bb37d5eec4f4f57a5af2a7b578d4b80cdbf19911cbaf90d1938236f,2024-01-25,2024-06-28,"Lattice gauge theory should be able to address significant new scientific questions when implemented on quantum computers. In practice, error-mitigation techniques have already allowed encouraging progress on small lattices. In this work we focus on a truncated version of SU(2) gauge theory, which is a familiar non-Abelian step toward quantum chromodynamics. First, we demonstrate effective error mitigation for imaginary time evolution on a lattice having two square plaquettes, obtaining the ground state using an IBM quantum computer and observing that this would have been impossible without error mitigation. Then we propose the triamond lattice as an expedient approach to lattice gauge theories in three spatial dimensions and we derive the Hamiltonian. Finally, error-mitigated imaginary time evolution is applied to the three-dimensional triamond unit cell, and its ground state is obtained from an IBM quantum computer. Future work will want to relax the truncation on the gauge fields, and the triamond lattice is increasingly valuable for such studies."
2,core,hamiltonian_quantum,2024,Tensor Networks for Lattice Gauge Theories beyond one dimension: a Roadmap,Giuseppe Magnifico; Giovanni Cataldi; Marco Rigobello; Peter Majcen; Daniel Jaschke; Pietro Silvi; Simone Montangero,journal/proceedings record,"Communications Physics \textbf{8}, 322 (2025)",10.1038/s42005-025-02125-x,2407.03058,2407.03058v1,hep-lat,55,51,INSPIRE,,2026-08-21,2804212,citation graph: Bauer et al. 2023,tensor-network roadmap for lattice gauge theories beyond one spatial dimension,https://arxiv.org/abs/2407.03058v1,https://arxiv.org/pdf/2407.03058v1,papers/core_cited_and_canonical/07_hamiltonian_and_gauge_invariant_formulations/2024_Magnifico_2407.03058.pdf,True,19,9bc1408e0649ef900c73e6231a42f05f7d8c296b8f0edf7fdb9e3e068b359675,2024-07-03,2024-07-03,"Tensor network methods are a class of numerical tools and algorithms to study many-body quantum systems in and out of equilibrium, based on tailored variational wave functions. They have found significant applications in simulating lattice gauge theories approaching relevant problems in high-energy physics. Compared to Monte Carlo methods, they do not suffer from the sign problem, allowing them to explore challenging regimes such as finite chemical potentials and real-time dynamics. Further development is required to tackle fundamental challenges, such as accessing continuum limits or computations of large-scale quantum chromodynamics. In this work, we review the state-of-the-art of Tensor Network methods and discuss a possible roadmap for algorithmic development and strategies to enhance their capabilities and extend their applicability to open high-energy problems. We provide tailored estimates of the theoretical and computational resource scaling for attacking large-scale lattice gauge theories."
2,core,hamiltonian_quantum,2023,$q$ deformed formulation of Hamiltonian SU(3) Yang-Mills theory,Tomoya Hayata; Yoshimasa Hidaka,journal/proceedings record,JHEP 09 (2023) 123,10.1007/JHEP09(2023)123,2306.12324,2306.12324v2,hep-lat,40,32,INSPIRE,,2026-08-21,2670446,citation graph: Bauer et al. 2023,q-deformed Hamiltonian formulation of SU(3) Yang-Mills theory,https://arxiv.org/abs/2306.12324v2,https://arxiv.org/pdf/2306.12324v2,papers/core_cited_and_canonical/07_hamiltonian_and_gauge_invariant_formulations/2023_Hayata_2306.12324.pdf,True,25,e2e122e7dfce599c3c9ca56bab2ed81c0dad6477666b160a7d183199e46aea27,2023-06-21,2023-09-19,"We study $\mathrm{SU}(3)$ Yang-Mills theory in $(2+1)$ dimensions based on networks of Wilson lines. With the help of the $q$ deformation, networks respect the (discretized) $\mathrm{SU}(3)$ gauge symmetry as a quantum group, i.e., $\mathrm{SU}(3)_k$, and may enable implementations of $\mathrm{SU}(3)$ Yang-Mills theory in quantum and classical algorithms by referring to those of the stringnet model. As a demonstration, we perform a mean-field computation of the groundstate of $\mathrm{SU}(3)_k$ Yang-Mills theory, which is in good agreement with the conventional Monte Carlo simulation by taking sufficiently large $k$. The variational ansatz of the mean-field computation can be represented by the tensor networks called infinite projected entangled pair states. The success of the mean-field computation indicates that the essential features of Yang-Mills theory are well described by tensor networks, so that they may be useful in numerical simulations of Yang-Mills theory."
2,core,hamiltonian_quantum,2023,A new basis for Hamiltonian SU(2) simulations,Christian W. Bauer; Irian D'Andrea; Marat Freytsis; Dorota M. Grabowska,journal/proceedings record,Phys.Rev.D 109 (2024) 074501,10.1103/PhysRevD.109.074501,2307.11829,2307.11829v1,hep-ph,79,64,INSPIRE,,2026-08-21,2679738,citation graph: Kogut-Susskind 1975; Bauer et al. 2023,"Fast-cited modern basis for Hamiltonian SU(2), designed for controlled continuum extrapolation",https://arxiv.org/abs/2307.11829v1,https://arxiv.org/pdf/2307.11829v1,papers/core_cited_and_canonical/07_hamiltonian_and_gauge_invariant_formulations/2023_Bauer_2307.11829.pdf,True,30,c93267c0a926e9d3031524378a1f82033a5c187fb9d0295a274815955e6d1ef1,2023-07-21,2023-07-21,"Due to rapidly improving quantum computing hardware, Hamiltonian simulations of relativistic lattice field theories have seen a resurgence of attention. This computational tool requires turning the formally infinite-dimensional Hilbert space of the full theory into a finite-dimensional one. For gauge theories, a widely-used basis for the Hilbert space relies on the representations induced by the underlying gauge group, with a truncation that keeps only a set of the lowest dimensional representations. This works well at large bare gauge coupling, but becomes less efficient at small coupling, which is required for the continuum limit of the lattice theory. In this work, we develop a new basis suitable for the simulation of an SU(2) lattice gauge theory in the maximal tree gauge. In particular, we show how to perform a Hamiltonian truncation so that the eigenvalues of both the magnetic and electric gauge-fixed Hamiltonian are mostly preserved, which allows for this basis to be used at all values of the coupling. Little prior knowledge is assumed, so this may also be used as an introduction to the subject of Hamiltonian formulations of lattice gauge theories."
2,core,hamiltonian_quantum,2023,Quantum and classical spin network algorithms for $q$-deformed Kogut-Susskind gauge theories,Torsten V. Zache; Daniel González-Cuadra; Peter Zoller,journal/proceedings record,"Phys. Rev. Lett. 131, 171902 (2023)",10.1103/PhysRevLett.131.171902,2304.02527,2304.02527v2,quant-ph,91,85,INSPIRE,,2026-08-21,2649260,citation graph: Bauer et al. 2023,q-deformed Kogut-Susskind Hamiltonians and finite-resource spin-network algorithms,https://arxiv.org/abs/2304.02527v2,https://arxiv.org/pdf/2304.02527v2,papers/core_cited_and_canonical/07_hamiltonian_and_gauge_invariant_formulations/2023_Zache_2304.02527.pdf,True,12,8f3b2dc8a1f218f0d87ff568a406f00b25811c12287627d356d377b3dff7e126,2023-04-05,2023-05-06,"Treating the infinite-dimensional Hilbert space of non-abelian gauge theories is an outstanding challenge for classical and quantum simulations. Here, we introduce $q$-deformed Kogut-Susskind lattice gauge theories, obtained by deforming the defining symmetry algebra to a quantum group. In contrast to other formulations, our proposal simultaneously provides a controlled regularization of the infinite-dimensional local Hilbert space while preserving essential symmetry-related properties. This enables the development of both quantum as well as quantum-inspired classical Spin Network Algorithms for $q$-deformed gauge theories (SNAQs). To be explicit, we focus on SU(2)$_k$ gauge theories, that are controlled by the deformation parameter $k$ and converge to the standard SU(2) Kogut-Susskind model as $k \rightarrow \infty$. In particular, we demonstrate that this formulation is well suited for efficient tensor network representations by variational ground-state simulations in 2D, providing first evidence that the continuum limit can be reached with $k = \mathcal{O}(10)$. Finally, we develop a scalable quantum algorithm for Trotterized real-time evolution by analytically diagonalizing the SU(2)$_k$ plaquette interactions. Our work gives a new perspective for the application of tensor network methods to high-energy physics and paves the way for quantum simulations of non-abelian gauge theories far from equilibrium where no other methods are currently available."
2,core,hamiltonian_quantum,2023,Simple Hamiltonian for Quantum Simulation of Strongly Coupled 2+1D SU(2) Lattice Gauge Theory on a Honeycomb Lattice,Berndt Müller; Xiaojun Yao,journal/proceedings record,"Phys.Rev.D 108, 094505 (2023)",10.1103/PhysRevD.108.094505,2307.00045,2307.00045v2,quant-ph,41,27,INSPIRE,,2026-08-21,2673854,citation graph: Bauer et al. 2023,strong-coupling honeycomb Hamiltonian for 2+1D SU(2) Yang-Mills,https://arxiv.org/abs/2307.00045v2,https://arxiv.org/pdf/2307.00045v2,papers/core_cited_and_canonical/07_hamiltonian_and_gauge_invariant_formulations/2023_Muller_2307.00045.pdf,True,18,62512ccbfca0379dbaf7a6616dfd455721c06f7e498dd19771b0d4f3f8cba57c,2023-06-30,2023-11-13,"We find a simple spin Hamiltonian to describe physical states of $2+1$ dimensional SU(2) lattice gauge theory on a honeycomb lattice with a truncation of the electric field representation at $j_{\rm max}=\frac{1}{2}$. The simple spin Hamiltonian only contains local products of Pauli matrices, even though Gauss's law has been completely integrated out."
2,core,hamiltonian_quantum,2023,Spin exchange-enabled quantum simulator for large-scale non-Abelian gauge theories,Jad C. Halimeh; Lukas Homeier; Annabelle Bohrdt; Fabian Grusdt,journal/proceedings record,"PRX Quantum 5, 030358 (2024)",10.1103/PRXQuantum.5.030358,2305.06373,2305.06373v3,cond-mat.quant-gas,34,25,INSPIRE,,2026-08-21,2658877,citation graph: Bauer et al. 2023,spin-exchange quantum simulator for scalable non-Abelian gauge dynamics,https://arxiv.org/abs/2305.06373v3,https://arxiv.org/pdf/2305.06373v3,papers/core_cited_and_canonical/07_hamiltonian_and_gauge_invariant_formulations/2023_Halimeh_2305.06373.pdf,True,16,5557a99fd538d301d7fecef9d3eaea636e17cabd2889a9d6c9362e4fc85ec4af,2023-05-10,2024-10-07,"A central requirement for the faithful implementation of large-scale lattice gauge theories (LGTs) on quantum simulators is the protection of the underlying gauge symmetry. Recent advancements in the experimental realizations of large-scale LGTs have been impressive, albeit mostly restricted to Abelian gauge groups. Guided by this requirement for gauge protection, we propose an experimentally feasible approach to implement large-scale non-Abelian $\mathrm{SU}(N)$ and $\mathrm{U}(N)$ LGTs with dynamical matter in $d+1$D, enabled by two-body spin-exchange interactions realizing local emergent gauge-symmetry stabilizer terms. We present two concrete proposals for $2+1$D $\mathrm{SU}(2)$ and $\mathrm{U}(2)$ LGTs, including dynamical bosonic matter and induced plaquette terms, that can be readily implemented in current ultracold-molecule and next-generation ultracold-atom platforms. We provide numerical benchmarks showcasing experimentally accessible dynamics, and demonstrate the stability of the underlying non-Abelian gauge invariance. We develop a method to obtain the effective gauge-invariant model featuring the relevant magnetic plaquette and minimal gauge-matter coupling terms. Our approach paves the way towards near-term realizations of large-scale non-Abelian quantum link models in analog quantum simulators."
2,core,hamiltonian_quantum,2023,String-net formulation of Hamiltonian lattice Yang-Mills theories and quantum many-body scars in a nonabelian gauge theory,Tomoya Hayata; Yoshimasa Hidaka,journal/proceedings record,JHEP 09 (2023) 126,10.1007/JHEP09(2023)126,2305.05950,2305.05950v2,hep-lat,36,28,INSPIRE,,2026-08-21,2658383,citation graph: Bauer et al. 2023,Hamiltonian lattice Yang-Mills string-net structure and non-Abelian scars,https://arxiv.org/abs/2305.05950v2,https://arxiv.org/pdf/2305.05950v2,papers/core_cited_and_canonical/07_hamiltonian_and_gauge_invariant_formulations/2023_Hayata_2305.05950.pdf,True,25,acd634179f89297db74c4a50cb9b6779ee393dd6fc268b3ab53529814b10a46f,2023-05-10,2023-09-19,"We study the Hamiltonian lattice Yang-Mills theory based on spin networks that provide a useful basis to represent the physical states satisfying the Gauss law constraints. We focus on $\mathrm{SU}(2)$ Yang-Mills theory in $(2+1)$ dimensions. Following the string-net model, we introduce a regularization of the Kogut-Susskind Hamiltonian of lattice Yang-Mills theory based on the $q$ deformation, which respects the (discretized) $\mathrm{SU}(2)$ gauge symmetry as quantum group, i.e., $\mathrm{SU}(2)_k$, and enables implementation of the lattice Yang-Mills theory both in classical and quantum algorithms by referring to those of the string-net model. Using the regularized Hamiltonian, we study quantum scars in a nonabelian gauge theory. Quantum scars are nonthermal energy eigenstates arising in the constrained quantum many-body systems. We find that quantum scars from zero modes, which have been found in abelian gauge theories arise even in a nonabelian gauge theory. We also show the spectrum of a single-plaquette model for SU(2)$_k$ and SU(3)$_k$ with naive cutoff and that based on the $q$-deformation to discuss cutoff dependence of the formulation."
2,core,hamiltonian_quantum,2023,SU(2) Gauge Theory in $2+1$ Dimensions on a Plaquette Chain Obeys the Eigenstate Thermalization Hypothesis,Xiaojun Yao,journal/proceedings record,"Phys. Rev. D 108, L031504 (2023)",10.1103/PhysRevD.108.L031504,2303.14264,2303.14264v3,hep-lat,48,32,INSPIRE,,2026-08-21,2646074,citation graph: Bauer et al. 2023,eigenstate thermalization and Wilson-loop matrix elements in a 2+1D SU(2) plaquette-chain Hamiltonian,https://arxiv.org/abs/2303.14264v3,https://arxiv.org/pdf/2303.14264v3,papers/core_cited_and_canonical/07_hamiltonian_and_gauge_invariant_formulations/2023_Yao_2303.14264.pdf,True,13,46a82cca06e602f81f341856b05d7477d0d595f832d6e55ee87dd2e5fffa9c8d,2023-03-24,2023-08-18,"We test the eigenstate thermalization hypothesis (ETH) for 2+1 dimensional SU(2) lattice gauge theory. By considering the theory on a chain of plaquettes and truncating basis states for link variables at $j=1/2$, we can map it onto a quantum spin chain with local interactions and numerically exactly diagonalize the Hamiltonian for reasonably large lattice sizes. We find energy level repulsion in momentum sectors with no remaining discrete symmetry. We study two local observables made up of Wilson loops and calculate their matrix elements in the energy eigenbasis, which are shown consistent with the ETH."
2,core,hamiltonian_quantum,2022,Gauge Theory Couplings on Anisotropic Lattices,Marcela Carena; Erik J. Gustafson; Henry Lamm; Ying-Ying Li; Wanqiang Liu,journal/proceedings record,Phys.Rev.D 106 (2022) 114504,10.1103/PhysRevD.106.114504,2208.10417,2208.10417v1,hep-lat,35,21,INSPIRE,,2026-08-21,2140103,citation graph: Kogut-Susskind 1975; Bauer et al. 2023,anisotropic SU(N) gauge couplings matched toward the Hamiltonian limit,https://arxiv.org/abs/2208.10417v1,https://arxiv.org/pdf/2208.10417v1,papers/core_cited_and_canonical/07_hamiltonian_and_gauge_invariant_formulations/2022_Carena_2208.10417.pdf,True,14,e312f1d8d50f239979999bf745ec2a58949c272915763b30d49e934a707cc0fe,2022-08-22,2022-08-22,"The advantage of simulating lattice field theory with quantum computers is hamstrung by the limited resources that induce large errors from finite volume and sizable lattice spacings. Previous work has shown how classical simulations near the Hamiltonian limit can be used for setting the lattice spacings in real-time through analytical continuation, thereby reducing errors in quantum simulations. In this work, we derive perturbative relations between bare and renormalized quantities in Euclidean spacetime at any anisotropy factor -- the ratio of spatial to temporal lattice spacings -- and in any spatial dimension for $U(N)$ and $SU(N)$. This reduces the required classical preprocessing for quantum simulations. We find less than $10\%$ discrepancy between our perturbative results and those from existing nonperturbative determinations of the anisotropy for $SU(2)$ and $U(1)$ gauge theories. For the discrete groups $\mathbb{Z}_{10}$, $\mathbb{Z}_{100}$ and $\mathbb{BI}$, we perform lattice Monte Carlo simulations to extract anisotropy factors and observe similar agreement with our perturbative results."
2,core,hamiltonian_quantum,2022,General quantum algorithms for Hamiltonian simulation with applications to a non-Abelian lattice gauge theory,Zohreh Davoudi; Alexander F. Shaw; Jesse R. Stryker,journal/proceedings record,"Quantum 7, 1213 (2023)",10.22331/q-2023-12-20-1213,2212.14030,2212.14030v3,hep-lat,86,71,INSPIRE,,2026-08-21,2618622,citation graph: Bauer et al. 2023,general non-Abelian Hamiltonian algorithms using gauge-invariant variables,https://arxiv.org/abs/2212.14030v3,https://arxiv.org/pdf/2212.14030v3,papers/core_cited_and_canonical/07_hamiltonian_and_gauge_invariant_formulations/2022_Davoudi_2212.14030.pdf,True,73,d0eb19f356ac60a6808811b558c116de1790b5f8ad492f749131390f08e72ce0,2022-12-28,2023-12-14,"With a focus on universal quantum computing for quantum simulation, and through the example of lattice gauge theories, we introduce rather general quantum algorithms that can efficiently simulate certain classes of interactions consisting of correlated changes in multiple (bosonic and fermionic) quantum numbers with non-trivial functional coefficients. In particular, we analyze diagonalization of Hamiltonian terms using a singular-value decomposition technique, and discuss how the achieved diagonal unitaries in the digitized time-evolution operator can be implemented. The lattice gauge theory studied is the SU(2) gauge theory in 1+1 dimensions coupled to one flavor of staggered fermions, for which a complete quantum-resource analysis within different computational models is presented. The algorithms are shown to be applicable to higher-dimensional theories as well as to other Abelian and non-Abelian gauge theories. The example chosen further demonstrates the importance of adopting efficient theoretical formulations: it is shown that an explicitly gauge-invariant formulation using loop, string, and hadron degrees of freedom simplifies the algorithms and lowers the cost compared with the standard formulations based on angular-momentum as well as the Schwinger-boson degrees of freedom. The loop-string-hadron formulation further retains the non-Abelian gauge symmetry despite the inexactness of the digitized simulation, without the need for costly controlled operations. Such theoretical and algorithmic considerations are likely to be essential in quantumly simulating other complex theories of relevance to nature."
2,core,hamiltonian_quantum,2022,Self-mitigating Trotter circuits for SU(2) lattice gauge theory on a quantum computer,Sarmed A Rahman; Randy Lewis; Emanuele Mendicelli; Sarah Powell,journal/proceedings record,"Phys. Rev. D 106, 074502 (2022)",10.1103/PhysRevD.106.074502,2205.09247,2205.09247v2,hep-lat,142,127,INSPIRE,,2026-08-21,2085175,citation graph: Bauer et al. 2023,self-mitigating real-time circuits for SU(2) Hamiltonian lattice gauge theory,https://arxiv.org/abs/2205.09247v2,https://arxiv.org/pdf/2205.09247v2,papers/core_cited_and_canonical/07_hamiltonian_and_gauge_invariant_formulations/2022_Rahman_2205.09247.pdf,True,12,00ce14fe7cf2fb33a82b440b575b0e11a064fb333af801f99464e5d31f43e02b,2022-05-18,2022-10-14,"Quantum computers offer the possibility to implement lattice gauge theory in Minkowski rather than Euclidean spacetime, thus allowing calculations of processes that evolve in real time. In this work, calculations within SU(2) pure gauge theory are able to show the motion of an excitation traveling across a spatial lattice in real time. This is accomplished by using a simple yet powerful method for error mitigation, where the original circuit is used both forward and backward in time. For a two-plaquette lattice, meaningful results are obtained from a circuit containing hundreds of CNOT gates. The same method is used for a five-plaquette lattice, where calculations show that residual systematic effects can be reduced through follow-up mitigation."
2,core,rigorous_lgt,2022,Stochastic quantisation of Yang-Mills-Higgs in 3D,Ajay Chandra; Ilya Chevyrev; Martin Hairer; Hao Shen,journal/proceedings record,"Inventiones mathematicae, vol. 237, 541-696 (2024)",10.1007/s00222-024-01264-2,2201.03487,2201.03487v2,math.PR,50,37,INSPIRE,,2026-08-21,2007387,citation graph: Shen-Zhu-Zhu 2023,stochastic quantization and continuum control for three-dimensional Yang-Mills-Higgs,https://arxiv.org/abs/2201.03487v2,https://arxiv.org/pdf/2201.03487v2,papers/core_cited_and_canonical/04_rigorous_lattice_yang_mills/2022_Chandra_2201.03487.pdf,True,159,f4d0c5ca1ff734e8554cfd949b5d0483ef7c876461631085a499827f15e7701b,2022-01-10,2024-04-15,"We define a state space and a Markov process associated to the stochastic quantisation equation of Yang-Mills-Higgs (YMH) theories. The state space $\mathcal{S}$ is a nonlinear metric space of distributions, elements of which can be used as initial conditions for the (deterministic and stochastic) YMH flow with good continuity properties. Using gauge covariance of the deterministic YMH flow, we extend gauge equivalence $\sim$ to $\mathcal{S}$ and thus define a quotient space of ""gauge orbits"" $\mathfrak{O}$. We use the theory of regularity structures to prove local in time solutions to the renormalised stochastic YMH flow. Moreover, by leveraging symmetry arguments in the small noise limit, we show that there is a unique choice of renormalisation counterterms such that these solutions are gauge covariant in law. This allows us to define a canonical Markov process on $\mathfrak{O}$ (up to a potential finite time blow-up) associated to the stochastic YMH flow."
2,core,rigorous_lgt,2021,Decay of correlations in finite Abelian lattice gauge theories,Malin Palö Forsström,journal/proceedings record,Commun.Math.Phys. 393 (2022) 1311,10.1007/s00220-022-04391-0,2104.03752,2104.03752v1,math.PR,12,6,INSPIRE,,2026-08-21,1856860,citation graph: Shen-Zhu-Zhu 2023,rigorous exponential decay of correlations in finite Abelian lattice gauge theories,https://arxiv.org/abs/2104.03752v1,https://arxiv.org/pdf/2104.03752v1,papers/core_cited_and_canonical/04_rigorous_lattice_yang_mills/2021_Forsstrom_2104.03752.pdf,True,27,42f3f7ebebeae159126539716810fec449528b7ba068b7ad9659b768b122d640,2021-04-08,2021-04-08,"In this paper, we study lattice gauge theory on \( \mathbb{Z}^4 \) with finite Abelian structure group. When the inverse coupling strength is sufficiently large, we give an upper bound on the decay of correlations of local functions and compute the leading order term for both the expected value of the spin at a given plaquette as well as for the two-point correlation function. Moreover, we give an upper bound on the dependency of the size of the box on which the model is defined. The results in this paper extend and refine results by Chatterjee and Borgs."
2,core,flux_strings,2021,Hybrid static potentials in SU(3) lattice gauge theory at small quark-antiquark separations,Carolin Schlosser; Marc Wagner,journal/proceedings record,Phys.Rev.D 105 (2022) 054503,10.1103/PhysRevD.105.054503,2111.00741,2111.00741v1,hep-lat,44,40,INSPIRE,,2026-08-21,1957526,citation graph: Athenodorou-Teper 2021,SU(3) hybrid static potentials and flux-tube excitations at short source separation,https://arxiv.org/abs/2111.00741v1,https://arxiv.org/pdf/2111.00741v1,papers/core_cited_and_canonical/02_flux_tubes_and_effective_strings/2021_Schlosser_2111.00741.pdf,True,32,d60c483db99289871f8f032e1aaec860824fb9deff7e952eca0577ecfcecf5ce,2021-11-01,2021-11-01,"We compute the $Π_u$ and $Σ_u^-$ hybrid static potentials in SU(3) lattice gauge theory using four different lattice spacings ranging from $a = 0.040\,\text{fm}$ to $a = 0.093\,\text{fm}$. We provide lattice data points for quark-antiquark separations as small as $0.08\, \text{fm}$, where the $a$-dependent self-energy as well as lattice discretization errors at tree-level of perturbation theory and at leading order in $a^2$ have been removed. We also investigate and exclude possibly present systematic errors from topological freezing, due to the finite spatial lattice volume and from glueball decays. Moreover, we provide corresponding parametrizations of the potentials, which can e.g. be used for Born-Oppenheimer predictions of heavy hybrid mesons."
2,core,hamiltonian_quantum,2021,Preparation of the SU(3) Lattice Yang-Mills Vacuum with Variational Quantum Methods,Anthony N Ciavarella; Ivan A Chernyshev,journal/proceedings record,Phys.Rev.D 105 (2022) 074504,10.1103/PhysRevD.105.074504,2112.09083,2112.09083v3,quant-ph,119,103,INSPIRE,,2026-08-21,1991916,citation graph: Bauer et al. 2023,pure SU(3) Hamiltonian vacuum preparation on plaquette chains,https://arxiv.org/abs/2112.09083v3,https://arxiv.org/pdf/2112.09083v3,papers/core_cited_and_canonical/07_hamiltonian_and_gauge_invariant_formulations/2021_Ciavarella_2112.09083.pdf,True,23,5a7fd2bf71441287d260e8236c7b31f0dbf3d5d6c33fae66dfed0e898a205c20,2021-12-16,2022-04-21,"Studying QCD and other gauge theories on quantum hardware requires the preparation of physically interesting states. The Variational Quantum Eigensolver (VQE) provides a way of performing vacuum state preparation on quantum hardware. In this work, VQE is applied to pure SU(3) lattice Yang-Mills on a single plaquette and one dimensional plaquette chains. Bayesian optimization and gradient descent were investigated for performing the classical optimization. Ansatz states for plaquette chains are constructed in a scalable manner from smaller systems using domain decomposition and a stitching procedure analogous to the Density Matrix Renormalization Group (DMRG). Small examples are performed on IBM's superconducting Manila processor."
2,core,flat_bands,2020,"Fragile topology in line-graph lattices with two, three, or four gapped flat bands",Christie S. Chiu; Da-Shuai Ma; Zhi-Da Song; B. Andrei Bernevig; Andrew A. Houck,journal/proceedings record,"Phys. Rev. Research 2, 043414 (2020)",10.1103/PhysRevResearch.2.043414,2010.11953,2010.11953v2,cond-mat.mes-hall,15,13,INSPIRE,,2026-08-21,3057085,citation graph: Leykam-Andreanov-Flach 2018,line-graph cycle-space flat bands and fragile topology,https://arxiv.org/abs/2010.11953v2,https://arxiv.org/pdf/2010.11953v2,papers/core_cited_and_canonical/08_flat_bands_and_graph_topology/2020_Chiu_2010.11953.pdf,True,33,ca84f0b25119610a6529542b8f739bf10c49cc0f07cc5f4de76171dd2cee6afc,2020-10-22,2020-12-24,"The geometric properties of a lattice can have profound consequences on its band spectrum. For example, symmetry constraints and geometric frustration can give rise to topologicially nontrivial and dispersionless bands, respectively. Line-graph lattices are a perfect example of both of these features: their lowest energy bands are perfectly flat, and here we develop a formalism to connect some of their geometric properties with the presence or absence of fragile topology in their flat bands. This theoretical work will enable experimental studies of fragile topology in several types of line-graph lattices, most naturally suited to superconducting circuits."
2,core,effective_hamiltonian,2020,Hamiltonian simulation in the low-energy subspace,Burak Şahinoğlu; Rolando D. Somma,journal/proceedings record,"npj Quantum Inf 7, 119 (2021)",10.1038/s41534-021-00451-w,2006.02660,2006.02660v2,quant-ph,100,96,INSPIRE,,2026-08-21,2728521,citation graph: Bravyi-DiVincenzo-Loss 2011,explicit leakage and error bounds for low-energy-subspace Hamiltonian simulation,https://arxiv.org/abs/2006.02660v2,https://arxiv.org/pdf/2006.02660v2,papers/core_cited_and_canonical/06_effective_hamiltonians/2020_Sahinoglu_2006.02660.pdf,True,19,16b344bcea5d5f6b5246e3674fdb1a7c4b6b6634da9646b5ad203224a3d22735,2020-06-04,2021-09-09,"We study the problem of simulating the dynamics of spin systems when the initial state is supported on a subspace of low energy of a Hamiltonian $H$. This is a central problem in physics with vast applications in many-body systems and beyond, where the interesting physics takes place in the low-energy sector. We analyze error bounds induced by product formulas that approximate the evolution operator and show that these bounds depend on an effective low-energy norm of $H$. We find improvements over the best previous complexities of product formulas that apply to the general case, and these improvements are more significant for long evolution times that scale with the system size and/or small approximation errors. To obtain these improvements, we prove exponentially decaying upper bounds on the leakage to high-energy subspaces due to the product formula. Our results provide a path to a systematic study of Hamiltonian simulation at low energies, which will be required to push quantum simulation closer to reality."
2,core,rigorous_lgt,2020,Langevin dynamic for the 2D Yang-Mills measure,Ajay Chandra; Ilya Chevyrev; Martin Hairer; Hao Shen,journal/proceedings record,"Publ. Math. Inst. Hautes Études Sci. 136 (2022), 1-147",10.1007/s10240-022-00132-0,2006.04987,2006.04987v3,math.PR,45,28,INSPIRE,,2026-08-21,1800522,citation graph: Shen-Zhu-Zhu 2023,rigorous Yang-Mills Langevin dynamics and Wilson observables,https://arxiv.org/abs/2006.04987v3,https://arxiv.org/pdf/2006.04987v3,papers/core_cited_and_canonical/04_rigorous_lattice_yang_mills/2020_Chandra_2006.04987.pdf,True,141,4b6f0502a4de7dd9c6c88776d4145a08f45e26c44f36a33c5aa3d364a7d5efe0,2020-06-08,2022-05-25,"We define a natural state space and Markov process associated to the stochastic Yang-Mills heat flow in two dimensions. To accomplish this we first introduce a space of distributional connections for which holonomies along sufficiently regular curves (Wilson loop observables) and the action of an associated group of gauge transformations are both well-defined and satisfy good continuity properties. The desired state space is obtained as the corresponding space of orbits under this group action and is shown to be a Polish space when equipped with a natural Hausdorff metric. To construct the Markov process we show that the stochastic Yang-Mills heat flow takes values in our space of connections and use the ""DeTurck trick"" of introducing a time dependent gauge transformation to show invariance, in law, of the solution under gauge transformations. Our main tool for solving for the Yang-Mills heat flow is the theory of regularity structures and along the way we also develop a ""basis-free"" framework for applying the theory of regularity structures in the context of vector-valued noise - this provides a conceptual framework for interpreting several previous constructions and we expect this framework to be of independent interest."
2,core,spectral_methods,2020,Reconstruction of smeared spectral function from Euclidean correlation functions,Gabriela Bailas; Shoji Hashimoto; Tsutomu Ishikawa,journal/proceedings record,Prog Theor Exp Phys (2020),10.1093/ptep/ptaa044,2001.11779,2001.11779v1,hep-lat,70,53,INSPIRE,,2026-08-21,1778100,citation graph: Luscher-Weisz 2001; Blossier et al. 2009,Widely used reconstruction method for smeared spectral functions from Euclidean data,https://arxiv.org/abs/2001.11779v1,https://arxiv.org/pdf/2001.11779v1,papers/core_cited_and_canonical/03_spectral_extraction_and_operator_overlap/2020_Bailas_2001.11779.pdf,True,23,647522cd027c478ba807211bc3a0f653489322563f8e42f43053b0c77fa00fc1,2020-01-31,2020-01-31,We propose a method to reconstruct smeared spectral functions from two-point correlation functions measured on the Euclidean lattice. Arbitrary smearing function can be considered as far as it is smooth enough to allow an approximation using Chebyshev polynomials. We test the method with numerical lattice data of Charmonium correlators. The method provides a framework to compare lattice calculation with experimental data including excited state contributions without assuming quark-hadron duality.
2,core,flat_bands,2020,Singular flat bands,Jun-Won Rhim; Bohm-Jung Yang,preprint,,,2012.04279,2012.04279v1,physics.optics,0,,OpenAlex,exact DOI record 10.1080/23746149.2021.1901606,2026-08-21,,citation graph: Leykam-Andreanov-Flach 2018,"singular-flat-band classification, topology, and compact-state completeness",https://arxiv.org/abs/2012.04279v1,https://arxiv.org/pdf/2012.04279v1,papers/core_cited_and_canonical/08_flat_bands_and_graph_topology/2020_Rhim_2012.04279.pdf,True,43,b1393b8ed09540d14e4b9bbbb6fa4ecfdac9aa9f8ddabd81d968db7590b8ea7b,2020-12-08,2020-12-08,"We review recent progresses in the study of flat band systems, especially focusing on the fundamental physics related to the singularity of the flat band's Bloch wave functions. We first explain that the flat bands can be classified into two classes: singular and nonsingular flat bands, based on the presence or absence of the singularity in the flat band's Bloch wave functions. The singularity is generated by the band crossing of the flat band with another dispersive band. In the singular flat band, one can find special kind of eigenmodes, called the non-contractible loop states and the robust boundary modes, which exhibit nontrivial real space topology. Then, we review the experimental realization of these topological eigenmodes of the flat band in the photonic lattices. While the singularity of the flat band is topologically trivial, we show that the maximum quantum distance around the singularity is a bulk invariant representing the strength of the singularity which protects the robust boundary modes. Finally, we discuss how the maximum quantum distance or the strength of the singularity manifests itself in the anomalous Landau level spreading of the singular flat band when it has a quadratic band-crossing with another band."
2,core,rigorous_lgt,2020,Wilson loop expectations in lattice gauge theories with finite gauge groups,Sky Cao,journal/proceedings record,Commun.Math.Phys. 380 (2020) 1439,10.1007/s00220-020-03912-z,2001.05627,2001.05627v3,math.PR,26,25,INSPIRE,,2026-08-21,1776076,citation graph: Shen-Zhu-Zhu 2023,rigorous weak-coupling Wilson-loop estimates for finite gauge groups,https://arxiv.org/abs/2001.05627v3,https://arxiv.org/pdf/2001.05627v3,papers/core_cited_and_canonical/04_rigorous_lattice_yang_mills/2020_Cao_2001.05627.pdf,True,72,6f78033b4aa3eb18c3ff6724124caccb794106b618380cdbabb12596e2c00a56,2020-01-16,2020-08-24,"Wilson loop expectations at weak coupling are computed to first order, for four dimensional lattice gauge theories with finite gauge groups which satisfy some mild additional conditions. This continues recent work of Chatterjee, which considered the case of gauge group $\mathbb{Z}_2$. The main steps are (1) reducing the first order computation to a problem of Poisson approximation, and (2) using Stein's method to carry out the Poisson approximation."
2,core,flux_strings,2019,Flux Tube S-matrix Bootstrap,Joan Elias Miro; Andrea L. Guerrieri; Aditya Hebbar; Joao Penedones; Pedro Vieira,journal/proceedings record,"Phys. Rev. Lett. 123, 221602 (2019)",10.1103/PhysRevLett.123.221602,1906.08098,1906.08098v2,hep-th,92,67,INSPIRE,,2026-08-21,1740471,citation graph: Athenodorou-Teper 2021; Lucini-Teper-Wenger 2004,Highly cited S-matrix bootstrap constraints for flux-tube worldsheet scattering,https://arxiv.org/abs/1906.08098v2,https://arxiv.org/pdf/1906.08098v2,papers/core_cited_and_canonical/02_flux_tubes_and_effective_strings/2019_Miro_1906.08098.pdf,True,18,effded7f8e5b2488ec87e1dd0847d5fb1b30a42932615099216813212c07b0fc,2019-06-19,2021-02-04,"We bootstrap the S-matrix of massless particles in unitary, relativistic two dimensional quantum field theories. We find that the low energy expansion of such S-matrices is strongly constrained by the existence of a UV completion. In the context of flux tube physics, this allows us to constrain several terms in the S-matrix low energy expansion or -- equivalently -- on Wilson coefficients of several irrelevant operators showing up in the flux tube effective action. These bounds have direct implications for other physical quantities; for instance, they allow us to further bound the ground state energy as well as the level splitting of degenerate energy levels of large flux tubes. We find that the S-matrices living at the boundary of the allowed space exhibit an intricate pattern of resonances with one sharper resonance whose quantum numbers, mass and width are precisely those of the world-sheet axion proposed in [1,2]. The general method proposed here should be extendable to massless S-matrices in higher dimensions and should lead to new quantitative bounds on irrelevant operators in theories of Goldstones and also in gauge and gravity theories."
2,core,hamiltonian_quantum,2019,"Loop, String, and Hadron Dynamics in SU(2) Hamiltonian Lattice Gauge Theories",Indrakshi Raychowdhury; Jesse R. Stryker,journal/proceedings record,"Phys. Rev. D 101, 114502 (2020)",10.1103/PhysRevD.101.114502,1912.06133,1912.06133v2,hep-lat,173,149,INSPIRE,,2026-08-21,1770411,citation graph: Kogut-Susskind 1975; Bauer et al. 2023,Highly cited loop-string-hadron formulation and dynamics for SU(2) Hamiltonian LGT,https://arxiv.org/abs/1912.06133v2,https://arxiv.org/pdf/1912.06133v2,papers/core_cited_and_canonical/07_hamiltonian_and_gauge_invariant_formulations/2019_Raychowdhury_1912.06133.pdf,True,26,332cacc75e0910f635364e3e72971d9965d45497b4c35a7ea0a179466bab3c95,2019-12-12,2020-06-25,"The question of how to efficiently formulate Hamiltonian gauge theories is experiencing renewed interest due to advances in building quantum simulation platforms. We introduce a reformulation of an SU(2) Hamiltonian lattice gauge theory---a loop-string-hadron (LSH) formulation---that describes dynamics directly in terms of its loop, string, and hadron degrees of freedom, while alleviating several disadvantages of quantumly simulating the Kogut-Susskind formulation. This LSH formulation transcends the local loop formulation of $d+1$-dimensional lattice gauge theories by incorporating staggered quarks, furnishing the algebra of gauge-singlet operators, and being used to reconstruct dynamics between states that have Gauss's law built in to them. LSH operators are then factored into products of ""normalized"" ladder operators and diagonal matrices, priming them for classical or quantum information processing. Self-contained expressions of the Hamiltonian are given up to $d=3$. The LSH formalism makes little use of structures specific to SU(2) and its conceptual clarity makes it an attractive approach to apply to other non-Abelian groups like SU(3)."
2,core,spectral_methods,2019,On the extraction of spectral densities from lattice correlators,Martin Hansen; Alessandro Lupo; Nazario Tantalo,journal/proceedings record,"Phys. Rev. D 99, 094508 (2019)",10.1103/PhysRevD.99.094508,1903.06476,1903.06476v2,hep-lat,173,133,INSPIRE,,2026-08-21,1725157,citation graph: Luscher-Weisz 2001; Blossier et al. 2009,Highly cited regularized method for extracting smeared spectral densities from Euclidean correlators,https://arxiv.org/abs/1903.06476v2,https://arxiv.org/pdf/1903.06476v2,papers/core_cited_and_canonical/03_spectral_extraction_and_operator_overlap/2019_Hansen_1903.06476.pdf,True,15,0107be1322cd18f5ade78954412bf15f430312ac295efa0bbba5ea7a67474e35,2019-03-15,2019-06-03,"Hadronic spectral densities are important quantities whose non-perturbative knowledge allows for calculating phenomenologically relevant observables, such as inclusive hadronic cross-sections and non-leptonic decay-rates. The extraction of spectral densities from lattice correlators is a notoriously difficult problem because lattice simulations are performed in Euclidean time and lattice data are unavoidably affected by statistical and systematic uncertainties. In this paper we present a new method for extracting hadronic spectral densities from lattice correlators. The method allows for choosing a smearing function at the beginning of the procedure and it provides results for the spectral densities smeared with this function together with reliable estimates of the associated uncertainties. The same smearing function can be used in the analysis of correlators obtained on different volumes, such that the infinite volume limit can be studied in a consistent way. While the method is described by using the language of lattice simulations, in reality it is completely general and can profitably be used to cope with inverse problems arising in different fields of research."
2,core,weingarten,2018,"Matrix Group Integrals, Surfaces, and Mapping Class Groups I: $U(n)$",Michael Magee; Doron Puder,journal/proceedings record,"Inventiones Mathematicae 218 (2), 341--411, 2019",10.1007/s00222-019-00891-4,1802.04862,1802.04862v2,math.GT,24,,OpenAlex,exact-title record,2026-08-21,,citation graph: Collins-Sniady 2006,Haar unitary integrals encoded by surfaces and mapping-class groups,https://arxiv.org/abs/1802.04862v2,https://arxiv.org/pdf/1802.04862v2,papers/core_cited_and_canonical/05_haar_and_weingarten/2018_Magee_1802.04862.pdf,True,53,728a47ae119d422b797c669d277e2aeb9b5bb77d07854a3fab849720dee7135e,2018-02-13,2019-05-03,"Since the 1970's, physicists and mathematicians who study random matrices in the GUE or GOE models are aware of intriguing connections between integrals of such random matrices and enumeration of graphs on surfaces. We establish a new aspect of this theory: for random matrices sampled from the group $\mathcal{U}\left(n\right)$ of unitary matrices. More concretely, we study measures induced by free words on $\mathcal{U}\left(n\right)$. Let $F_{r}$ be the free group on $r$ generators. To sample a random element from $\mathcal{U}\left(n\right)$ according to the measure induced by $w\in F_{r}$, one substitutes the $r$ letters in $w$ by $r$ independent, Haar-random elements from $\mathcal{U}\left(n\right)$. The main theme of this paper is that every moment of this measure is determined by families of pairs $\left(Σ,f\right)$, where $Σ$ is an orientable surface with boundary, and $f$ is a map from $Σ$ to the bouquet of $r$ circles, which sends the boundary components of $Σ$ to powers of $w$. A crucial role is then played by Euler characteristics of subgroups of the mapping class group of $Σ$. As corollaries, we obtain asymptotic bounds on the moments, we show that the measure on $\mathcal{U}\left(n\right)$ bears information about the number of solutions to the equation $\left[u_{1},v_{1}\right]\cdots\left[u_{g},v_{g}\right]=w$ in the free group, and deduce that one can ``hear'' the stable commutator length of a word through its unitary word measures."
2,core,rigorous_lgt,2018,Wilson loops in Ising lattice gauge theory,Sourav Chatterjee,journal/proceedings record,Commun.Math.Phys. 377 (2020) 307,10.1007/s00220-020-03738-9,1811.09770,1811.09770v3,math.PR,28,28,INSPIRE,,2026-08-21,1705071,citation graph: Shen-Zhu-Zhu 2023,rigorous weak-coupling Wilson-loop asymptotics in four-dimensional lattice gauge theory,https://arxiv.org/abs/1811.09770v3,https://arxiv.org/pdf/1811.09770v3,papers/core_cited_and_canonical/04_rigorous_lattice_yang_mills/2018_Chatterjee_1811.09770.pdf,True,37,3f8159cbad19e17aab5bcb65d7dade70b39ff573055eb06f73ebf144dfec168f,2018-11-24,2020-01-13,Wilson loop expectation in 4D $\mathbb{Z}_2$ lattice gauge theory is computed to leading order in the weak coupling regime. This is the first example of a rigorous theoretical calculation of Wilson loop expectation in the weak coupling regime of a 4D lattice gauge theory. All prior results are either inequalities or strong coupling expansions.
2,core,flat_bands,2017,Compact localized states and flat bands from local symmetry partitioning,M. Röntgen; C. V. Morfonios; P. Schmelcher,journal/proceedings record,"Phys. Rev. B 97, 035161 (2018)",10.1103/PhysRevB.97.035161,1709.07806,1709.07806v2,quant-ph,31,26,INSPIRE,,2026-08-21,3040399,citation graph: Leykam-Andreanov-Flach 2018,local-symmetry construction of compact localized states and flat bands,https://arxiv.org/abs/1709.07806v2,https://arxiv.org/pdf/1709.07806v2,papers/core_cited_and_canonical/08_flat_bands_and_graph_topology/2017_Rontgen_1709.07806.pdf,True,11,ccdb75dd4ccdeae473da0a61bc1ba3424bd1be278c5e2b9f3a0382655b35c6fc,2017-09-22,2018-02-08,"We propose a framework for the connection between local symmetries of discrete Hamiltonians and the design of compact localized states. Such compact localized states are used for the creation of tunable, local symmetry-induced bound states in an energy continuum and flat energy bands for periodically repeated local symmetries in one- and two-dimensional lattices. The framework is based on very recent theorems in graph theory which are here employed to obtain a block partitioning of the Hamiltonian induced by the symmetry of a given system under local site permutations. The diagonalization of the Hamiltonian is thereby reduced to finding the eigenspectra of smaller matrices, with eigenvectors automatically divided into compact localized and extended states. We distinguish between local symmetry operations which commute with the Hamiltonian, and those which do not commute due to an asymmetric coupling to the surrounding sites. While valuable as a computational tool for versatile discrete systems with locally symmetric structures, the approach provides in particular a unified, intuitive, and efficient route to the flexible design of compact localized states at desired energies."
2,core,effective_hamiltonian,2017,Efficient optimization of perturbative gadgets,Yudong Cao; Sabre Kais,journal/proceedings record,"Quantum Information and Computation, Vol.17, No. 9 & 10, pp. 0779-0809, 2017",10.26421/QIC17.9-10,1709.02705,1709.02705v1,quant-ph,9,9,INSPIRE,,2026-08-21,2700131,citation graph: Bravyi-DiVincenzo-Loss 2011,optimized perturbative-gadget error bounds at arbitrary order,https://arxiv.org/abs/1709.02705v1,https://arxiv.org/pdf/1709.02705v1,papers/core_cited_and_canonical/06_effective_hamiltonians/2017_Cao_1709.02705.pdf,True,26,0c188f927ba785131cdc4e0a7fef9ac9b6c67c15619f217cf7d45e7fc86f987c,2017-09-08,2017-09-08,"Perturbative gadgets are general techniques for reducing many-body spin interactions to two-body ones using perturbation theory. This allows for potential realization of effective many-body interactions using more physically viable two-body ones. In parallel with prior work (arXiv:1311.2555 [quant-ph]), here we consider minimizing the physical resource required for implementing the gadgets initially proposed by Kempe, Kitaev and Regev (arXiv:quant-ph/0406180) and later generalized by Jordan and Farhi (arXiv:0802.1874v4). The main innovation of our result is a set of methods that efficiently compute tight upper bounds to errors in the perturbation theory. We show that in cases where the terms in the target Hamiltonian commute, the bounds produced by our algorithm are sharp for arbitrary order perturbation theory. We provide numerics which show orders of magnitudes improvement over gadget constructions based on trivial upper bounds for the error term in the perturbation series. We also discuss further improvement of our result by adopting the Schrieffer-Wolff formalism of perturbation theory and supplement our observation with numerical results."
2,core,spectrum,2017,Glueball spectrum from $N_f=2$ lattice QCD study on anisotropic lattices,Wei Sun; Long-Cheng Gui; Ying Chen; Ming Gong; Chuan Liu; Yu-Bin Liu; Zhaofeng Liu; Jian-Ping Ma; Jian-Bo Zhang,journal/proceedings record,"Chin.Phys. C42 (2018) no.9, 093103",10.1088/1674-1137/42/9/093103,1702.08174,1702.08174v2,hep-lat,62,47,INSPIRE,,2026-08-21,1515208,citation graph: Morningstar-Peardon 1999; Athenodorou-Teper 2021,Anisotropic Nf=2 glueball spectroscopy with gluonic operators and mixing diagnostics,https://arxiv.org/abs/1702.08174v2,https://arxiv.org/pdf/1702.08174v2,papers/core_cited_and_canonical/01_glueball_spectrum/2017_Sun_1702.08174.pdf,True,14,7f69e749b9ab3006cb5a81f1a301e5212e2dbf6352729bd8bf36dbfc32c0251b,2017-02-27,2018-09-07,"The lowest-lying glueballs are investigated in lattice QCD using $N_f=2$ clover Wilson fermion on anisotropic lattices. We simulate at two different and relatively heavy quark masses, corresponding to physical pion mass of $m_π\sim 938$ MeV and $650$ MeV. The quark mass dependence of the glueball masses have not been investigated in the present study. Only the gluonic operators built from Wilson loops are utilized in calculating the corresponding correlation functions. In the tensor channel, we obtain the ground state mass to be 2.363(39) GeV and 2.384(67) GeV at $m_π\sim 938$ MeV and $650$ MeV, respectively. In the pseudoscalar channel, when using the gluonic operator whose continuum limit has the form of $ε_{ijk}TrB_iD_jB_k$, we obtain the ground state mass to be 2.573(55) GeV and 2.585(65) GeV at the two pion masses. These results are compatible with the corresponding results in the quenched approximation. In contrast, if we use the topological charge density as field operators for the pseudoscalar, the masses of the lowest state are much lighter (around 1GeV) and compatible with the expected masses of the flavor singlet $q\bar{q}$ meson. This indicates that the operator $ε_{ijk}TrB_iD_jB_k$ and the topological charge density couple rather differently to the glueball states and $q\bar{q}$ mesons. The observation of the light flavor singlet pseudoscalar meson can be viewed as the manifestation of effects of dynamical quarks. In the scalar channel, the ground state masses extracted from the correlation functions of gluonic operators are determined to be around 1.4-1.5 GeV, which is close to the ground state masses from the correlation functions of the quark bilinear operators. In all cases, the mixing between glueballs and conventional mesons remains to be further clarified in the future."
2,core,effective_hamiltonian,2017,Universal Quantum Hamiltonians,Toby Cubitt; Ashley Montanaro; Stephen Piddock,journal/proceedings record,Proc. Natl. Acad. Sci. 115:38 p9497-9502 (2018),10.1073/pnas.1804949115,1701.05182,1701.05182v4,quant-ph,136,127,INSPIRE,,2026-08-21,2794632,citation graph: Bravyi-DiVincenzo-Loss 2011,rigorous low-energy Hamiltonian-simulation framework and universal Hamiltonians,https://arxiv.org/abs/1701.05182v4,https://arxiv.org/pdf/1701.05182v4,papers/core_cited_and_canonical/06_effective_hamiltonians/2017_Cubitt_1701.05182.pdf,True,75,d6ca93e00fd24b946f5455f30f28569f37761821792997c60c46694b050cab7c,2017-01-18,2019-05-31,"Quantum many-body systems exhibit an extremely diverse range of phases and physical phenomena. Here, we prove that the entire physics of any other quantum many-body system is replicated in certain simple, ""universal"" spin-lattice models. We first characterise precisely what it means for one quantum many-body system to replicate the entire physics of another. We then show that certain very simple spin-lattice models are universal in this very strong sense. Examples include the Heisenberg and XY models on a 2D square lattice (with non-uniform coupling strengths). We go on to fully classify all two-qubit interactions, determining which are universal and which can only simulate more restricted classes of models. Our results put the practical field of analogue Hamiltonian simulation on a rigorous footing and take a significant step towards justifying why error correction may not be required for this application of quantum information technology."
2,core,flat_bands,2016,Compact localized states and flatband generators in one dimension,Wulayimu Maimaiti; Alexei Andreanov; Hee Chul Park; Oleg Gendelman; Sergej Flach,journal/proceedings record,"Phys. Rev. B 95, 115135 (2017)",10.1103/PhysRevB.95.115135,1610.02970,1610.02970v4,cond-mat.mes-hall,192,,OpenAlex,exact DOI record 10.1103/PhysRevB.95.115135; preprint duplicate undercounts,2026-08-21,,citation graph: Leykam-Andreanov-Flach 2018,classification and generation of one-dimensional compact localized states,https://arxiv.org/abs/1610.02970v4,https://arxiv.org/pdf/1610.02970v4,papers/core_cited_and_canonical/08_flat_bands_and_graph_topology/2016_Maimaiti_1610.02970.pdf,True,11,aa763bc4ecb5ff50b8f7794a3d7b238f8ef1a18680eed73f2df5e7fa24358e47,2016-10-05,2016-12-26,"Flat bands (FB) are strictly dispersionless bands in the Bloch spectrum of a periodic lattice Hamiltonian, recently observed in a variety of photonic and dissipative condensate networks. FB Hamiltonians are finetuned networks, still lacking a comprehensive generating principle. We introduce a FB generator based on local network properties. We classify FB networks through the properties of compact localized states (CLS) which are exact FB eigenstates and occupy $U$ unit cells. We obtain the complete two-parameter FB family of two-band $d=1$ networks with nearest unit cell interaction and $U=2$. We discover a novel high symmetry sawtooth chain with identical hoppings in a transverse dc field, easily accessible in experiments. Our results pave the way towards a complete description of FBs in networks with more bands and in higher dimensions."
2,core,rigorous_lgt,2016,Loop Equations and bootstrap methods in the lattice,Peter D. Anderson; Martin Kruczenski,journal/proceedings record,Nucl.Phys.B 921 (2017) 702,10.1016/j.nuclphysb.2017.06.009,1612.08140,1612.08140v2,hep-th,85,82,INSPIRE,,2026-08-21,1506443,citation graph: Kazakov-Zheng 2023,positivity bootstrap for lattice loop equations,https://arxiv.org/abs/1612.08140v2,https://arxiv.org/pdf/1612.08140v2,papers/core_cited_and_canonical/04_rigorous_lattice_yang_mills/2016_Anderson_1612.08140.pdf,True,49,470af394940e15f1253201d9e2c665dd1fcf35091a0fdd5f8a7f3c7a82ab0389,2016-12-24,2017-01-14,"Pure gauge theories can be formulated in terms of Wilson Loops correlators by means of the loop equation. In the large-N limit this equation closes in the expectation value of single loops. In particular, using the lattice as a regulator, it becomes a well defined equation for a discrete set of loops. In this paper we study different numerical approaches to solving this equation. Previous ideas gave good results in the strong coupling region. Here we propose an alternative method based on the observation that certain matrices $\hatρ$ of Wilson loop expectation values are positive definite. They also have unit trace ($\hatρ\succeq 0, \mbox{tr} \hatρ=1$), in fact they can be defined as density matrices in the space of open loops after tracing over color indices and can be used to define an entropy associated with the loss of information due to such trace $S_{WL}=-\mbox{tr}[ \hatρ\ln \hatρ]$. The condition that such matrices are positive definite allows us to study the weak coupling region which is relevant for the continuum limit. In the exactly solvable case of two dimensions this approach gives very good results by considering just a few loops. In four dimensions it gives good results in the weak coupling region and therefore is complementary to the strong coupling expansion. We compare the results with standard Monte Carlo simulations."
2,core,weingarten,2016,Revisiting SU(N) integrals,Jean-Bernard Zuber,journal/proceedings record,J.Phys.A 50 (2017) 015203,10.1088/1751-8113/50/1/015203,1611.00236,1611.00236v1,math-ph,15,15,INSPIRE,,2026-08-21,1495456,citation graph: Collins-Sniady 2006,explicit invariant integration formulas for SU(N),https://arxiv.org/abs/1611.00236v1,https://arxiv.org/pdf/1611.00236v1,papers/core_cited_and_canonical/05_haar_and_weingarten/2016_Zuber_1611.00236.pdf,True,9,9108cc6b9243d8bcfab0bb03560b947b22a77b536553b58cb75038e82b19572b,2016-11-01,2016-11-01,"In this note, I revisit integrals over $\SU(N)$ of the form $ \int DU\, U_{i_1j_1}\cdots U_{i_pj_p}\Ud_{k_1l_1}\cdots \Ud_{k_nl_n}$. While the case $p=n$ is well known, it seems that explicit expressions for $p=n+N$ had not appeared in the literature. Similarities and differences, in particular in the large $N$ limit, between the two cases are discussed"
2,core,rigorous_lgt,2016,The $1/N$ expansion for SO(N) lattice gauge theory at strong coupling,Sourav Chatterjee; Jafar Jafarov,preprint,,,1604.04777,1604.04777v2,math.PR,29,28,INSPIRE,,2026-08-21,1448303,citation graph: Cao-Park-Sheffield 2025,all-orders genus-graded 1/N surface expansion for lattice gauge theory,https://arxiv.org/abs/1604.04777v2,https://arxiv.org/pdf/1604.04777v2,papers/core_cited_and_canonical/04_rigorous_lattice_yang_mills/2016_Chatterjee_1604.04777.pdf,True,40,491c7e950faf2ba8e5eaeb5fbf1f7f867d996187c5d4d04c96084672269f0f50,2016-04-16,2016-05-11,"The $1/N$ expansion is an asymptotic series expansion for certain quantities in large-$N$ lattice gauge theories. This article gives a rigorous formulation and proof of the $1/N$ expansion for Wilson loop expectations in SO(N) lattice gauge theory in the strong coupling regime in any dimension. The terms in the expansion are expressed as sums over trajectories of strings in a lattice string theory, establishing an explicit gauge-string duality. The trajectories trace out surfaces of genus zero for the first term in the expansion, and surfaces of higher genus for the higher terms."
2,core,rigorous_lgt,2016,Three proofs of the Makeenko-Migdal equation for Yang-Mills theory on the plane,Bruce K. Driver; Brian C. Hall; Todd Kemp,journal/proceedings record,"Communications in Mathematical Physics 351 (2017), 741-771",10.1007/s00220-016-2793-6,1601.06283,1601.06283v4,math-ph,27,23,INSPIRE,,2026-08-21,1416904,citation graph: Shen-Smith-Zhu 2024,three rigorous derivations of the planar Makeenko-Migdal equation,https://arxiv.org/abs/1601.06283v4,https://arxiv.org/pdf/1601.06283v4,papers/core_cited_and_canonical/04_rigorous_lattice_yang_mills/2016_Driver_1601.06283.pdf,True,36,dab4202ed9e8c242d8ec791a032db81c3f3aae6012947cc68e4f0308967b0cdf,2016-01-23,2016-10-18,"We give three short proofs of the Makeenko-Migdal equation for the Yang-Mills measure on the plane, two using the edge variables and one using the loop or lasso variables. Our proofs are significantly simpler than the earlier pioneering rigorous proofs given by T. Lévy and by A. Dahlqvist. In particular, our proofs are ""local"" in nature, in that they involve only derivatives with respect to variables adjacent to the crossing in question. In an accompanying paper with F. Gabriel, we will show that two of our proofs can be adapted to the case of Yang-Mills theory on a compact surface."
2,core,rigorous_lgt,2015,Rigorous solution of strongly coupled $SO(N)$ lattice gauge theory in the large $N$ limit,Sourav Chatterjee,journal/proceedings record,Commun.Math.Phys. 366 (2019) 203,10.1007/s00220-019-03353-3,1502.07719,1502.07719v7,math.PR,52,50,INSPIRE,,2026-08-21,1346518,citation graph: Shen-Zhu-Zhu 2023; Cao-Park-Sheffield 2025,rigorous convergent large-N strong-coupling Wilson-loop surface expansion,https://arxiv.org/abs/1502.07719v7,https://arxiv.org/pdf/1502.07719v7,papers/core_cited_and_canonical/04_rigorous_lattice_yang_mills/2015_Chatterjee_1502.07719.pdf,True,61,181953ace0e85aa0d3b319ea9f797e64784b2338f101e1cbaeb1e1961f0aa154,2015-02-26,2017-12-14,"The main result of this paper is a rigorous computation of Wilson loop expectations in strongly coupled $SO(N)$ lattice gauge theory in the large $N$ limit, in any dimension. The formula appears as an absolutely convergent sum over trajectories in a kind of string theory on the lattice, demonstrating an explicit gauge-string duality. The generality of the proof technique may allow it to be extended other gauge groups."
2,core,flux_strings,2015,Towards a Theory of the QCD String,Sergei Dubovsky; Victor Gorbenko,journal/proceedings record,JHEP 02 (2016) 022,10.1007/JHEP02(2016)022,1511.01908,1511.01908v1,hep-th,66,48,INSPIRE,,2026-08-21,1403194,citation graph: Athenodorou-Teper 2021; Lucini-Teper-Wenger 2004,Influential axionic-string proposal motivated by lattice QCD-string data,https://arxiv.org/abs/1511.01908v1,https://arxiv.org/pdf/1511.01908v1,papers/core_cited_and_canonical/02_flux_tubes_and_effective_strings/2015_Dubovsky_1511.01908.pdf,True,34,bbca3c2a9cf366d70cf284fe2544e98bdfd2950e8cb2b7441e5ec2df309d979f,2015-11-05,2015-11-05,"We construct a new model of four-dimensional relativistic strings with integrable dynamics on the worldsheet. In addition to translational modes this model contains a single massless pseudoscalar worldsheet field - the worldsheet axion. The axion couples to a topological density which counts the self-intersection number of a string. The corresponding coupling is fixed by integrability to $Q=\sqrt{7\over 16π}\approx 0.37$. We argue that this model is a member of a larger family of relativistic non-critical integrable string models. This family includes and extends conventional non-critical strings described by the linear dilaton CFT. Intriguingly, recent lattice data in $SU(3)$ and $SU(5)$ gluodynamics reveals the presence of a massive pseudoscalar axion on the worldsheet of confining flux tubes. The value of the corresponding coupling, as determined from the lattice data, is equal to $Q_L\approx0.38\pm0.04$."
2,core,flux_strings,2014,A different kind of string,Michele Caselle; Marco Panero; Roberto Pellegrini; Davide Vadacchino,journal/proceedings record,JHEP 1501 (2015) 105,10.1007/JHEP01(2015)105,1406.5127,1406.5127v2,hep-lat,54,42,INSPIRE,,2026-08-21,1301564,citation graph: Athenodorou-Teper 2021; Lucini-Teper-Wenger 2004,Influential analysis of non-Nambu-Goto worldsheet dynamics and its lattice signatures,https://arxiv.org/abs/1406.5127v2,https://arxiv.org/pdf/1406.5127v2,papers/core_cited_and_canonical/02_flux_tubes_and_effective_strings/2014_Caselle_1406.5127.pdf,True,25,94f485011ce463ed7660546736f8b6ccaa1332623d06f0336751733e803449d6,2014-06-19,2015-01-26,"In U(1) lattice gauge theory in three spacetime dimensions, the problem of confinement can be studied analytically in a semi-classical approach, in terms of a gas of monopoles with Coulomb-like interactions. In addition, this theory can be mapped to a spin model via an exact duality transformation, which allows one to perform high-precision numerical studies of the confining potential. Taking advantage of these properties, we carried out an accurate investigation of the effective string describing the low-energy properties of flux tubes in this confining gauge theory. We found striking deviations from the expected Nambu-Goto-like behavior, and, for the first time, evidence for contributions that can be described by a term proportional to the extrinsic curvature of the effective string worldsheet. Such term is allowed by Lorentz invariance, and its presence in the infrared regime of the U(1) model was indeed predicted by Polyakov several years ago. Our results show that this term scales as expected according to Polyakov's solution, and becomes the dominant contribution to the effective string action in the continuum limit. We also demonstrate analytically that the corrections to the confining potential induced by the extrinsic curvature term can be related to the partition function of the massive perturbation of a c=1 bosonic conformal field theory. The implications of our results for SU(N) Yang-Mills theories in three and in four spacetime dimensions are discussed."
2,core,flux_strings,2014,Flux Tube Spectra from Approximate Integrability at Low Energies,Sergei Dubovsky; Raphael Flauger; Victor Gorbenko,journal/proceedings record,J.Exp.Theor.Phys. 120 (2015) 399,10.1134/S1063776115030188,1404.0037,1404.0037v2,hep-th,77,56,INSPIRE,,2026-08-21,1288097,citation graph: Athenodorou-Teper 2021; Lucini-Teper-Wenger 2004,Highly cited approximate-integrability analysis benchmarked against lattice flux-tube spectra,https://arxiv.org/abs/1404.0037v2,https://arxiv.org/pdf/1404.0037v2,papers/core_cited_and_canonical/02_flux_tubes_and_effective_strings/2014_Dubovsky_1404.0037.pdf,True,44,772a0e0f5c428a574c38099dddf952ae3534bf5c8a75d1a535d06a664a226ea0,2014-03-31,2015-01-28,"We provide a detailed introduction to a method we recently proposed for calculating the spectrum of excitations of effective strings such as QCD flux tubes. The method relies on the approximate integrability of the low energy effective theory describing the flux tube excitations and is is based on the Thermodynamic Bethe Ansatz (TBA). The approximate integrability is a consequence of the Lorentz symmetry of QCD. For excited states the convergence of the TBA technique is significantly better than that of the traditional perturbative approach. We apply the new technique to the lattice spectra for fundamental flux tubes in gluodynamics in D=3+1 and D=2+1, and to k-strings in gluodynamics in D=2+1. We identify a massive pseudoscalar resonance on the world sheet of the confining strings in SU(3) gluodynamics in D=3+1, and massive scalar resonances on the world sheet of k=2,3 strings in SU(6) gluodynamics in D=2+1."
2,core,effective_hamiltonian,2014,Perturbative gadgets without strong interactions,Yudong Cao; Daniel Nagaj,journal/proceedings record,"Quantum Information & Computation, Vol.15, No.13&14, pp1197-1222 (2015)",10.26421/QIC15.13-14-7,1408.5881,1408.5881v1,quant-ph,22,20,INSPIRE,,2026-08-21,2700338,citation graph: Bravyi-DiVincenzo-Loss 2011,convergence and error control for perturbative gadgets without strong interactions,https://arxiv.org/abs/1408.5881v1,https://arxiv.org/pdf/1408.5881v1,papers/core_cited_and_canonical/06_effective_hamiltonians/2014_Cao_1408.5881.pdf,True,26,02ee6371396ed8e6e9b2928a9f72099fecfb2ca06cc1fabf47bb36ba2d040fdb,2014-08-25,2014-08-25,"Perturbative gadgets are used to construct a quantum Hamiltonian whose low-energy subspace approximates a given quantum $k$-body Hamiltonian up to an absolute error $ε$. Typically, gadget constructions involve terms with large interaction strengths of order $\text{poly}(ε^{-1})$. Here we present a 2-body gadget construction and prove that it approximates a target many-body Hamiltonian of interaction strength $γ= O(1)$ up to absolute error $ε\llγ$ using interactions of strength $O(ε)$ instead of the usual inverse polynomial in $ε$. A key component in our proof is a new condition for the convergence of the perturbation series, allowing our gadget construction to be applied in parallel on multiple many-body terms. We also show how to apply this gadget construction for approximating 3- and $k$-body Hamiltonians. The price we pay for using much weaker interactions is a large overhead in the number of ancillary qubits, and the number of interaction terms per particle, both of which scale as $O(\text{poly}(ε^{-1}))$. Our strong-from-weak gadgets have their primary application in complexity theory (QMA hardness of restricted Hamiltonians, a generalized area law counterexample, gap amplification), but could also motivate practical implementations with many weak interactions simulating a much stronger quantum many-body interaction."
2,core,spectral_methods,2013,Extended hadron and two-hadron operators of definite momentum for spectrum calculations in lattice QCD,C. Morningstar; J. Bulava; B. Fahy; J. Foley; Y. C. Jhang; K. J. Juge; D. Lenkner; C. H. Wong,journal/proceedings record,Phys.Rev.D 88 (2013) 014511,10.1103/PhysRevD.88.014511,1303.6816,1303.6816v2,hep-lat,97,66,INSPIRE,,2026-08-21,1225667,citation graph: Luscher-Weisz 2001; Blossier et al. 2009,Highly cited group-theoretic construction of extended momentum-projected operator bases for lattice spectra,https://arxiv.org/abs/1303.6816v2,https://arxiv.org/pdf/1303.6816v2,papers/core_cited_and_canonical/03_spectral_extraction_and_operator_overlap/2013_Morningstar_1303.6816.pdf,True,20,73cb27ab066bfb07eccc47a5bbb23815f3c23b62256b0b134043343d1ae2c2e8,2013-03-27,2013-07-10,"Multi-hadron operators are crucial for reliably extracting the masses of excited states lying above multi-hadron thresholds in lattice QCD Monte Carlo calculations. The construction of multi-hadron operators with significant coupling to the lowest-lying multi-hadron states of interest involves combining single hadron operators of various momenta. The design and implementation of large sets of spatially-extended single-hadron operators of definite momentum and their combinations into two-hadron operators are described. The single hadron operators are all assemblages of gauge-covariantly-displaced, smeared quark fields. Group-theoretical projections onto the irreducible representations of the symmetry group of a cubic spatial lattice are used in all isospin channels. Tests of these operators on 24^3 x 128 and 32^3 x 256 anisotropic lattices using a stochastic method of treating the low-lying modes of quark propagation which exploits Laplacian Heaviside quark-field smearing are presented. The method provides reliable estimates of all needed correlations, even those that are particularly difficult to compute, such as eta eta -> eta eta in the scalar channel, which involves the subtraction of a large vacuum expectation value. A new glueball operator is introduced, and the evaluation of the mixing of this glueball operator with a quark-antiquark operator, pi-pi, and eta-eta operators is shown to be feasible."
2,core,spectrum,2013,Introductory lectures to large-N QCD phenomenology and lattice results,Biagio Lucini; Marco Panero,journal/proceedings record,Prog. Part. Nucl. Phys. 75 (2014) 1-40,10.1016/j.ppnp.2014.01.001,1309.3638,1309.3638v2,hep-th,53,43,INSPIRE,,2026-08-21,1254230,citation graph: Morningstar-Peardon 1999; Athenodorou-Teper 2021,Peer-reviewed lectures synthesizing large-N phenomenology and lattice evidence,https://arxiv.org/abs/1309.3638v2,https://arxiv.org/pdf/1309.3638v2,papers/core_cited_and_canonical/01_glueball_spectrum/2013_Lucini_1309.3638.pdf,True,60,d932f8036fc21ed7c6b90fdbe592c0375ee8fe4a0d8bdcd80eda36b4bf2c8e19,2013-09-14,2014-03-04,"An elementary, pedagogical introduction to the large-N limit of QCD and to its phenomenological implications is presented, and a survey of lattice results in the 't Hooft limit is briefly discussed."
2,core,flux_strings,2013,Quantisation of the effective string with TBA,Michele Caselle; Davide Fioravanti; Ferdinando Gliozzi; Roberto Tateo,journal/proceedings record,JHEP 07 (2013) 071,10.1007/JHEP07(2013)071,1305.1278,1305.1278v3,hep-th,120,94,INSPIRE,,2026-08-21,1232117,citation graph: Athenodorou-Teper 2021; Lucini-Teper-Wenger 2004,Highly cited TBA quantization framework for the effective confining string,https://arxiv.org/abs/1305.1278v3,https://arxiv.org/pdf/1305.1278v3,papers/core_cited_and_canonical/02_flux_tubes_and_effective_strings/2013_Caselle_1305.1278.pdf,True,26,0f7eebb49ea8b349e85fd7fadd7bc438ca65265ca80db99310c2bebbefde4283,2013-05-06,2013-06-19,"In presence of a static pair of sources, the spectrum of low-lying states of whatever confining gauge theory in D space-time dimensions is described, at large source separations, by an effective string theory. In the far infrared the latter flows, in the static gauge, to a two-dimensional massless free-field theory. It is known that the Lorentz invariance of the gauge theory fixes uniquely the first few subleading corrections of this free-field limit. We point out that the first allowed correction - a quartic polynomial in the field derivatives - is exactly the composite field $T\bar{T}$, built with the chiral components, $T$ and $\bar{T}$, of the energy-momentum tensor. This irrelevant perturbation is quantum integrable and yields, through the thermodynamic Bethe Ansatz (TBA),the energy levels of the string which exactly coincide with the Nambu-Goto spectrum. We obtain this way the results recently found by Dubovsky, Flauger and Gorbenko. This procedure easily generalizes to any two-dimensional CFT. It is known that the leading deviation of the Nambu-Goto spectrum comes from the boundary terms of the string action. We solve the TBA equations on an infinite strip, identify the relevant boundary parameter and verify that it modifies the string spectrum as expected."
2,core,weingarten,2013,Weingarten calculus for matrix ensembles associated with compact symmetric spaces,Sho Matsumoto,journal/proceedings record,"Random Matrices: Theory and Applications 2 (2013), no. 2, 1350001",10.1142/S2010326313500019,1301.5401,1301.5401v3,math.PR,35,,OpenAlex,exact-title record,2026-08-21,,citation graph: Collins-Sniady 2006,Weingarten calculus for compact symmetric spaces,https://arxiv.org/abs/1301.5401v3,https://arxiv.org/pdf/1301.5401v3,papers/core_cited_and_canonical/05_haar_and_weingarten/2013_Matsumoto_1301.5401.pdf,True,26,cdfc30306b1a7e7d745c420fcef0d368d565c4e704f4cfcd06fe0125dc92eda2,2013-01-23,2013-07-03,A method for computing integrals of polynomial functions on compact symmetric spaces is given. Those integrals are expressed as sums of functions on symmetric groups.
2,core,flux_strings,2012,The Lorentz-invariant boundary action of the confining string and its universal contribution to the inter-quark potential,M. Billo; M. Caselle; F. Gliozzi; M. Meineri; R. Pellegrini,journal/proceedings record,JHEP05(2012)130,10.1007/JHEP05(2012)130,1202.1984,1202.1984v3,hep-th,50,33,INSPIRE,,2026-08-21,1088610,citation graph: Athenodorou-Teper 2021; Lucini-Teper-Wenger 2004,Citation-established derivation of the universal Lorentz-invariant boundary correction,https://arxiv.org/abs/1202.1984v3,https://arxiv.org/pdf/1202.1984v3,papers/core_cited_and_canonical/02_flux_tubes_and_effective_strings/2012_Billo_1202.1984.pdf,True,18,da95cac0059dcc0de4680251698a860dbfaf5cfcf0fd8336ebabf0768211677c,2012-02-09,2013-09-26,"We study the boundary contribution to the low energy effective action of the open string describing the confining flux tube in gauge theories. The form of the boundary terms is strongly constrained by the requirement of Lorentz symmetry, which is spontaneously broken by the formation of a long confining flux tube in the vacuum. Writing the boundary action as an expansion in the derivatives of the Nambu-Goldstone modes describing the transverse fluctuations of the string, we single out and put in a closed form the first few Lorentz invariant boundary terms. We also evaluate the leading deviation from the Nambu-Goto string produced by the boundary action on the vacuum expectation value of the Wilson loop and we test this prediction in the 3d Ising gauge model. Our simulation attains a level of precision which is sufficient to test the contribution of this term."
2,core,spectrum,2012,The string tension from smeared Wilson loops at large N,Antonio González-Arroyo; Masanori Okawa,journal/proceedings record,Phys.Lett.B 718 (2013) 1524,10.1016/j.physletb.2012.12.027,1206.0049,1206.0049v2,hep-th,77,39,INSPIRE,,2026-08-21,1116878,citation graph: Morningstar-Peardon 1999; Athenodorou-Teper 2021,Highly cited string-tension extraction using smeared Wilson loops at large N,https://arxiv.org/abs/1206.0049v2,https://arxiv.org/pdf/1206.0049v2,papers/core_cited_and_canonical/01_glueball_spectrum/2012_Gonzalez-Arroyo_1206.0049.pdf,True,12,0b2f952adaf9bb5d182c9a9a85cc71d702addf124bbbf4216a05d57cc07385bb,2012-05-31,2013-01-03,"We present the results of a high statistics analysis of smeared Wilson loops in 4 dimensional SU(N) Yang-Mills theory for various values of N. The data is used to analyze the behaviour of smeared Creutz ratios, extracting from them the value of the string tension and other asymptotic parameters. A scaling analysis allows us to extrapolate to the continuum limit for N=3,5,6 and 8. The results are consistent with a $1/N^2$ approach towards the large N limit. The same analysis is done for the TEK model (one-point lattice) for N=841 and a non-minimal symmetric twist with flux of $k=9$. The results match perfectly with the extrapolated large N values, confirming the validity of the reduction idea for this range of parameters."
2,core,spectrum,2012,Towards the glueball spectrum from unquenched lattice QCD,E. Gregory; A. Irving; B. Lucini; C. McNeile; A. Rago; C. Richards; E. Rinaldi,journal/proceedings record,JHEP10 (2012) 170,10.1007/JHEP10(2012)170,1208.1858,1208.1858v2,hep-lat,240,229,INSPIRE,,2026-08-21,1126961,citation graph: Morningstar-Peardon 1999; Athenodorou-Teper 2021,Modern high-impact unquenched glueball spectrum and mixing study,https://arxiv.org/abs/1208.1858v2,https://arxiv.org/pdf/1208.1858v2,papers/core_cited_and_canonical/01_glueball_spectrum/2012_Gregory_1208.1858.pdf,True,20,cde570daa61de7c04856b326d84f66b043d67ebf44b1e02a7257bff0d5a8c985,2012-08-09,2012-11-05,We use a variational technique to study heavy glueballs on gauge configurations generated with 2+1 flavours of ASQTAD improved staggered fermions. The variational technique includes glueball scattering states. The measurements were made using 2150 configurations at 0.092 fm with a pion mass of 360 MeV. We report masses for 10 glueball states. We discuss the prospects for unquenched lattice QCD calculations of the oddballs.
2,core,rigorous_lgt,2011,The master field on the plane,Thierry Lévy,preprint,,,1112.2452,1112.2452v2,math-ph,2,,OpenAlex,exact-title record,2026-08-21,,citation graph: Shen-Smith-Zhu 2024,planar large-N master field characterized by Makeenko-Migdal equations,https://arxiv.org/abs/1112.2452v2,https://arxiv.org/pdf/1112.2452v2,papers/core_cited_and_canonical/04_rigorous_lattice_yang_mills/2011_Levy_1112.2452.pdf,True,133,12d28480b639a17ef7ee9e4d10518e493af911b355447d8b3735698789f1b142,2011-12-12,2012-06-11,"We study the large N asymptotics of the Brownian motions on the orthogonal, unitary and symplectic groups, extend the convergence in non-commutative distribution originally obtained by Biane for the unitary Brownian motion to the orthogonal and symplectic cases, and derive explicit estimates for the speed of convergence in non-commutative distribution of arbitrary words in independent Brownian motions. Using these results, we construct and study the large N limit of the Yang-Mills measure on the Euclidean plane with orthogonal, unitary and symplectic structure groups. We prove that each Wilson loop converges in probability towards a deterministic limit, and that its expectation converges to the same limit at a speed which is controlled explicitly by the length of the loop. In the course of this study, we reprove and mildly generalise a result of Hambly and Lyons on the set of tree-like rectifiable paths. Finally, we establish rigorously, both for finite N and in the large N limit, the Schwinger-Dyson equations for the expectations of Wilson loops, which in this context are called the Makeenko-Migdal equations. We study how these equations allow one to compute recursively the expectation of a Wilson loop as a component of the solution of a differential system with respect to the areas of the faces delimited by the loop."
2,core,flux_strings,2010,Corrections to Nambu-Goto energy levels from the effective string action,Ofer Aharony; Nizan Klinghoffer,journal/proceedings record,"JHEP 1012:058,2010",10.1007/JHEP12(2010)058,1008.2648,1008.2648v2,hep-th,76,73,INSPIRE,,2026-08-21,865376,citation graph: Athenodorou-Teper 2021; Lucini-Teper-Wenger 2004,Systematic nonuniversal corrections to Nambu-Goto energy levels from the effective string action,https://arxiv.org/abs/1008.2648v2,https://arxiv.org/pdf/1008.2648v2,papers/core_cited_and_canonical/02_flux_tubes_and_effective_strings/2010_Aharony_1008.2648.pdf,True,19,eecce529189269b5d713f71602e59cef6710c7bd4688434eb0d95ade5fbfb23b,2010-08-16,2010-11-14,"The effective action on long strings, such as confining strings in pure Yang-Mills theories, is well-approximated by the Nambu-Goto action, but this action cannot be exact. The leading possible corrections to this action (in a long string expansion in the static gauge), allowed by Lorentz invariance, were recently identified, both for closed strings and for open strings. In this paper we compute explicitly in a Hamiltonian formalism the leading corrections to the lowest-lying Nambu-Goto energy levels in both cases, and verify that they are consistent with the previously computed effective string partition functions. For open strings of length R the leading correction is of order 1/R^4, for excited closed strings of length R in D>3 space-time dimensions it is of order 1/R^5, while for the ground state of the closed string in any dimension it is of order 1/R^7. We attempt to match our closed string corrections to lattice results, but the latter are still mostly outside the range of convergence of the 1/R expansion that we use."
2,core,spectrum,2010,Glueball mass measurements from improved staggered fermion simulations,Christopher M. Richards; Alan C. Irving; Eric B. Gregory; Craig McNeile,journal/proceedings record,"Phys.Rev.D82:034501,2010",10.1103/PhysRevD.82.034501,1005.2473,1005.2473v2,hep-lat,76,73,INSPIRE,,2026-08-21,855663,citation graph: Morningstar-Peardon 1999; Athenodorou-Teper 2021,Improved-staggered calculation of glueball masses with dynamical sea quarks,https://arxiv.org/abs/1005.2473v2,https://arxiv.org/pdf/1005.2473v2,papers/core_cited_and_canonical/01_glueball_spectrum/2010_Richards_1005.2473.pdf,True,23,e571ce8d9097603a8d95efe6b9ac71fb8794a2033404023b68466aea92fc9f34,2010-05-14,2010-07-30,"We present the first 2+1 flavour spectrum measurements of glueball states using high statistics simulations with improved staggered fermions. We find a spectrum consistent with quenched measurements of scalar, pseudoscalar andtensor glueball states. The measurements were made using 5000 configurations at a lattice spacing of 0.123 fm and pion mass of 280 MeV and 3000 configurations at 0.092 fm with a pion mass of 360 MeV. We see some evidence of coupling to 2 pion states. We compare our results with the experimental glueball candidate spectrum as well as quenched glueball estimates."
2,core,flux_strings,2010,The Width of the Confining String in Yang-Mills Theory,F. Gliozzi; M. Pepe; U. -J. Wiese,journal/proceedings record,"Phys.Rev.Lett.104:232001,2010",10.1103/PhysRevLett.104.232001,1002.4888,1002.4888v2,hep-lat,75,66,INSPIRE,,2026-08-21,847009,citation graph: Athenodorou-Teper 2021; Lucini-Teper-Wenger 2004,Highly cited lattice/effective-string determination of confining-string broadening in Yang-Mills,https://arxiv.org/abs/1002.4888v2,https://arxiv.org/pdf/1002.4888v2,papers/core_cited_and_canonical/02_flux_tubes_and_effective_strings/2010_Gliozzi_1002.4888.pdf,True,4,352ecf2ca0c563a9e0eeaed0b6ed3b4757d1109c037b546c39dba868d3900430,2010-02-26,2010-06-23,We investigate the transverse fluctuations of the confining string connecting two static quarks in (2+1)-d SU(2) Yang-Mills theory using Monte Carlo calculations. The exponentially suppressed signal is extracted from the large noise by a very efficient multi-level algorithm. The resulting width of the string increases logarithmically with the distance between the static quark charges. Corrections at intermediate distances due to universal higher order terms in the effective string action are calculated analytically. They accurately fit the numerical data.
2,core,weingarten,2009,On some properties of orthogonal Weingarten functions,Benoît Collins; Sho Matsumoto,journal/proceedings record,"Journal of Mathematical Physics 50 (2009), no. 11, 113516",10.1063/1.3251304,0903.5143,0903.5143v1,math-ph,86,,OpenAlex,exact-title record,2026-08-21,,citation graph: Collins-Sniady 2006,structural and asymptotic properties of orthogonal Weingarten functions,https://arxiv.org/abs/0903.5143v1,https://arxiv.org/pdf/0903.5143v1,papers/core_cited_and_canonical/05_haar_and_weingarten/2009_Collins_0903.5143.pdf,True,18,d66d0e7be659415e62ed996dc7ec258d97e8b1db435c8df16232ca68b7f5ceb9,2009-03-30,2009-03-30,"We give a Fourier-type formula for computing the orthogonal Weingarten formula. The Weingarten calculus was introduced as a systematic method to compute integrals of polynomials with respect to Haar measure over classical groups. Although a Fourier-type formula was known in the unitary case, the orthogonal counterpart was not known. It relies on the Jack polynomial generalization of both Schur and zonal polynomials. This formula substantially reduces the complexity involved in the computation of Weingarten formulas. We also describe a few more new properties of the Weingarten formula, state a conjecture and give a table of values."
2,core,flux_strings,2009,On the effective action of confining strings,Ofer Aharony; Eyal Karzbrun,journal/proceedings record,"JHEP 0906:012,2009",10.1088/1126-6708/2009/06/012,0903.1927,0903.1927v4,hep-th,149,144,INSPIRE,,2026-08-21,815177,citation graph: Athenodorou-Teper 2021; Lucini-Teper-Wenger 2004,Foundational classification of the confining-string effective action and its universal terms,https://arxiv.org/abs/0903.1927v4,https://arxiv.org/pdf/0903.1927v4,papers/core_cited_and_canonical/02_flux_tubes_and_effective_strings/2009_Aharony_0903.1927.pdf,True,72,46867e9f243c15601811a0e2e2946d899191397d8c7ce50c28b3eb3462333237,2009-03-11,2009-03-26,"We study the low-energy effective action on confining strings (in the fundamental representation) in SU(N) gauge theories in D space-time dimensions. We write this action in terms of the physical transverse fluctuations of the string. We show that for any D, the four-derivative terms in the effective action must exactly match the ones in the Nambu-Goto action, generalizing a result of Luscher and Weisz for D=3. We then analyze the six-derivative terms, and we show that some of these terms are constrained. For D=3 this uniquely determines the effective action for closed strings to this order, while for D>3 one term is not uniquely determined by our considerations. This implies that for D=3 the energy levels of a closed string of length L agree with the Nambu-Goto result at least up to order 1/L^5. For any D we find that the partition function of a long string on a torus is unaffected by the free coefficient, so it is always equal to the Nambu-Goto partition function up to six-derivative order. For a closed string of length L, this means that for D>3 its energy can, in principle, deviate from the Nambu-Goto result at order 1/L^5, but such deviations must always cancel in the computation of the partition function. Next, we compute the effective action up to six-derivative order for the special case of confining strings in weakly-curved holographic backgrounds, at one-loop order (leading order in the curvature). Our computation is general, and applies in particular to backgrounds like the Witten background, the Maldacena-Nunez background, and the Klebanov-Strassler background. We show that this effective action obeys all of the constraints we derive, and in fact it precisely agrees with the Nambu-Goto action (the single allowed deviation does not appear)."
2,core,flux_strings,2008,Closed k-strings in SU(N) gauge theories : 2+1 dimensions,Barak Bringoltz; Michael Teper,journal/proceedings record,"Phys.Lett.B663:429-437,2008",10.1016/j.physletb.2008.04.052,0802.1490,0802.1490v1,hep-lat,53,41,INSPIRE,,2026-08-21,779180,citation graph: Athenodorou-Teper 2021; Lucini-Teper-Wenger 2004,Closed k-string spectroscopy across SU(N) gauge groups,https://arxiv.org/abs/0802.1490v1,https://arxiv.org/pdf/0802.1490v1,papers/core_cited_and_canonical/02_flux_tubes_and_effective_strings/2008_Bringoltz_0802.1490.pdf,True,22,2bcc105396a1bb4c66a3609415a944a2ec461c3d4a6a8496e5ea9de358ffe019,2008-02-11,2008-02-11,"We calculate the ground state energies of closed k-strings in (2+1)-dimensional SU(N) gauge theories, for N=4,5,6,8 and k=2,3,4. From the dependence of the ground state energy on the string length, we infer that such k-strings are described by an effective string theory that is in the same bosonic universality class (Nambu-Goto) as the fundamental string. When we compare the continuum k-string tensions to the corresponding fundamental string tensions, we find that the ratios are close to, but typically 1-2 percent above, the Casimir scaling values favoured by some theoretical approaches. Fitting the N-dependence in a model-independent way favours an expansion in 1/N (as in Casimir scaling) rather than the 1/N^2 that is suggested by naive colour counting. We also observe that the low-lying spectrum of k-string states falls into sectors that belong to particular irreducible representations of SU(N), demonstrating that the dynamics of string binding knows about the full gauge group and not just about its centre."
2,core,weingarten,2008,Complete homogeneous symmetric polynomials in Jucys-Murphy elements and the Weingarten function,Jonathan Novak,preprint,,,0811.3595,0811.3595v2,math.CO,23,,Semantic Scholar,OpenAlex journal linkage undercounts; cited journal record used,2026-08-21,,citation graph: Collins-Sniady 2006,Jucys-Murphy and symmetric-function formula for the unitary Weingarten function,https://arxiv.org/abs/0811.3595v2,https://arxiv.org/pdf/0811.3595v2,papers/core_cited_and_canonical/05_haar_and_weingarten/2008_Novak_0811.3595.pdf,True,12,354b1ebfce300f02840febba1d40c3eefb7ec1fe20bdb1c6c9e4bf3197b5e438,2008-11-21,2008-11-24,"A connection is made between complete homogeneous symmetric polynomials in Jucys-Murphy elements and the unitary Weingarten function from random matrix theory. In particular we show that $h_r(J_1,...,J_n),$ the complete homogeneous symmetric polynomial of degree $r$ in the JM elements, coincides with the $r$th term in the asymptotic expansion of the Weingarten function. We use this connection to determine precisely which conjugacy classes occur in the class basis resolution of $h_r(J_1,...,J_n),$ and to explicitly determine the coefficients of the classes of minimal height when $r < n.$ These coefficients, which turn out to be products of Catalan numbers, are governed by the Moebius function of the non-crossing partition lattice $NC(n).$"
2,core,effective_hamiltonian,2008,Perturbative Gadgets at Arbitrary Orders,Stephen P. Jordan; Edward Farhi,journal/proceedings record,"Phys. Rev. A 77, 062329 (2008)",10.1103/PhysRevA.77.062329,0802.1874,0802.1874v4,quant-ph,90,90,INSPIRE,,2026-08-21,3002591,citation graph: Bravyi-DiVincenzo-Loss 2011,arbitrary-order perturbative gadgets with explicit effective interactions,https://arxiv.org/abs/0802.1874v4,https://arxiv.org/pdf/0802.1874v4,papers/core_cited_and_canonical/06_effective_hamiltonians/2008_Jordan_0802.1874.pdf,True,14,a3478e3362eb2a754f4f57a3e883edd75b4ae595a338db57d083c7ee2dfcab66,2008-02-13,2012-01-31,"Adiabatic quantum algorithms are often most easily formulated using many-body interactions. However, experimentally available interactions are generally two-body. In 2004, Kempe, Kitaev, and Regev introduced perturbative gadgets, by which arbitrary three-body effective interactions can be obtained using Hamiltonians consisting only of two-body interactions. These three-body effective interactions arise from the third order in perturbation theory. Since their introduction, perturbative gadgets have become a standard tool in the theory of quantum computation. Here we construct generalized gadgets so that one can directly obtain arbitrary k-body effective interactions from two-body Hamiltonians. These effective interactions arise from the kth order in perturbation theory."
2,core,effective_hamiltonian,2008,Simulation of Many-Body Hamiltonians using Perturbation Theory with Bounded-Strength Interactions,Sergey Bravyi; David P. DiVincenzo; Daniel Loss; Barbara M. Terhal,journal/proceedings record,"Phys.Rev.Lett.101:070503,2008",10.1103/PhysRevLett.101.070503,0803.2686,0803.2686v1,quant-ph,87,80,INSPIRE,,2026-08-21,800091,citation graph: Bravyi-DiVincenzo-Loss 2011,bounded-strength many-body simulation by perturbative effective Hamiltonians,https://arxiv.org/abs/0803.2686v1,https://arxiv.org/pdf/0803.2686v1,papers/core_cited_and_canonical/06_effective_hamiltonians/2008_Bravyi_0803.2686.pdf,True,8,64a76bcb44330d7f4e7c3e77e0bda44d01d620f20647efa6daf1f7aa3d344e94,2008-03-18,2008-03-18,"We show how to map a given n-qubit target Hamiltonian with bounded-strength k-body interactions onto a simulator Hamiltonian with two-body interactions, such that the ground-state energy of the target and the simulator Hamiltonians are the same up to an extensive error O(epsilon n) for arbitrary small epsilon. The strength of interactions in the simulator Hamiltonian depends on epsilon and k but does not depend on n. We accomplish this reduction using a new way of deriving an effective low-energy Hamiltonian which relies on the Schrieffer-Wolff transformation of many-body physics."
2,core,flux_strings,2007,The closed string spectrum of SU(N) gauge theories in 2+1 dimensions,Andreas Athenodorou; Barak Bringoltz; Michael Teper,journal/proceedings record,"Phys.Lett.B656:132-140,2007",10.1016/j.physletb.2007.09.045,0709.0693,0709.0693v1,hep-lat,50,37,INSPIRE,,2026-08-21,759979,citation graph: Athenodorou-Teper 2021; Lucini-Teper-Wenger 2004,"Closed-string spectrum in 2+1D SU(N), an early direct Nambu-Goto comparison",https://arxiv.org/abs/0709.0693v1,https://arxiv.org/pdf/0709.0693v1,papers/core_cited_and_canonical/02_flux_tubes_and_effective_strings/2007_Athenodorou_0709.0693.pdf,True,21,7f4ae6cb3b368e05813b2426f5da435d8fd09cf934e4b1b5d05eee40688796cb,2007-09-05,2007-09-05,"We use lattice techniques to study the closed-string spectrum of SU(N) gauge theories in 2+1 dimensions. We calculate the energies of the lowest lying ~30 states for strings with lengths between l ~ 0.45 fm and l ~ 3 fm, and compare to different theoretical predictions. We obtain unambiguous evidence that the closed-strings are in the universality class of the Nambu-Goto free bosonic string. Moreover, we clearly see that our data can be described by a covariant string theory with a small/moderate correction down to very short distance scales, and possibly on all distance scales at large-N."
2,core,weingarten,2006,Asymptotics of unitary and othogonal matrix integrals,Benoit Collins; Alice Guionnet; Edouard Maurel-Segala,journal/proceedings record,"Adv. Math. 222 (2009), no. 1, 172-215",10.1016/j.aim.2009.03.019,math/0608193,math/0608193v3,math.PR,27,25,INSPIRE,,2026-08-21,1722119,citation graph: Collins-Sniady 2006,asymptotics of unitary and orthogonal matrix integrals used in surface weights,https://arxiv.org/abs/math/0608193v3,https://arxiv.org/pdf/math/0608193v3,papers/core_cited_and_canonical/05_haar_and_weingarten/2006_Collins_math-0608193.pdf,True,47,73dee08c85ce3fb1d7f50428dcb151f2ac15b6e77258786b0a3c30d7c644af02,2006-08-08,2008-06-25,"In this paper, we prove that in small parameter regions, arbitrary unitary matrix integrals converge in the large $N$ limit and match their formal expansion. Secondly we give a combinatorial model for our matrix integral asymptotics and investigate examples related to free probability and the HCIZ integral. Our convergence result also leads us to new results of smoothness of microstates. We finally generalize our approach to integrals over the othogonal group."
2,core,weingarten,2005,Integration over compact quantum groups,Teodor Banica; Benoit Collins,journal/proceedings record,"Publ. Res. Inst. Math. Sci. 43 (2007), no. 2, 277-302",10.2977/prims/1201011782,math/0511253,math/0511253v2,math.QA,80,,OpenAlex,exact-title record,2026-08-21,,citation graph: Collins-Sniady 2006,Weingarten integration extended to compact quantum groups,https://arxiv.org/abs/math/0511253v2,https://arxiv.org/pdf/math/0511253v2,papers/core_cited_and_canonical/05_haar_and_weingarten/2005_Banica_math-0511253.pdf,True,24,a63160f7f99a8552c919664544c65103288034cabf8089ad55e1bce14a9572e1,2005-11-10,2006-06-01,"We find a combinatorial formula for the Haar functional of the orthogonal and unitary quantum groups. As an application, we consider diagonal coefficients of the fundamental representation, and we investigate their spectral measures."
2,core,flat_bands,2005,On the structure of eigenfunctions corresponding to embedded eigenvalues of locally perturbed periodic graph operators,Peter Kuchment; Boris Vainberg,journal/proceedings record,"Comm. Math. Phys. 268 (2006), 673-686",10.1007/s00220-006-0105-2,math-ph/0511084,math-ph/0511084v1,math-ph,35,,OpenAlex,exact-title record,2026-08-21,,citation graph: Leykam-Andreanov-Flach 2018,compactly supported eigenfunctions for perturbed periodic graph operators,https://arxiv.org/abs/math-ph/0511084v1,https://arxiv.org/pdf/math-ph/0511084v1,papers/core_cited_and_canonical/08_flat_bands_and_graph_topology/2005_Kuchment_math-ph-0511084.pdf,True,20,dd24d8adc67d9d522362dcaaeacd03e81e8e883a3259e2343c9a9f010bf8cfbc,2005-11-28,2005-11-28,"The article is devoted to the following question. Consider a periodic self-adjoint difference (differential) operator on a graph (quantum graph) G with a co-compact free action of the integer lattice Z^n. It is known that a local perturbation of the operator might embed an eigenvalue into the continuous spectrum (a feature uncommon for periodic elliptic operators of second order). In all known constructions of such examples, the corresponding eigenfunction is compactly supported. One wonders whether this must always be the case. The paper answers this question affirmatively. What is more surprising, one can estimate that the eigenmode must be localized not far away from the perturbation (in a neighborhood of the perturbation's support, the width of the neighborhood determined by the unperturbed operator only). The validity of this result requires the condition of irreducibility of the Fermi (Floquet) surface of the periodic operator, which is expected to be satisfied for instance for periodic Schroedinger operators."
2,core,spectrum,2004,Glueball Regge trajectories and the Pomeron -- a lattice study --,Harvey B. Meyer; Michael J. Teper,journal/proceedings record,Phys.Lett. B605 (2005) 344-354,10.1016/j.physletb.2004.11.036,hep-ph/0409183,hep-ph/0409183v1,hep-ph,169,163,INSPIRE,,2026-08-21,659437,citation graph: Morningstar-Peardon 1999; Athenodorou-Teper 2021,High-impact lattice extraction of glueball Regge trajectories and the Pomeron connection,https://arxiv.org/abs/hep-ph/0409183v1,https://arxiv.org/pdf/hep-ph/0409183v1,papers/core_cited_and_canonical/01_glueball_spectrum/2004_Meyer_hep-ph-0409183.pdf,True,16,2250a39e8f1b048587bb4401338764b77dadd552308c5dcdb6e51b36ca4b3a33,2004-09-15,2004-09-15,"We perform lattice calculations of the lightest J=0,2,4,6 glueball masses in the D=3+1 SU(3) gauge theory and extrapolate to the continuum limit. Assuming that these masses lie on linear Regge trajectories we find a leading glueball trajectory alpha(t)=0.93(24) + 0.28(2)alpha'_R t, where alpha'_R ~ 0.9 GeV^{-2} is the slope of the usual mesonic Regge trajectory. This glueball trajectory has an intercept and slope similar to that of the Pomeron trajectory. We contrast this with the situation in D=2+1 where the leading glueball Regge trajectory is found to have too small an intercept to be important for high-energy cross-sections. We interpret the observed states and trajectories in terms of open and closed string models of glueballs. We discuss the large-N limit and perform an SU(8) calculation that hints at new states based on closed strings in higher representations."
2,core,effective_hamiltonian,2004,Higher order effective low-energy theories,A. L. Chernyshev; Dimitrios Galanakis; Philip Phillips; A. V. Rozhkov; A. -M. S. Tremblay,journal/proceedings record,"Phys. Rev. B 70, 235111 (2004)",10.1103/PhysRevB.70.235111,cond-mat/0407255,cond-mat/0407255v2,cond-mat.str-el,64,,OpenAlex,exact DOI/title record,2026-08-21,,citation graph: Bravyi-DiVincenzo-Loss 2011,fourth-order low-energy expansion comparing canonical and projection-resolvent methods,https://arxiv.org/abs/cond-mat/0407255v2,https://arxiv.org/pdf/cond-mat/0407255v2,papers/core_cited_and_canonical/06_effective_hamiltonians/2004_Chernyshev_cond-mat-0407255.pdf,True,14,74c0484bbee5bf8fb17e0066ecdb9d54108cb0e50513401f3c9581083a7ac58a,2004-07-09,2004-09-03,"Three well-known perturbative approaches to deriving low-energy effective theories, the degenerate Brillouin-Wigner perturbation theory (projection method), the canonical transformation, and the resolvent methods are compared. We use the Hubbard model as an example to show how, to fourth order in hopping t, all methods lead to the same effective theory, namely the t-J model with ring exchange and various correlated hoppings. We emphasize subtle technical difficulties that make such a derivation less trivial to carry out for orders higher than second. We also show that in higher orders, different approaches can lead to seemingly different forms for the low-energy Hamiltonian. All of these forms are equivalent since they are connected by an additional unitary transformation whose generator is given explicitly. The importance of transforming the operators is emphasized and the equivalence of their transformed structure within the different approaches is also demonstrated."
2,core,effective_hamiltonian,2004,The Complexity of the Local Hamiltonian Problem,Julia Kempe; Alexei Kitaev; Oded Regev,journal/proceedings record,"SIAM Journal of Computing, Vol. 35(5), p. 1070-1097 (2006), conference version in Proc. 24th FSTTCS, p. 372-383 (2004)",10.1137/S0097539704445226,quant-ph/0406180,quant-ph/0406180v2,quant-ph,661,659,INSPIRE,,2026-08-21,2728263,citation graph: Bravyi-DiVincenzo-Loss 2011,rigorous low-energy projection gadgets for encoded Hamiltonians,https://arxiv.org/abs/quant-ph/0406180v2,https://arxiv.org/pdf/quant-ph/0406180v2,papers/core_cited_and_canonical/06_effective_hamiltonians/2004_Kempe_quant-ph-0406180.pdf,True,30,6a38cefb1a1beb397fa7e90d62818aab6de9c21adfa6505426e9eec9fbf2e0fd,2004-06-24,2005-10-02,"The k-local Hamiltonian problem is a natural complete problem for the complexity class QMA, the quantum analog of NP. It is similar in spirit to MAX-k-SAT, which is NP-complete for k<=2. It was known that the problem is QMA-complete for any k <= 3. On the other hand 1-local Hamiltonian is in P, and hence not believed to be QMA-complete. The complexity of the 2-local Hamiltonian problem has long been outstanding. Here we settle the question and show that it is QMA-complete. We provide two independent proofs; our first proof uses only elementary linear algebra. Our second proof uses a powerful technique for analyzing the sum of two Hamiltonians; this technique is based on perturbation theory and we believe that it might prove useful elsewhere. Using our techniques we also show that adiabatic computation with two-local interactions on qubits is equivalent to standard quantum computation."
2,core,flux_strings,2004,Universal Subleading Spectrum of Effective String Theory,J. M. Drummond,preprint,,,hep-th/0411017,hep-th/0411017v2,hep-th,80,79,INSPIRE,,2026-08-21,663337,citation graph: Athenodorou-Teper 2021; Lucini-Teper-Wenger 2004,Highly cited derivation of the universal subleading closed-string spectrum,https://arxiv.org/abs/hep-th/0411017v2,https://arxiv.org/pdf/hep-th/0411017v2,papers/core_cited_and_canonical/02_flux_tubes_and_effective_strings/2004_Drummond_hep-th-0411017.pdf,True,7,86c3dc8902fac38fbbdc0d43a721b707bf87d5fe161c88625d39a6a79f119df8,2004-11-01,2006-08-16,We analyse the spectrum of the D-dimensional Poincare invariant effective string model of Polchinski and Strominger. It is shown that the leading terms beyond the Casimir term in the long distance expansion of the spectrum have a universal character which follows from the constraint of Poincare invariance.
2,core,spectrum,2003,Glueball Regge Trajectories in (2+1) Dimensional Gauge Theories,Harvey B. Meyer; Michael J. Teper,journal/proceedings record,Nucl.Phys. B668 (2003) 111-137,10.1016/j.nuclphysb.2003.07.003,hep-lat/0306019,hep-lat/0306019v1,hep-lat,61,55,INSPIRE,,2026-08-21,621187,citation graph: Morningstar-Peardon 1999; Athenodorou-Teper 2021,Direct 2+1D lattice determination of glueball Regge trajectories,https://arxiv.org/abs/hep-lat/0306019v1,https://arxiv.org/pdf/hep-lat/0306019v1,papers/core_cited_and_canonical/01_glueball_spectrum/2003_Meyer_hep-lat-0306019.pdf,True,28,111cccf130fe8ac23bfd45d4c1cb1e14e961824b75361432359b0939472d9f03,2003-06-16,2003-06-16,"We compute glueball masses for even spins ranging from 0 to 6, in the D=2+1 SU(2) lattice gauge theory. We do so over a wide range of lattice spacings, and this allows a well-controlled extrapolation to the continuum limit. When the resulting spectrum is presented in the form of a Chew-Frautschi plot we find that we can draw a straight Regge trajectory going through the lightest glueballs of spin 0, 2, 4 and 6. The slope of this trajectory is small and turns out to lie between the predictions of the adjoint-string and flux-tube glueball models. The intercept we find, α_0 ~ -1, is much lower than is needed for this leading trajectory to play a `Pomeron-like' role of the kind it is often believed to play in D=3+1. We elaborate the Regge theory of high energy scattering in 2 space dimensions, and we conclude, from the observed low intercept, that high-energy glueball scattering is not dominated by the leading Regge pole exchange, but rather by a more complex singularity structure in the region 0 <= Reλ <= 1/2 of the complex angular momentum λplane. We show that these conclusions do not change if we go to larger groups, SU(N>2), and indeed to SU(\infty), and we contrast all this with our very preliminary calculations in the D=3+1 SU(3) gauge theory."
2,core,flux_strings,2002,Fine Structure of the QCD String Spectrum,K. Jimmy Juge; Julius Kuti; Colin Morningstar,journal/proceedings record,"Phys.Rev.Lett.90:161601,2003",10.1103/PhysRevLett.90.161601,hep-lat/0207004,hep-lat/0207004v2,hep-lat,317,305,INSPIRE,,2026-08-21,590176,citation graph: Athenodorou-Teper 2021; Lucini-Teper-Wenger 2004,Landmark high-citation lattice resolution of the fine structure of the QCD-string excitation spectrum,https://arxiv.org/abs/hep-lat/0207004v2,https://arxiv.org/pdf/hep-lat/0207004v2,papers/core_cited_and_canonical/02_flux_tubes_and_effective_strings/2002_Juge_hep-lat-0207004.pdf,True,5,cb9f14398ab1f553c63e0d84af2f87a8401a4c256c5d27120bbd3b4301bcabc3,2002-07-09,2003-03-21,"Using advanced lattice methods in Quantum Chromodynamics, three distinct scales are established in the excitation spectrum of the gluon field around a static quark-antiquark pair as the color source separation R is varied. On the shortest length scale, the excitations are consistent with states created by local gluon field operators arising from a multipole operator product expansion. An intermediate crossover region below 2 fm is identified with a dramatic rearrangement of the level orderings. On the largest length scale of 2-3 fm, the spectrum agrees with that expected for string-like excitations. The energies nearly reproduce asymptotic pi/R string gaps, but exhibit a fine structure, providing important clues for developing an effective bosonic string description."
2,core,weingarten,2002,"Moments and Cumulants of Polynomial random variables on unitary groups, the Itzykson-Zuber integral and free probability",Benoit Collins,journal/proceedings record,"Int. Math. Res. Not., (17):953-982, 2003.",,math-ph/0205010,math-ph/0205010v2,math-ph,410,,OpenAlex,exact DOI record 10.1155/S107379280320917X; preprint duplicate undercounts,2026-08-21,,citation graph: Collins-Sniady 2006,"unitary matrix moments, cumulants, and Itzykson-Zuber asymptotics",https://arxiv.org/abs/math-ph/0205010v2,https://arxiv.org/pdf/math-ph/0205010v2,papers/core_cited_and_canonical/05_haar_and_weingarten/2002_Collins_math-ph-0205010.pdf,True,34,34edb9ddd0d517c2efecbec987631e7db7badfc604878fc0d443bbb8a5a162c1,2002-05-07,2002-06-06,"We consider integrals on unitary groups $U_d$ of the form $$\int_{U_d}U_{i_1j_1}... U_{i_qj_q}U^*_{j'_{1}i'_{1}} ... U^*_{j'_{q'}i'_{q'}}dU$$ We give an explicit formula in terms of characters of symmetric groups and Schur functions, which allows us to rederive an asymptotic expansion as $d\to\infty$. Using this we rederive and strenghthen a result of asymptotic freeness due to Voiculescu. We then study large $d$ asymptotics of matrix model integrals and of the logarithm of Itzykson-Zuber integrals and show that they converge towards a limit when considered as power series. In particular we give an explicit formula for $$\lim_{d\to\infty}\frac{\partial^n}{\partial z^n}d^{-2} \log\int_{U_d} e^{zd Tr (XUYU^*)}dU|_{z=0}$$ assuming that the normalized traces $d^{-1} Tr(X^k)$ and $d^{-1} Tr (Y^k)$ converge in the large $d$ limit. We consider as well a different scaling and relate its asymptotics to Voiculescu's R-transform."
2,core,spectrum,2002,SU(N) gauge theories in 2+1 dimensions -- further results,B. Lucini; M. Teper,journal/proceedings record,Phys.Rev. D66 (2002) 097502,10.1103/PhysRevD.66.097502,hep-lat/0206027,hep-lat/0206027v1,hep-lat,107,86,INSPIRE,,2026-08-21,589046,citation graph: Morningstar-Peardon 1999; Athenodorou-Teper 2021,High-impact follow-up with additional SU(N) 2+1D spectrum/string results,https://arxiv.org/abs/hep-lat/0206027v1,https://arxiv.org/pdf/hep-lat/0206027v1,papers/core_cited_and_canonical/01_glueball_spectrum/2002_Lucini_hep-lat-0206027.pdf,True,15,79b2e19c9a51293c7e92dd059f8dcfd6dde4d2c7c1888a28616789b8eb065e37,2002-06-24,2002-06-24,"We calculate the string tension and part of the mass spectrum of SU(4) and SU(6) gauge theories in 2+1 dimensions using lattice techniques. We combine these new results with older results for N=2,...,5 so as to obtain more accurate extrapolations to N=infinity. The qualitative conclusions of the earlier work are unchanged: SU(N) theories in 2+1 dimensions are linearly confining as N->infinity; the limit is achieved by keeping g.g.N fixed; SU(3), and even SU(2), are `close' to SU(infinity). We obtain more convincing evidence than before that the leading large-N correction is O(1/N.N). We look for the multiplication of states that one expects in simple flux loop models of glueballs, but find no evidence for this."
2,core,flux_strings,2001,Confining strings in SU(N) gauge theories,B. Lucini; M. Teper,journal/proceedings record,Phys.Rev. D64 (2001) 105019,10.1103/PhysRevD.64.105019,hep-lat/0107007,hep-lat/0107007v2,hep-lat,188,150,INSPIRE,,2026-08-21,559626,citation graph: Athenodorou-Teper 2021; Lucini-Teper-Wenger 2004,Foundational numerical SU(N) confining-string and k-string study,https://arxiv.org/abs/hep-lat/0107007v2,https://arxiv.org/pdf/hep-lat/0107007v2,papers/core_cited_and_canonical/02_flux_tubes_and_effective_strings/2001_Lucini_hep-lat-0107007.pdf,True,58,b9f4afbc1f825987c00a96cb355650a37cc0abd71ddaa01d107c5db095b5e62e,2001-07-05,2001-08-01,"We calculate the string tensions of $k$-strings in SU($N$) gauge theories in both 3 and 4 dimensions. In D=3+1, we find that the ratio of the $k=2$ string tension to the $k = 1$ fundamental string tension is consistent, at the $2 σ$ level, with both the M(-theory)QCD-inspired conjecture and with `Casimir scaling'. In D=2+1 we see a definite deviation from the MQCD formula, as well as a much smaller but still significant deviation from Casimir scaling. We find that in both D=2+1 and D=3+1 the high temperature spatial $k$-string tensions also satisfy approximate Casimir scaling. We point out that approximate Casimir scaling arises naturally if the cross-section of the flux tube is nearly independent of the flux carried, and that this will occur in an effective dual superconducting description, if we are in the deep-London limit. We estimate, numerically, the intrinsic width of $k$-strings in D=2+1 and indeed find little variation with $k$. In addition to the stable $k$-strings we investigate some ofthe unstable strings, finding in D=2+1 that they satisfy (approximate) Casimir scaling. We also investigate the basic assumption that confining flux tubes are described by an effective string theory at large distances. We estimate the coefficient of the universal Lüscher correction from periodic strings that are longer than 1 fermi, and find $c_L=0.98(4)$ in D=3+1 and $c_L=0.558(19)$ in D=2+1. These values are within $2 σ$ of the simple bosonic string values and are inconsistent with other simple effective string theories."
2,core,spectrum,2001,On the glueball spectrum in O(a)-improved lattice QCD,UKQCD Collaboration; A. Hart; M. Teper,journal/proceedings record,"Phys.Rev.D65:034502,2002",10.1103/PhysRevD.65.034502,hep-lat/0108022,hep-lat/0108022v2,hep-lat,89,80,INSPIRE,,2026-08-21,561585,citation graph: Morningstar-Peardon 1999; Athenodorou-Teper 2021,O(a)-improved unquenched spectrum with finite-volume/torelon mixing analysis,https://arxiv.org/abs/hep-lat/0108022v2,https://arxiv.org/pdf/hep-lat/0108022v2,papers/core_cited_and_canonical/01_glueball_spectrum/2001_Collaboration_hep-lat-0108022.pdf,True,34,19930690bec67e3be3325caa3b933311b964991e2e60fe0a904d6a463f1de77a,2001-08-16,2001-12-21,"We calculate the light `glueball' mass spectrum in N_f=2 lattice QCD using a fermion action that is non-perturbatively O(a) improved. We work at lattice spacings a ~0.1 fm and with quark masses that range down to about half the strange quark mass. We find the statistical errors to be moderate and under control on relatively small ensembles. We compare our mass spectrum to that of quenched QCD at the same value of a. Whilst the tensor mass is the same (within errors), the scalar mass is significantly smaller in the dynamical lattice theory, by a factor of ~(0.84 +/- 0.03). We discuss what the observed m_q dependence of this suppression tells us about the dynamics of glueballs in QCD. We also calculate the masses of flux tubes that wind around the spatial torus, and extract the string tension from these. As we decrease the quark mass we see a small but growing vacuum expectation value for the corresponding flux tube operators. This provides clear evidence for `string breaking' and for the (expected) breaking of the associated gauge centre symmetry by sea quarks."
2,core,spectrum,2001,SU(N) gauge theories in four dimensions: exploring the approach to N = infinity,B. Lucini; M. Teper,journal/proceedings record,"JHEP 0106:050,2001",10.1088/1126-6708/2001/06/050,hep-lat/0103027,hep-lat/0103027v2,hep-lat,276,210,INSPIRE,,2026-08-21,554460,citation graph: Morningstar-Peardon 1999; Athenodorou-Teper 2021,Highly cited 4D SU(N) lattice study establishing the approach to N=infinity,https://arxiv.org/abs/hep-lat/0103027v2,https://arxiv.org/pdf/hep-lat/0103027v2,papers/core_cited_and_canonical/01_glueball_spectrum/2001_Lucini_hep-lat-0103027.pdf,True,41,21722811baf690422fdacf21e5b88ac441f0fcb4b5f8f5767468b23e4889e70f,2001-03-23,2001-06-27,"We calculate the string tension, K, and some of the lightest glueball masses, M, in 3+1 dimensional SU(N) lattice gauge theories for N=2,3,4,5 . From the continuum extrapolation of the lattice values, we find that the mass ratios, M/sqrt(K), appear to show a rapid approach to the large-N limit, and, indeed, can be described all the way down to SU(2) using just a leading O(1/NxN) correction. We confirm that the smooth large-N limit we find, is obtained by keeping a constant 't Hooft coupling. We also calculate the topological charge of the gauge fields. We observe that, as expected, the density of small-size instantons vanishes rapidly as N increases, while the topological susceptibility appears to have a non-zero N=infinity limit."
2,core,spectrum,2000,Static potentials and glueball masses from QCD simulations with Wilson sea quarks,Gunnar S. Bali; Bram Bolder; Norbert Eicker; Thomas Lippert; Boris Orth; Peer Ueberholz; Klaus Schilling; Thorsten Struckmann,journal/proceedings record,Phys.Rev. D62 (2000) 054503,10.1103/PhysRevD.62.054503,hep-lat/0003012,hep-lat/0003012v2,hep-lat,304,287,INSPIRE,,2026-08-21,525026,citation graph: Morningstar-Peardon 1999; Athenodorou-Teper 2021,Highly cited sea-quark study that explicitly treats glueball and torelon contamination,https://arxiv.org/abs/hep-lat/0003012v2,https://arxiv.org/pdf/hep-lat/0003012v2,papers/core_cited_and_canonical/01_glueball_spectrum/2000_Bali_hep-lat-0003012.pdf,True,15,bb23dac0169c7f0dd4600dd4d7dabd37f4fe4870d8f2d8057bf4cf1fd0ae2dc6,2000-03-16,2000-04-27,"We calculate glueball and torelon masses as well as the lowest lying hybrid potential in addition to the static ground state potential in lattice simulations of QCD with two flavours of dynamical Wilson fermions. The results are obtained on lattices with $16^3\times 32$ and $24^3\times 40$ sites at $β=5.6$, corresponding to a lattice spacing, $a^{-1}=2.65^{+5}_{-8}$ GeV, as determined from the Sommer force radius, at physical sea quark mass. The range spanned in the present study of five different quark masses is reflected in the ratios, $0.83\geq m_π/m_ρ\geq 0.57$."
2,core,flat_bands,1998,Aharonov-Bohm cages in two-dimensional structures,J. Vidal; R. Mosseri; B. Doucot,journal/proceedings record,"Phys. Rev. Lett. 81, 5888 (1998)",10.1103/PhysRevLett.81.5888,cond-mat/9806068,cond-mat/9806068v1,cond-mat.mes-hall,476,,OpenAlex,exact DOI/title record,2026-08-21,,citation graph: Leykam-Andreanov-Flach 2018,Aharonov-Bohm cages and exact compact localization by flux interference,https://arxiv.org/abs/cond-mat/9806068v1,https://arxiv.org/pdf/cond-mat/9806068v1,papers/core_cited_and_canonical/08_flat_bands_and_graph_topology/1998_Vidal_cond-mat-9806068.pdf,True,8,d8a9dce77e5d074ab2a2747433981f057485b4dff2ef0177386405766ae434e2,1998-06-05,1998-06-05,"We present an extreme localization mechanism induced by a magnetic field for tight-binding electrons in two-dimensional structures. This spectacular phenomenon is investigated for a large class of tilings (periodic, quasiperiodic, or random). We are led to introduce the Aharonov-Bohm cages defined as the set of sites eventually visited by a wavepacket that can, for particular values of the magnetic flux, be bounded. We finally discuss the quantum dynamics which exhibits an original pulsating behaviour."
2,core,spectrum,1998,Glueball masses and other physical properties of SU(N) gauge theories in D=3+1: a review of lattice results for theorists,Michael Teper,preprint,,,hep-th/9812187,hep-th/9812187v1,hep-th,205,204,INSPIRE,,2026-08-21,481344,citation graph: Morningstar-Peardon 1999; Athenodorou-Teper 2021,Citation-heavy synthesis of 3+1D SU(N) lattice masses and observables,https://arxiv.org/abs/hep-th/9812187v1,https://arxiv.org/pdf/hep-th/9812187v1,papers/core_cited_and_canonical/01_glueball_spectrum/1998_Teper_hep-th-9812187.pdf,True,28,a64947270cd94477bd7887e03ed1bf9ad5bdab10c0800f46a07710edf4d1e4db,1998-12-21,1998-12-21,"We summarise what lattice simulations have to say about the physical properties of continuum SU(N) gauge theories in 3+1 dimensions. The quantities covered are: the glueball mass spectrum, the confining string tension, the temperature at which the theory becomes deconfined, the topological susceptibility, the value of the scale Lambda{MS-bar} that governs the rate at which the coupling runs and the r0 parameter that characterises the static quark potential at intermediate distances."
2,core,spectrum,1998,SU(N) gauge theories in 2+1 dimensions,M. Teper,journal/proceedings record,Phys.Rev. D59 (1999) 014512,10.1103/PhysRevD.59.014512,hep-lat/9804008,hep-lat/9804008v2,hep-lat,367,367,INSPIRE,,2026-08-21,469032,citation graph: Morningstar-Peardon 1999; Athenodorou-Teper 2021,"Citation-heavy continuum SU(N) study in 2+1D, foundational for later spectrum tables",https://arxiv.org/abs/hep-lat/9804008v2,https://arxiv.org/pdf/hep-lat/9804008v2,papers/core_cited_and_canonical/01_glueball_spectrum/1998_Teper_hep-lat-9804008.pdf,True,86,aec45d8f81de41bc4e498dd075e30f769b68081d1d91db66bdee058207a2f38e,1998-04-07,1998-11-23,"We calculate the mass spectra and string tensions of SU(2), SU(3), SU(4) and SU(5) gauge theories in 2+1 dimensions. We do so by simulating the corresponding lattice theories and then extrapolating dimensionless mass ratios to the continuum limit. We find that such mass ratios are, to a first approximation, independent of the number of colours and that the remaining dependence can be accurately reproduced by a simple O(1/N.N) correction. This provides us with a prediction of these mass ratios for all SU(N) theories in 2+1 dimensions and demonstrates that these theories are already `close' to N=infinity for N=2. We find that the theory retains a non-zero confining string tension as N goes to infinity and that the dimensionful coupling g.g is proportional to 1/N at large N, when expressed in units of the dynamical length scale of the theory. During the course of these calculations we study in detail the effects of including over-relaxation in the Monte Carlo, of using a mean-field improved coupling to extrapolate to the continuum limit, and the use of space-time asymmetric lattice actions to resolve heavy glueball correlators."
2,core,spectrum,1997,Efficient glueball simulations on anisotropic lattices,Colin Morningstar; Mike Peardon,journal/proceedings record,"Phys.Rev.D56:4043-4061,1997",10.1103/PhysRevD.56.4043,hep-lat/9704011,hep-lat/9704011v1,hep-lat,370,341,INSPIRE,,2026-08-21,442407,citation graph: Morningstar-Peardon 1999; Athenodorou-Teper 2021,Introduces efficient anisotropic-lattice glueball spectroscopy techniques used by the landmark 1999 spectrum,https://arxiv.org/abs/hep-lat/9704011v1,https://arxiv.org/pdf/hep-lat/9704011v1,papers/core_cited_and_canonical/01_glueball_spectrum/1997_Morningstar_hep-lat-9704011.pdf,True,43,71cd6c4bf2fe29547cb5f3fc7bcda392ec9ca55362cfa31c2f45d7c3755e93a7,1997-04-22,1997-04-22,"Monte Carlo results for the low-lying glueball spectrum using an improved, anisotropic action are presented. Ten simulations at lattice spacings ranging from 0.2 to 0.4 fm and two different anisotropies have been performed in order demonstrate the advantages of using coarse, anisotropic lattices to calculate glueball masses. Our determinations of the tensor (2++) and pseudovector (1+-) glueball masses are more accurate than previous Wilson action calculations."
2,core,flat_bands,1997,From Nagaoka's ferromagnetism to flat-band ferromagnetism and beyond: An introduction to ferromagnetism in the Hubbard model,Hal Tasaki,journal/proceedings record,,10.1143/PTP.99.489,cond-mat/9712219,cond-mat/9712219v3,cond-mat.str-el,405,,OpenAlex,exact-title record,2026-08-21,,citation graph: Leykam-Andreanov-Flach 2018,rigorous flat-band ferromagnetism review and theorem synthesis,https://arxiv.org/abs/cond-mat/9712219v3,https://arxiv.org/pdf/cond-mat/9712219v3,papers/core_cited_and_canonical/08_flat_bands_and_graph_topology/1997_Tasaki_cond-mat-9712219.pdf,True,72,06b9b55dd9a21747a37c89791a8faaabd13cb3658a30095416870358b5d1626b,1997-12-18,1998-03-09,"This is a self-contained review about ferromagnetism in the Hubbard model, which should be accessible to readers with various backgrounds who are new to the field. We describe Nagaoka's ferromagnetism and flat-band ferromagnetism in detail, giving all necessary backgrounds as well as complete (but elementary) mathematical proofs. By studying an intermediate model called long-range hopping model, we also demonstrate that there is indeed a deep relation between these two seemingly different approaches to ferromagnetism. We further discuss some attempts to go beyond these approaches. We briefly discuss recent rigorous example of ferromagnetism in the Hubbard model which has neither infinitely large parameters nor completely flat bands. We give preliminary discussions about possible experimental realizations of the (nearly-)flat-band ferromagnetism. Finally we focus on some theoretical attempts to understand metallic ferromagnetism. We discuss three artificial one-dimensional models in which the existence of metallic ferromagnetism can be easily proved."
2,core,spectrum,1993,A comprehensive lattice study of SU(3) glueballs,UKQCD Collaboration; GS Bali; K Schilling; A Hulsebos; AC Irving; C Michael; PW Stephenson,journal/proceedings record,"Phys.Lett.B309:378-384,1993",10.1016/0370-2693(93)90948-H,hep-lat/9304012,hep-lat/9304012v1,hep-lat,586,550,INSPIRE,,2026-08-21,353831,citation graph: Morningstar-Peardon 1999; Athenodorou-Teper 2021,Classic high-statistics SU(3) spectrum; a major backward-citation anchor for modern continuum spectra,https://arxiv.org/abs/hep-lat/9304012v1,https://arxiv.org/pdf/hep-lat/9304012v1,papers/core_cited_and_canonical/01_glueball_spectrum/1993_Collaboration_hep-lat-9304012.pdf,True,11,84535b24d5447dc4bbbfae6a1c05b4a3f09359c3b275ee3457b871bf91e2549b,1993-04-21,1993-04-21,We present a study of the $SU(3)$ glueball spectrum for all $J^{PC}$ values at lattice spacings down to $a^{-1}=3.73 (6)$ GeV ($β=6.4$) using lattices of size up to $32^4$. We extend previous studies and show that the continuum limit has effectively been reached. The number of clearly identified $J^{PC}$ states has been substantially increased. There are no clear signals for spin-exotic glueballs below 3 GeV. A comparison with current experimental glueball candidates is made.
2,emerging,flux_strings,2026,Imprints of asymptotic freedom on confining strings,Jan Albert; Alexandre Homrich,journal/proceedings record,Phys.Rev.Lett. 137 (2026) 041601,10.1103/6399-gw3k,2602.15097,2602.15097v1,hep-th,7,6,INSPIRE,,2026-08-21,3120985,citation graph: Athenodorou-Teper 2021; Lucini-Teper-Wenger 2004,2026 PRL connecting asymptotic freedom to measurable confining-string imprints,https://arxiv.org/abs/2602.15097v1,https://arxiv.org/pdf/2602.15097v1,papers/emerging_peer_reviewed_and_direct/02_flux_tubes_and_effective_strings/2026_Albert_2602.15097.pdf,True,19,79e04d0f5411a8f4323aed32c74c760e9196a903d9848c35492756f89d070ef3,2026-02-16,2026-02-16,"We consider the Polyakov loop correlator in the confining phase of large $N$ Yang-Mills theory in three and four dimensions. It can be computed by summing over the exchange of closed flux tubes winding around the thermal cycle. At short separations, the leading divergence is controlled by perturbation theory. Combining these two facts allows us to determine the asymptotic spectral density of string states contributing to the correlator. This sharply relates the weakly-coupled UV of the gauge theory to the dynamics of highly energetic flux tubes. Then, in a toy integrable setting, we explore how this can bound the scattering data of the Goldstone modes on top of a long string. We derive a bound on the asymptotic behavior of the reflection amplitude of Goldstones against the flux tube boundary sourced by the Polyakov line, and rule out an asymptotically linear phase shift for the S-matrix. Along the way, we discuss how causality can impose bounds on thermodynamic quantities, and show how the positivity of time delays follows from unitarity and analyticity of $2d$ massless elastic S-matrices. We include a review on reflection amplitudes, and their computation in the theory of long effective strings."
2,emerging,hamiltonian_quantum,2025,Accurate ground states of $SU(2)$ lattice gauge theory in 2+1D and 3+1D,Thomas Spriggs; Eliska Greplova; Juan Carrasquilla; Jannes Nys,journal/proceedings record,Phys.Rev.Lett. 136 (2026) 101902,10.1103/wsk2-qcvy,2509.12323,2509.12323v1,hep-lat,9,9,INSPIRE,,2026-08-21,2969976,citation graph: Bauer et al. 2023,variational SU(2) ground states in 2+1D and 3+1D,https://arxiv.org/abs/2509.12323v1,https://arxiv.org/pdf/2509.12323v1,papers/emerging_peer_reviewed_and_direct/07_hamiltonian_and_gauge_invariant_formulations/2025_Spriggs_2509.12323.pdf,True,19,de96e24173e497670daf13ca88516940c4cb3bac0426e98366daa725286fa949,2025-09-15,2025-09-15,"We present a neural network wavefunction framework for solving non-Abelian lattice gauge theories in a continuous group representation. Using a combination of $SU(2)$ equivariant neural networks alongside an $SU(2)$ invariant, physics-inspired ansatz, we learn a parameterization of the ground state wavefunction of $SU(2)$ lattice gauge theory in 2+1 and 3+1 dimensions. Our method, performed in the Hamiltonian formulation, has a straightforward generalization to $SU(N)$. We benchmark our approach against a solely invariant ansatz by computing the ground state energy, demonstrating the need for bespoke gauge equivariant transformations. We evaluate the Creutz ratio and average Wilson loop, and obtain results in strong agreement with perturbative expansions. Our method opens up an avenue for studying lattice gauge theories beyond one dimension, with efficient scaling to larger systems, and in a way that avoids both the sign problem and any discretization of the gauge group."
2,emerging,hamiltonian_quantum,2025,Dynamics in Hamiltonian Lattice Gauge Theory: Approaching the Continuum Limit with Partitionings of SU$(2)$,Timo Jakobs; Marco Garofalo; Tobias Hartung; Karl Jansen; Johann Ostmeyer; Simone Romiti; Carsten Urbach,journal/proceedings record,Eur.Phys.J.C 85 (2025) 1418,10.1140/epjc/s10052-025-15120-x,2503.03397,2503.03397v1,hep-lat,12,8,INSPIRE,,2026-08-21,2897074,citation graph: Kogut-Susskind 1975; Bauer et al. 2023,Recent peer-reviewed dynamical SU(2) approach toward the continuum limit,https://arxiv.org/abs/2503.03397v1,https://arxiv.org/pdf/2503.03397v1,papers/emerging_peer_reviewed_and_direct/07_hamiltonian_and_gauge_invariant_formulations/2025_Jakobs_2503.03397.pdf,True,11,e83368477df9104de10199f9821b4866def4daa8e4d9fbc00ccee52e6e0fa1ba,2025-03-05,2025-03-05,"In this paper, we investigate a digitised SU$(2)$ lattice gauge theory in the Hamiltonian formalism. We use partitionings to digitise the gauge degrees of freedom and show how to define a penalty term based on finite element methods to project onto physical states of the system. Moreover, we show for a single plaquette system that in this framework the limit $g\to0$ can be approached at constant cost."
2,emerging,hamiltonian_quantum,2025,Efficient Truncations of SU($N_c$) Lattice Gauge Theory for Quantum Simulation,Anthony N. Ciavarella; I. M. Burbano; Christian W. Bauer,journal/proceedings record,Phys.Rev.D 112 (2025) 054514,10.1103/ylqb-phv5,2503.11888,2503.11888v5,hep-lat,27,22,INSPIRE,,2026-08-21,2900982,citation graph: Bauer et al. 2023,controlled efficient gauge-field truncations for SU(Nc) Hamiltonians,https://arxiv.org/abs/2503.11888v5,https://arxiv.org/pdf/2503.11888v5,papers/emerging_peer_reviewed_and_direct/07_hamiltonian_and_gauge_invariant_formulations/2025_Ciavarella_2503.11888.pdf,True,27,55f47cd77126e296d8dbd91d1a18ca2b66a80afa9dd20bc78c56c88a56113c5c,2025-03-14,2026-02-17,"Quantum simulations of lattice gauge theories offer the potential to directly study the non-perturbative dynamics of quantum chromodynamics, but naive analyses suggest that they require large computational resources. Large $N_c$ expansions are performed to order 1/$N_c$ to simplify the Hamiltonian of pure SU($N_c$) lattice gauge theories. A reformulation of the electric basis is introduced with a truncation strategy based on the construction of local Krylov subspaces with plaquette operators. Numerical simulations show that these truncated Hamiltonians are consistent with traditional lattice calculations at relatively small couplings. It is shown that the computational resources required for quantum simulation of time evolution generated by these Hamiltonians is 17-19 orders of magnitude smaller than previous approaches."
2,emerging,hamiltonian_quantum,2025,Emergent Hydrodynamic Mode on SU(2) Plaquette Chains and Quantum Simulation,Francesco Turro; Xiaojun Yao,journal/proceedings record,"Phys. Rev. D 111, 094502 (2025)",10.1103/PhysRevD.111.094502,2502.17551,2502.17551v2,hep-ph,17,10,INSPIRE,,2026-08-21,2894335,citation graph: Bauer et al. 2023,emergent hydrodynamic mode in SU(2) plaquette-chain Hamiltonian dynamics,https://arxiv.org/abs/2502.17551v2,https://arxiv.org/pdf/2502.17551v2,papers/emerging_peer_reviewed_and_direct/07_hamiltonian_and_gauge_invariant_formulations/2025_Turro_2502.17551.pdf,True,15,2134365f01cde2e5001fb02b9f44afef41f7edfa81e8ae85cdefcba0addea2af,2025-02-24,2025-05-05,"We search for emergent hydrodynamic modes in real-time Hamiltonian dynamics of $2+1$-dimensional SU(2) lattice gauge theory on a quasi one dimensional plaquette chain, by numerically computing symmetric correlation functions of energy densities on lattice sizes of about $20$ with the local Hilbert space truncated at $j_{\rm max}=\frac{1}{2}$. Because of the Umklapp processes, we only find a mode for energy diffusion. The symmetric correlator exhibits transport peak near zero frequency with a width approximately proportional to momentum squared at small momentum, when the system is fully quantum ergodic, as indicated by the eigenenergy level statistics. This transport peak leads to a power-law $t^{-\frac{1}{2}}$ decay of the symmetric correlator at late time, also known as the long-time tail, as well as diffusion-like spreading in position space. We also introduce a quantum algorithm for computing the symmetric correlator on a quantum computer and find it gives results consistent with exact diagonalization when tested on the IBM emulator. Finally we discuss the future prospect of searching for the sound modes."
2,emerging,hamiltonian_quantum,2025,Generic Hilbert Space Fragmentation in Kogut--Susskind Lattice Gauge Theories,Anthony N. Ciavarella; Christian W. Bauer; Jad C. Halimeh,journal/proceedings record,Phys.Rev.D 112 (2025) L091501,10.1103/p4xd-4ngx,2502.03533,2502.03533v2,quant-ph,26,12,INSPIRE,,2026-08-21,2877058,citation graph: Bauer et al. 2023,Hilbert-space fragmentation and structural sectors in Kogut-Susskind Hamiltonians,https://arxiv.org/abs/2502.03533v2,https://arxiv.org/pdf/2502.03533v2,papers/emerging_peer_reviewed_and_direct/07_hamiltonian_and_gauge_invariant_formulations/2025_Ciavarella_2502.03533.pdf,True,12,110fb90fc2a1d51048fafa26618192bcc0b7c8e61b9ee959f0fcef2d4f76acb2,2025-02-05,2025-10-20,"At the heart of quantum many-body physics lies the understanding of mechanisms that avoid quantum thermalization in an isolated system quenched far from equilibrium. A prominent example is Hilbert space fragmentation, which has recently emerged as an ergodicity-breaking mechanism in constrained spin models. Here, we show that Kogut--Susskind formulations of lattice gauge theories in $d+1$D ($d$ spatial and one temporal dimensions) give rise to Hilbert space fragmentation, and discuss possible implications for understanding continuum physics. Our findings not only prove that lattice gauge theories are a natural platform for Hilbert space fragmentation, they also serve as a guide to the conditions under which these models can be faithfully used to infer the thermalization properties of quantum chromodynamics."
2,emerging,spectrum,2025,Glueball mass spectrum at finite temperature revisited: Constant contribution in glueball correlators in the deconfinement phase,Toshizo Arikawa; Keita Sakai; Shoichi Sasaki,journal/proceedings record,Phys.Rev.D 112 (2025) 014506,10.1103/3qy4-b8ym,2504.09120,2504.09120v2,hep-lat,6,6,INSPIRE,,2026-08-21,2911572,citation graph: Morningstar-Peardon 1999,finite-temperature SU(3) glueball correlators on anisotropic lattices,https://arxiv.org/abs/2504.09120v2,https://arxiv.org/pdf/2504.09120v2,papers/emerging_peer_reviewed_and_direct/01_glueball_spectrum/2025_Arikawa_2504.09120.pdf,True,24,814f23c03cdcb9ce6c6e187759a11b7d9b11abc9aa1799f1fa46a86ac653b2a6,2025-04-12,2025-06-17,"We study the glueball properties at finite temperature from the temporal correlation in $SU(3)$ Yang-Mills theory using anisotropic lattice QCD. Although the existence of a constant contribution to the meson correlation function appearing in the deconfinement phase is known, its effect on the glueball correlation function at finite temperature has not been considered in previous studies. The present study reveals that the constant contribution to the glueball correlation function actually occurs in the three lowest-lying glueball states, corresponding to the $0^{++}$, $2^{++}$, and $0^{-+}$ glueballs, from near the critical temperature of the deconfinement phase transition $T_C$ to the high temperature side. If the existence of constant terms is taken into account in the standard pole-mass analysis, it is observed that the pole-mass of the glueball ground state remains unchanged below $T_c$ and then increases with temperature above $T_C$. The result indicates that the true temperature dependence of the glueball mass above $T_C$ is opposite to the results of the previous studies."
2,emerging,hamiltonian_quantum,2025,Non-Abelian dynamics on a cube: improving quantum compilation through qudit-based simulations,Jacky Jiang; Natalie Klco; Olivia Di Matteo,journal/proceedings record,Phys.Rev.D 112 (2025) 074512,10.1103/rrmd-fqx6,2506.10945,2506.10945v1,quant-ph,18,17,INSPIRE,,2026-08-21,2933772,citation graph: Bauer et al. 2023,non-Abelian cube dynamics and qudit-based quantum compilation,https://arxiv.org/abs/2506.10945v1,https://arxiv.org/pdf/2506.10945v1,papers/emerging_peer_reviewed_and_direct/07_hamiltonian_and_gauge_invariant_formulations/2025_Jiang_2506.10945.pdf,True,22,092a1d2bb58e87489cb47fe21be277da07c8465ad303a31b93f01536b3ecfce0,2025-06-12,2025-06-12,"Recent developments in mapping lattice gauge theories relevant to the Standard Model onto digital quantum computers identify scalable paths with well-defined quantum compilation challenges toward the continuum. As an entry point to these challenges, we address the simulation of SU(2) lattice gauge theory. Using qudit registers to encode the digitized gauge field, we provide quantum resource estimates, in terms of elementary qudit gates, for arbitrarily high local gauge field truncations. We then demonstrate an end-to-end simulation of real-time, qutrit-digitized SU(2) dynamics on a cube. Through optimizing the simulation, we improved circuit decompositions for uniformly-controlled qudit rotations, an algorithmic primitive for general applications of quantum computing. The decompositions also apply to mixed-dimensional qudit systems, which we found advantageous for compiling lattice gauge theory simulations. Furthermore, we parallelize the evolution of opposite faces in anticipation of similar opportunities arising in three-dimensional lattice volumes. This work details an ambitious executable for future qudit hardware and attests to the value of codesign strategies between lattice gauge theory simulation and quantum compilation."
2,emerging,hamiltonian_quantum,2025,"Perturbation theory, irrep truncations, and state preparation methods for quantum simulations of SU(3) lattice gauge theory",Praveen Balaji; Cianan Conefrey-Shinozaki; Patrick Draper; Jason K. Elhaderi; Drishti Gupta; Luis Hidalgo; Andrew Lytle,journal/proceedings record,Phys.Rev.D 113 (2026) 094505,10.1103/m719-7tdf,2509.25865,2509.25865v3,hep-lat,15,13,INSPIRE,,2026-08-21,2983512,citation graph: Bauer et al. 2023,"SU(3) strong-coupling perturbation theory, irrep truncation, and state preparation",https://arxiv.org/abs/2509.25865v3,https://arxiv.org/pdf/2509.25865v3,papers/emerging_peer_reviewed_and_direct/07_hamiltonian_and_gauge_invariant_formulations/2025_Balaji_2509.25865.pdf,True,46,b865b6c073ef91e6c1494e5bbd69895bd3b8f92f85fb1d72575c5c10f67e74e5,2025-09-30,2026-06-09,"We study methods for efficient preparation of approximate ground states of $SU(3)$ lattice gauge theory on quantum hardware. Working in a variant of the electric basis, we introduce a refinement of the irrep truncation based on the energy density of site singlets, which provides a finer gradation of simulation complexity. Using strong-coupling perturbation theory as a guide, we develop simple ansatz circuits for ground state preparation and test them via classical simulation on small lattices, including the $2\times 2$ plaquette lattice in $d=2$ and the cube in $d=3$. We contrast state fidelities and resource requirements of variational methods against adiabatic state preparation and introduce a method that hybridizes the two approaches. Finally, we report on the public release of \texttt{ymcirc} -- a package of tools for building $SU(3)$ circuits and processing measurements -- and \texttt{pyclebsch}, a package for efficiently computing $SU(N)$ Clebsch-Gordan coefficients."
2,emerging,hamiltonian_quantum,2025,Quantum Circuits for SU(3) Lattice Gauge Theory,Praveen Balaji; Cianán Conefrey-Shinozaki; Patrick Draper; Jason K. Elhaderi; Drishti Gupta; Luis Hidalgo; Andrew Lytle; Enrico Rinaldi,journal/proceedings record,Phys.Rev.D 112 (2025) 054511,10.1103/k8f6-yft8,2503.08866,2503.08866v2,hep-lat,43,36,INSPIRE,,2026-08-21,2899337,citation graph: Bauer et al. 2023,electric-basis circuits for pure SU(3) Hamiltonian dynamics in two and three dimensions,https://arxiv.org/abs/2503.08866v2,https://arxiv.org/pdf/2503.08866v2,papers/emerging_peer_reviewed_and_direct/07_hamiltonian_and_gauge_invariant_formulations/2025_Balaji_2503.08866.pdf,True,45,8be880fccef7acb6e6f1ed1986245f711472ab3f08d809191eac37748d0b8da9,2025-03-11,2025-09-12,"Lattice gauge theories in varying dimensions, lattice volumes, and truncations offer a rich family of targets for Hamiltonian simulation on quantum devices. In return, formulating quantum simulations can provide new ways of thinking about the quantum structure of gauge theories. In this work, we consider pure $SU(3)$ gauge theory in two and three spatial dimensions in a streamlined version of the electric basis. We use a formulation of the theory that balances locality of the Hamiltonian and size of the gauge-invariant state space, and we classically pre-compute dictionaries of plaquette operator matrix elements for use in circuit construction. We build circuits for simulating time evolution on arbitrary lattice volumes, spanning circuits suitable for NISQ era hardware to future fault-tolerant devices. Relative to spin models, time evolution in lattice gauge theories involves more complex local unitaries, and the Hilbert space of all quantum registers may have large unphysical subspaces. Based on these features, we develop general, volume-scalable tools for optimizing circuit depth, including pruning and fusion algorithms for collections of large multi-controlled unitaries. We describe scalings of quantum resources needed to simulate larger circuits and some directions for future algorithmic development."
2,emerging,flux_strings,2025,The spectrum of open confining strings in the large-Nc limit,Alireza Sharifian; Andreas Athenodorou; Pedro Bicudo,journal/proceedings record,Phys.Rev.D 112 (2025) 094517,10.1103/2g74-q38h,2506.16342,2506.16342v2,hep-lat,7,7,INSPIRE,,2026-08-21,2937164,citation graph: Athenodorou-Teper 2021; Lucini-Teper-Wenger 2004,Latest peer-reviewed open-string spectrum extrapolated toward large Nc,https://arxiv.org/abs/2506.16342v2,https://arxiv.org/pdf/2506.16342v2,papers/emerging_peer_reviewed_and_direct/02_flux_tubes_and_effective_strings/2025_Sharifian_2506.16342.pdf,True,19,6aef9a541d0f883040a2f560774d1f5fce510a1c9459a10ba99e48b2e9c46a62,2025-06-19,2025-07-14,"In this study, we conduct a thorough examination of the spectrum of the open confining string in 3+1 dimensions, commonly referred to as the open flux-tube, across various gauge groups of $SU(N_c)$. Our primary objective is to explore its behaviour as we approach the large-$N_c$ limit and the identification of possible world-sheet axion states. Specifically, we undertake a detailed analysis of the associated spectrum for $N_c=3, 4, 5, 6$. This marks the first systematic investigation of the open flux-tube spectrum within the context of the large-$N_c$ limit. More specifically, we analyse the spectra of flux-tubes that form between a static quark-antiquark pair, considering a significant number of radial excitations and eight irreducible representations characterized by the quantum numbers of angular momentum $Λ$, charge conjugation and parity $η_{CP}$ and the reflection symmetry $ε$ for $Λ=0$. To this purpose we employ a diverse set of suitable operators, an anisotropic action, smearing techniques, and solve the generalized eigenvalue problem. We compare our findings with predictions from the Nambu-Goto string model to assess potential tensions indicative of novel phenomena such as the existence of axion-like state along the flux-tube world-sheet. Notably, we provide undoubted evidence of the existence of a massive axion-like particle with the same mass as the corresponding axion extracted within the context of closed flux-tube. This strengthens the conjecture that the axion is a property of the world-sheet of the QCD string."
2,emerging,flux_strings,2025,Thermal nature of confining strings,Sebastian Grieninger; Dmitri E. Kharzeev; Eliana Marroquin,journal/proceedings record,"Phys. Rev. D 113, 036013 (2026)",10.1103/v8mv-185x,2510.23919,2510.23919v2,hep-ph,11,6,INSPIRE,,2026-08-21,3074277,citation graph: Athenodorou-Teper 2021; Lucini-Teper-Wenger 2004,Very recent peer-reviewed analysis of the thermal character of confining strings,https://arxiv.org/abs/2510.23919v2,https://arxiv.org/pdf/2510.23919v2,papers/emerging_peer_reviewed_and_direct/02_flux_tubes_and_effective_strings/2025_Grieninger_2510.23919.pdf,True,12,0ee711ee123ee68c6fc6e93c70d79595f6e90794f9c9641bb3220abb46cbea1c,2025-10-27,2026-02-13,"We investigate the quantum statistical properties of the confining string connecting a static fermion-antifermion pair in the massive Schwinger model. By analyzing the reduced density matrix of the subsystem located in between the fermion and antifermion, we demonstrate that as the interfermion separation approaches the string-breaking distance, the overlap between the microscopic density matrix and an effective thermal density matrix exhibits a pronounced, narrow peak, approaching unity at the onset of string breaking. This behavior reveals that the confining flux tube evolves toward a genuinely thermal state as the separation between the charges grows, even in the absence of an external heat bath. In other words, one cannot tell whether a reduced state of the subsystem arises from a surrounding heat bath or from entanglement with the rest of the system. The entanglement spectrum near the critical string-breaking distance exhibits a rapid transition from the dominance of a single state describing the confining electric string towards a strongly entangled state containing virtual fermion-antifermion pairs. Our findings establish a quantitative link between confinement, entanglement, and emergent thermality, and suggest that string breaking corresponds to a microscopic thermalization transition within the flux tube."
2,emerging,hamiltonian_quantum,2024,A Fully Gauge-Fixed SU(2) Hamiltonian for Quantum Simulations,Dorota M. Grabowska; Christopher F. Kane; Christian W. Bauer,journal/proceedings record,Phys.Rev.D 111 (2025) 114516,10.1103/PhysRevD.111.114516,2409.10610,2409.10610v1,quant-ph,54,45,INSPIRE,,2026-08-21,2829223,citation graph: Bauer et al. 2023,fully gauge-fixed SU(2) Hamiltonian for quantum simulation,https://arxiv.org/abs/2409.10610v1,https://arxiv.org/pdf/2409.10610v1,papers/emerging_peer_reviewed_and_direct/07_hamiltonian_and_gauge_invariant_formulations/2024_Grabowska_2409.10610.pdf,True,37,dd6976acdb10d8ef4a533d5b6f56dd0368e2c8a030e63c00c22d86486d3bc651,2024-09-16,2024-09-16,"We demonstrate how to construct a fully gauge-fixed lattice Hamiltonian for a pure SU(2) gauge theory. Our work extends upon previous work, where a formulation of an SU(2) lattice gauge theory was developed that is efficient to simulate at all values of the gauge coupling. That formulation utilized maximal-tree gauge, where all local gauge symmetries are fixed and a residual global gauge symmetry remains. By using the geometric picture of an SU(2) lattice gauge theory as a system of rotating rods, we demonstrate how to fix the remaining global gauge symmetry. In particular, the quantum numbers associated with total charge can be isolated by rotating between the lab and body frames using the three Euler angles. The Hilbert space in this new `sequestered' basis partitions cleanly into sectors with differing total angular momentum, which makes gauge-fixing to a particular total charge sector trivial, particularly for the charge-zero sector. In addition to this sequestered basis inheriting the property of being efficient at all values of the coupling, we show that, despite the global nature of the final gauge-fixing procedure, this Hamiltonian can be simulated using quantum resources scaling only polynomially with the lattice volume."
2,emerging,hamiltonian_quantum,2024,An efficient finite-resource formulation of non-Abelian lattice gauge theories beyond one dimension,Pierpaolo Fontana; Marc Miranda Riaza; Alessio Celi,journal/proceedings record,"Phys. Rev. X 15, 031065 (2025)",10.1103/k9p6-c649,2409.04441,2409.04441v2,quant-ph,50,48,INSPIRE,,2026-08-21,2825804,citation graph: Bauer et al. 2023,loop-variable finite-resource non-Abelian lattice gauge theory beyond one dimension,https://arxiv.org/abs/2409.04441v2,https://arxiv.org/pdf/2409.04441v2,papers/emerging_peer_reviewed_and_direct/07_hamiltonian_and_gauge_invariant_formulations/2024_Fontana_2409.04441.pdf,True,30,9355c203e8b89d8e708561eb8a91b459a9837d08acb9032832852a94ca265ed1,2024-09-06,2025-12-02,"Non-Abelian gauge theories provide the most accurate description of fundamental interactions, showing remarkable agreement with experimental data in cosmology and particle physics. Highly precise predictions can be made using standard techniques, both in the continuum and in the lattice frameworks. However, classical methods have limitations, particularly when attempting to extrapolate the continuum limit from the study of lattice gauge theories. Complementing classical computations or combining them with quantum computational methods, to improve the predictions towards the continuum limit with current quantum resources, is a formidable open challenge. In this paper, we propose a resource-efficient method to compute the running of the coupling in non-Abelian gauge theories beyond one spatial dimension. We first represent the Hamiltonian on periodic lattices in terms of loop variables and conjugate loop electric fields, exploiting the Gauss law to retain the gauge-independent ones. Then, we identify a local basis for small and large loops variationally to minimize the truncation error while computing the running of the coupling on small tori. Our method enables computations at arbitrary values of the bare coupling and lattice spacing with current quantum computers, simulators and tensor-network calculations, in regimes otherwise inaccessible."
2,emerging,spectral_methods,2024,Bayesian solution to the inverse problem and its relation to Backus-Gilbert methods,Luigi Del Debbio; Alessandro Lupo; Marco Panero; Nazario Tantalo,journal/proceedings record,Eur.Phys.J.C 85 (2025) 185,10.1140/epjc/s10052-025-13885-9,2409.04413,2409.04413v1,hep-lat,32,26,INSPIRE,,2026-08-21,2825786,citation graph: Luscher-Weisz 2001; Blossier et al. 2009,Modern Bayesian interpretation and extension of Backus-Gilbert inverse methods,https://arxiv.org/abs/2409.04413v1,https://arxiv.org/pdf/2409.04413v1,papers/emerging_peer_reviewed_and_direct/03_spectral_extraction_and_operator_overlap/2024_Debbio_2409.04413.pdf,True,23,6723be8b9cd299840c1a28cb5c0e4212fc9873b753b0ad9cdbffb2d8df855dac,2024-09-06,2024-09-06,"The problem of obtaining spectral densities from lattice data has been receiving great attention due to its importance in our understanding of scattering processes in Quantum Field Theory, with applications both in the Standard Model and beyond. The problem is notoriously difficult as it amounts to performing an inverse Laplace transform, starting from a finite set of noisy data. Several strategies are now available to tackle this inverse problem. In this work, we discuss how Backus-Gilbert methods, in particular the variation introduced by some of the authors, relate to the solution based on Gaussian Processes. Both methods allow computing spectral densities smearing with a kernel, whose features depend on the detail of the algorithm. We will discuss such kernel, and show how Backus-Gilbert methods can be understood in a Bayesian fashion. As a consequence of this correspondence, we are able to interpret the algorithmic parameters of Backus-Gilbert methods as hyperparameters in the Bayesian language, which can be chosen by maximising a likelihood function. By performing a comparative study on lattice data, we show that, when both frameworks are set to compute the same quantity, the results are generally in agreement. Finally, we adopt a strategy to systematically validate both methodologies against pseudo-data, using covariance matrices measured from lattice simulations. In our setup, we find that the determination of the algorithmic parameters based on a stability analysis provides results that are, on average, more conservative than those based on the maximisation of a likelihood function."
2,emerging,spectral_methods,2024,Block Lanczos algorithm for lattice QCD spectroscopy and matrix elements,Daniel C. Hackett; Michael L. Wagman,journal/proceedings record,"Phys.Rev.D 112 (2025) 1, 014514",10.1103/fp74-q35q,2412.04444,2412.04444v3,hep-lat,33,23,INSPIRE,,2026-08-21,2856227,citation graph: Luscher-Weisz 2001; Blossier et al. 2009,Rapidly cited block-Lanczos spectroscopy/matrix-element method published in 2025,https://arxiv.org/abs/2412.04444v3,https://arxiv.org/pdf/2412.04444v3,papers/emerging_peer_reviewed_and_direct/03_spectral_extraction_and_operator_overlap/2024_Hackett_2412.04444.pdf,True,52,4a920394c3f6ff0543ea383aa1d790646e2d212df1e692ab8afb463a388cc177,2024-12-05,2025-08-21,"Recent work introduced a new framework for analyzing correlation functions with improved convergence and signal-to-noise properties, as well as rigorous quantification of excited-state effects, based on the Lanczos algorithm and spurious eigenvalue filtering with the Cullum-Willoughby test. Here, we extend this framework to the analysis of correlation-function matrices built from multiple interpolating operators in lattice quantum chromodynamics (QCD) by constructing an oblique generalization of the block Lanczos algorithm, as well as a new physically motivated reformulation of the Cullum-Willoughby test that generalizes to block Lanczos straightforwardly. The resulting block Lanczos method directly extends generalized eigenvalue problem (GEVP) methods, which can be viewed as applying a single iteration of block Lanczos. Block Lanczos provides qualitative and quantitative advantages over GEVP methods analogous to the benefits of Lanczos over the standard effective mass, including faster convergence to ground- and excited-state energies, explicitly computable two-sided error bounds, straightforward extraction of matrix elements of external currents, and asymptotically constant signal-to-noise. No fits or statistical inference are required. Proof-of-principle calculations are performed for noiseless mock-data examples as well as two-by-two proton correlation-function matrices in lattice QCD."
2,emerging,flux_strings,2024,Born-Oppenheimer Potentials for $SU(3)$ Gauge Theory,Fareed Alasiri; Eric Braaten; Abhishek Mohapatra,journal/proceedings record,"Phys. Rev. D 110, 054029 (2024)",10.1103/PhysRevD.110.054029,2406.05123,2406.05123v2,hep-ph,17,8,INSPIRE,,2026-08-21,2796045,citation graph: Athenodorou-Teper 2021,lattice-constrained SU(3) static spectrum connecting gluelumps and strings,https://arxiv.org/abs/2406.05123v2,https://arxiv.org/pdf/2406.05123v2,papers/emerging_peer_reviewed_and_direct/02_flux_tubes_and_effective_strings/2024_Alasiri_2406.05123.pdf,True,38,a001f1ff7de4edd54e1800acdfe1a5507e43ef901af5ee8548d5b374347ba169,2024-06-07,2024-11-01,"We develop parameterizations of 8 of the lowest Born-Oppenheimer potentials for quarkonium hybrid mesons as functions of the separation $r$ of the static quark and antiquark sources. The parameters are determined by fitting results calculated using pure $SU(3)$ lattice gauge theory. The parameterizations have the correct limiting behavior at small $r$, where the potentials form multiplets associated with gluelumps. They have the correct limiting behavior at large $r$, where the potentials form multiplets associated with excitations of a relativistic string. There is a narrow avoided crossing in the small-$r$ region between two potentials with the same Born-Oppenheimer quantum numbers."
2,emerging,flux_strings,2024,Confining Strings and the Worldsheet Axion from the Lattice,Andreas Athenodorou; Sergei Dubovsky; Conghuan Luo; Michael Teper,journal/proceedings record,Int.J.Mod.Phys.A 40 (2025) 2540003,10.1142/S0217751X25400032,2411.03435,2411.03435v2,hep-th,15,10,INSPIRE,,2026-08-21,2846065,citation graph: Athenodorou-Teper 2021; Lucini-Teper-Wenger 2004,Modern lattice-focused synthesis of confining strings and the worldsheet axion,https://arxiv.org/abs/2411.03435v2,https://arxiv.org/pdf/2411.03435v2,papers/emerging_peer_reviewed_and_direct/02_flux_tubes_and_effective_strings/2024_Athenodorou_2411.03435.pdf,True,116,8153131ed0c2c6b29c951259a3b4f76d44385eb57a09b26933b9a8323f558494,2024-11-05,2025-12-16,"We present a major update on the spectrum of closed flux tubes in $D=3+1$ $SU(N)$ gauge theories. We measure the excitation spectrum of confining strings wound around a spatial dimension of a size $R$. We do so for the $SU(N)$ Yang-Mills theory with $N=3,5,6$ and for two different values of the lattice spacing. We employ the generalized eigenvalue problem in combination with an extended basis of operators; this enables us to project onto all possible irreducible representations characterised by spin $|J_{\rm modulo \ 4}|$, transverse parity $P_{\perp}$, longitudinal parity $P_{\parallel}$ as well as by longitudinal momentum $p_{\parallel}=\frac{2 πq}{R}$, and extract accurate results for approximately $35$ lightest states. Applying the Thermodynamic Bethe Ansatz (TBA) technique for calculating the finite volume spectrum, we confirm that the observed states are well described by the low energy effective theory of a long string consisting of two translational Goldstone bosons (``phonons""), along with a massive pseudoscalar (``the worldsheet axion"") coupled to phonons through a $θ$-term. Moreover, we find that the leading axion-axion and axion-phonon interactions are well approximated by the $T\bar{T}$ deformation of a free axion."
2,emerging,flux_strings,2024,Confining strings in three-dimensional gauge theories beyond the Nambu--Gotō approximation,Michele Caselle; Nicodemo Magnoli; Alessandro Nada; Marco Panero; Dario Panfalone; Lorenzo Verzichelli,journal/proceedings record,JHEP 08 (2024) 198,10.1007/JHEP08(2024)198,2407.10678,2407.10678v1,hep-lat,20,8,INSPIRE,,2026-08-21,2807701,citation graph: Athenodorou-Teper 2021; Lucini-Teper-Wenger 2004,Recent high-precision study of confining strings beyond Nambu-Goto,https://arxiv.org/abs/2407.10678v1,https://arxiv.org/pdf/2407.10678v1,papers/emerging_peer_reviewed_and_direct/02_flux_tubes_and_effective_strings/2024_Caselle_2407.10678.pdf,True,35,80823288291dc1841416de18fa6ba46f8fb3e0612a898484691cc6d167f65339,2024-07-15,2024-07-15,"We carry out a systematic study of the effective bosonic string describing confining flux tubes in $\mathrm{SU}(N)$ Yang--Mills theories in three spacetime dimensions. While their low-energy properties are known to be universal and are described well by the Nambu--Gotō action, a non-trivial dependence on the gauge group is encoded in a series of undetermined subleading corrections in an expansion around the limit of an arbitrarily long string. We quantify the first two of these corrections by means of high-precision Monte Carlo simulations of Polyakov-loop correlators in the lattice regularization. We compare the results of novel lattice simulations for theories with $N=3$ and $6$ color charges, and report an improved estimate for the $N=2$ case, discussing the approach to the large-$N$ limit. Our results are compatible with analytical bounds derived from the S-matrix bootstrap approach. In addition, we also present a new test of the Svetitsky--Yaffe conjecture for the $\mathrm{SU}(3)$ theory in three dimensions, finding that the lattice results for the Polyakov-loop correlation function are in excellent agreement with the predictions of the Svetitsky--Yaffe mapping, which are worked out quantitatively applying conformal perturbation theory to the three-state Potts model in two dimensions. The implications of these results are discussed."
2,emerging,flux_strings,2024,Entanglement entropy of a color flux tube in (2+1)D Yang-Mills theory,Rocco Amorosso; Sergey Syritsyn; Raju Venugopalan,journal/proceedings record,JHEP 12 (2024) 177,10.1007/JHEP12(2024)177,2410.00112,2410.00112v1,hep-lat,22,19,INSPIRE,,2026-08-21,2835968,citation graph: Athenodorou-Teper 2021; Lucini-Teper-Wenger 2004,"Recent, well-cited lattice measurement of color-flux-tube entanglement structure",https://arxiv.org/abs/2410.00112v1,https://arxiv.org/pdf/2410.00112v1,papers/emerging_peer_reviewed_and_direct/02_flux_tubes_and_effective_strings/2024_Amorosso_2410.00112.pdf,True,27,eef6a8c6618303d22bdce43a03a2536658bd03fc68586ed7f46d7915a820cf2c,2024-09-30,2024-09-30,"We construct a novel flux tube entanglement entropy (FTE$^2$), defined as the excess entanglement entropy relative to the vacuum of a region of color flux stretching between a heavy quark-anti-quark pair in pure gauge Yang-Mills theory. We show that FTE$^2$ can be expressed in terms of correlators of Polyakov loops, is manifestly gauge-invariant, and therefore free of the ambiguities in computations of the entanglement entropy in gauge theories related to the choice of the center algebra. Employing the replica trick, we compute FTE$^2$ for $SU(2)$ Yang-Mills theory in (2+1)D and demonstrate that it is finite in the continuum limit. We explore the properties of FTE$^2$ for a half-slab geometry, which allows us to vary the width and location of the slab, and the extent to which the slab cross-cuts the color flux tube. Following the intuition provided by computations of FTE$^2$ in (1+1)D, and in a thin string model, we examine the extent to which our FTE$^2$ results can be interpreted as the sum of an internal color entropy and a vibrational entropy corresponding to the transverse excitations of the string."
2,emerging,hamiltonian_quantum,2024,Floquet evolution of the q-deformed \texorpdfstring{SU(3)${}_1$}{SU(3)1} Yang-Mills theory on a two-leg ladder,Tomoya Hayata; Yoshimasa Hidaka,journal/proceedings record,Phys.Rev.D 111 (2025) 034513,10.1103/PhysRevD.111.034513,2409.20263,2409.20263v1,hep-lat,23,19,INSPIRE,,2026-08-21,2835353,citation graph: Bauer et al. 2023,Floquet dynamics of q-deformed SU(3) Yang-Mills on a ladder,https://arxiv.org/abs/2409.20263v1,https://arxiv.org/pdf/2409.20263v1,papers/emerging_peer_reviewed_and_direct/07_hamiltonian_and_gauge_invariant_formulations/2024_Hayata_2409.20263.pdf,True,10,9fbf4f198ca50caa40bd66328d388d5f68f8b35ff7e05ee2904015ba2d744748,2024-09-30,2024-09-30,"We simulate Floquet time-evolution of a truncated SU(3) lattice Yang-Mills theory on a two-leg ladder geometry under open boundary conditions using IBM's superconducting 156-qubit device ibm\_fez. To this end, we derive the quantum spin representation of the lattice Yang-Mills theory, and compose a quantum circuit carefully tailored to hard wares, reducing the use of CZ gates. Since it is still challenging to simulate Hamiltonian evolution in present noisy quantum processors, we make the step size in the Suzuki-Trotter decomposition very large, and simulate thermalization dynamics in Floquet circuit composed of the Suzuki-Trotter evolution. We demonstrate that IBM's Heron quantum processor can simulate, by error mitigation, Floqeut thermalization dynamics in a large system consisting of $62$ qubits. Our work would be a benchmark for further quantum simulations of lattice gauge theories using real devices."
2,emerging,hamiltonian_quantum,2024,Gauge Loop-String-Hadron Formulation on General Graphs and Applications to Fully Gauge Fixed Hamiltonian Lattice Gauge Theory,I. M. Burbano; Christian W. Bauer,journal/proceedings record,JHEP 12 (2025) 060,10.1007/JHEP12(2025)060,2409.13812,2409.13812v2,hep-lat,29,22,INSPIRE,,2026-08-21,2831846,citation graph: Kogut-Susskind 1975; Bauer et al. 2023,Modern general-graph loop-string-hadron construction with full gauge fixing,https://arxiv.org/abs/2409.13812v2,https://arxiv.org/pdf/2409.13812v2,papers/emerging_peer_reviewed_and_direct/07_hamiltonian_and_gauge_invariant_formulations/2024_Burbano_2409.13812.pdf,True,61,957eaa419bfe9809f20d1a40920a782183e8f3162185af64c9d629e7b6945211,2024-09-20,2024-09-28,"We develop a gauge invariant, Loop-String-Hadron (LSH) based representation of SU(2) Yang-Mills theory defined on a general graph consisting of vertices and half-links. Inspired by weak coupling studies, we apply this technique to maximal tree gauge fixing. This allows us to develop a fully gauge fixed representation of the theory in terms of LSH quantum numbers. We explicitly show how the quantum numbers in this formulation directly relate to the variables in the magnetic description. In doing so, we will also explain in detail the way that the Kogut-Susskind formulation, prepotentials, and point splitting, work for general graphs. In the appendix of this work we provide a self-contained exposition of the mathematical details of Hamiltonian pure gauge theories defined on general graphs."
2,emerging,flux_strings,2024,Multiparticle Flux Tube S-matrix Bootstrap,Andrea Guerrieri; Alexandre Homrich; Pedro Vieira,journal/proceedings record,Phys.Rev.Lett. 134 (2025) 041601,10.1103/PhysRevLett.134.041601,2404.10812,2404.10812v1,hep-th,28,23,INSPIRE,,2026-08-21,2778308,citation graph: Athenodorou-Teper 2021; Lucini-Teper-Wenger 2004,Recent PRL multiparticle extension of the flux-tube S-matrix bootstrap,https://arxiv.org/abs/2404.10812v1,https://arxiv.org/pdf/2404.10812v1,papers/emerging_peer_reviewed_and_direct/02_flux_tubes_and_effective_strings/2024_Guerrieri_2404.10812.pdf,True,18,873ed6df68aacfdd322c472ddeb1c6c7de52bf4e311ebf0e4488a23d66e1906f,2024-04-16,2024-04-16,"We introduce the notion of branon jets, states of collinear flux tube excitations. We argue for the analyticity, crossing and unitarity of the multi-particle scattering of these jets and, through the S-matrix bootstrap, place bounds on a set of finite energy multi-particle sum rules. Such bounds define a matrioska of sorts with a smaller and smaller allowed regions as we impose more constraints. The Yang-Mills flux tube, as well as other interesting flux tube theories recently studied through lattice simulations, lie inside a tiny island hundreds of times smaller than the most general space of allowed two-dimensional theories."
2,emerging,hamiltonian_quantum,2024,Protecting gauge symmetries in the the dynamics of SU(3) lattice gauge theories,Emil Mathew; Indrakshi Raychowdhury,journal/proceedings record,Commun.Phys. 8 (2025) 313,10.48550/arXiv.2404.12158,2404.12158,2404.12158v1,hep-lat,7,4,INSPIRE,,2026-08-21,2778868,citation graph: Bauer et al. 2023,gauge-symmetry protection in real-time SU(3) Hamiltonian evolution,https://arxiv.org/abs/2404.12158v1,https://arxiv.org/pdf/2404.12158v1,papers/emerging_peer_reviewed_and_direct/07_hamiltonian_and_gauge_invariant_formulations/2024_Mathew_2404.12158.pdf,True,13,59a3fab07fcb9de12d738efe9a0c01bece5e26682054ca06df80f11d306c1c21,2024-04-18,2024-04-18,"Quantum simulation of the dynamics of a lattice gauge theory demands imposing on-site constraints. Ideally, the dynamics remain confined within the physical Hilbert space, where all the states satisfy those constraints. For non-Abelian gauge theories, implementing local constraints is non-trivial, as is keeping the dynamics confined in the physical Hilbert space, considering the erroneous quantum devices. SU(3) gauge group, albeit crucial for describing the strong interaction of nature, is notorious for studying via Hamiltonian simulation. This work presents a couple of symmetry protection protocols for simulating the exact dynamics of SU(3) gauge theory in $1+1$ dimension. The first protocol doesn't require imposing any local symmetry but relies on protecting global symmetries, which are Abelian with a preferred choice of framework, namely the loop-string-hadron framework. Generalization to a higher dimension is possible, however, the protection scheme needs to be local for that case but is still Abelian and thus advantageous. The symmetry protection schemes presented here are important steps towards quantum simulating the full theory of quantum chromodynamics."
2,emerging,spectral_methods,2024,Spectral densities from Euclidean lattice correlators via the Mellin transform,Mattia Bruno; Leonardo Giusti; Matteo Saccardi,journal/proceedings record,Phys.Rev.D 111 (2025) 094515,10.1103/PhysRevD.111.094515,2407.04141,2407.04141v1,hep-lat,30,22,INSPIRE,,2026-08-21,2804785,citation graph: Luscher-Weisz 2001; Blossier et al. 2009,Recent Mellin-transform framework with controlled lattice spectral-density reconstruction,https://arxiv.org/abs/2407.04141v1,https://arxiv.org/pdf/2407.04141v1,papers/emerging_peer_reviewed_and_direct/03_spectral_extraction_and_operator_overlap/2024_Bruno_2407.04141.pdf,True,9,5ed0ecb1e121af70165826e00fd81a5b287f100e7d4ae4c2400db8121086275a,2024-07-04,2024-07-04,"Spectral densities connect correlation functions computed in quantum field theory to observables measured in experiments. For strongly-interacting theories, their non-perturbative determinations from lattice simulations are therefore of primary importance. They entail the inverse Laplace transform of correlation functions calculated in Euclidean time. By making use of the Mellin transform, we derive explicit analytic formulae to define spectral densities from the time dependence of correlation functions, both in the continuum and on the lattice. The generalization to smeared spectral densities turns out to be straightforward. The formulae obtained here within the context of lattice field theory can be easily applied or extended to other areas of research."
2,emerging,spectrum,2023,Boundary states and Non-Abelian Casimir effect in lattice Yang-Mills theory,Maxim N. Chernodub; Vladimir A. Goy; Alexander V. Molochkov; Alexey S. Tanashkin,journal/proceedings record,Phys.Rev.D 108 (2023) 014515,10.1103/PhysRevD.108.014515,2302.00376,2302.00376v1,hep-lat,26,23,INSPIRE,,2026-08-21,2628719,citation graph: Morningstar-Peardon 1999,3+1D SU(3) boundary-state and chromometallic Casimir spectrum,https://arxiv.org/abs/2302.00376v1,https://arxiv.org/pdf/2302.00376v1,papers/emerging_peer_reviewed_and_direct/01_glueball_spectrum/2023_Chernodub_2302.00376.pdf,True,8,8c9b0c900590169da53ce21255353e83771dc6bb50512cd06ae6652c6978f6a7,2023-02-01,2023-02-01,"Using first-principle numerical simulations, we investigate the Casimir effect in zero-temperature SU(3) lattice gauge theory in 3+1 spacetime dimensions. The Casimir interaction between perfect chromometallic mirrors reveals the presence of a new gluonic state with the mass $m_{\mathrm{gt}} = 1.0(1)\sqrtσ = 0.49(5)\,\mathrm{GeV} = 0.29(3) M_{0^{++}}$ which is substantially lighter than the $0^{++}$ groundstate glueball. We call this excitation ``glueton'' interpreting it as a non-perturbative colorless state of gluons bound to their negatively colored images in the chromometallic mirror. The glueton is a gluonic counterpart of a surface electron-hole exciton in semiconductors. We also show that a heavy quark is attracted to the neutral chromometallic mirror, thus supporting the existence of a ``quarkiton'' (a ``quark exciton'') colorless state in QCD, which is formed by a single quark with its anti-quark image in the chromometallic mirror. Analogies with edge modes in topological insulators and boundary states of fractional vortices in multi-component condensates are highlighted."
2,emerging,flux_strings,2023,Eight very excited spectra and one possible axion in SU(3) lattice gauge theory,Alireza Sharifian; Nuno Cardoso; Pedro Bicudo,journal/proceedings record,Phys.Rev.D 107 (2023) 114507,10.1103/PhysRevD.107.114507,2303.15152,2303.15152v1,hep-lat,15,12,INSPIRE,,2026-08-21,2646076,citation graph: Athenodorou-Teper 2021; Lucini-Teper-Wenger 2004,Eight excited SU(3) flux-tube channels with candidate worldsheet-axion signals,https://arxiv.org/abs/2303.15152v1,https://arxiv.org/pdf/2303.15152v1,papers/emerging_peer_reviewed_and_direct/02_flux_tubes_and_effective_strings/2023_Sharifian_2303.15152.pdf,True,13,1f6c249aa28dd7f968815a39a38be37e1b5e6cbc063d16dccc0d587f9f4c5926,2023-03-27,2023-03-27,"We compute the spectra of flux tubes formed between a static quark antiquark pair up to a significant number of excitations and for eight symmetries of the flux tubes, up to $Δ_u$, using pure $SU(3)$ gauge lattice QCD in 3+1 dimensions. To accomplish this goal, we use a large set of appropriate operators, an anisotropic tadpole improved action, smearing techniques, and solve a generalized eigenvalue problem. Moreover, we compare our results with the Nambu-Goto string model to evaluate possible tensions which could be a signal for novel phenomena. Especially, we provide evidence for the coupling of a massive particle, say an axion, to the $Σ_g^-$, $Σ_u^-$, and $Σ_u^{-*}$ flux tube with approximate masses $ 2.25\sqrtσ$, $1.85\sqrtσ$, $3.30\sqrtσ$, respectively."
2,emerging,flat_bands,2023,Flat bands of periodic graphs,Mostafa Sabri; Pierre Youssef,preprint,,,2304.06465,2304.06465v2,math-ph,11,,OpenAlex,exact DOI record 10.1063/5.0156336,2026-08-21,,citation graph: Leykam-Andreanov-Flach 2018,mathematical classification of flat bands on periodic graphs,https://arxiv.org/abs/2304.06465v2,https://arxiv.org/pdf/2304.06465v2,papers/emerging_peer_reviewed_and_direct/08_flat_bands_and_graph_topology/2023_Sabri_2304.06465.pdf,True,26,59a8723e80ce1b6dc16ac96525d0e46bdd8dd5df0740c6435fa9de9f00592cf1,2023-04-13,2023-04-27,"We study flat bands of periodic graphs in a Euclidean space. These are infinitely degenerate eigenvalues of the corresponding adjacency matrix, with eigenvectors of compact support. We provide some optimal recipes to generate desired bands, some sufficient conditions for a graph to have flat bands, we characterize the set of flat bands whose eigenvectors occupy a single cell and we compute the list of such bands for small cells. We next discuss stability and rarity of flat bands in special cases. Additional folklore results are proved and many questions are still open."
2,emerging,rigorous_lgt,2023,Geometric Derivation of the Finite $N$ Master Loop Equation,Omar Abdelghani; Ron Nissim,preprint,,,2309.07399,2309.07399v1,math-ph,5,4,INSPIRE,,2026-08-21,2697639,citation graph: Shen-Smith-Zhu 2024,geometric derivation of the finite-N lattice master loop equation,https://arxiv.org/abs/2309.07399v1,https://arxiv.org/pdf/2309.07399v1,papers/emerging_peer_reviewed_and_direct/04_rigorous_lattice_yang_mills/2023_Abdelghani_2309.07399.pdf,True,22,1bce0f6683c3e9cbd806551d68d7e31025c82df010b9b8d9ea2bcc37534a05a9,2023-09-14,2023-09-14,"In this paper we provide a geometric derivation of the master loop equation for the lattice Yang-Mills model with structure group $G \in \{SO(N),SU(N), U(N)\}$. This approach is based on integration by parts on $G$. In the appendix we compare our approach to that of \cite{Ch19a} and \cite{J16} based on Schwinger-Dyson equations, and \cite{SheSmZh22} based on stochastic analysis. In particular these approaches are all easily seen to be equivalent. The novelty in our approach is the use of intrinsic geometry of $G$ which we believe simplifies the derivation."
2,emerging,hamiltonian_quantum,2023,Hamiltonians and gauge-invariant Hilbert space for lattice Yang-Mills-like theories with finite gauge group,A. Mariani; S. Pradhan; E. Ercolessi,journal/proceedings record,Phys.Rev.D 107 (2023) 114513,10.1103/PhysRevD.107.114513,2301.12224,2301.12224v1,quant-ph,30,26,INSPIRE,,2026-08-21,2627797,citation graph: Bauer et al. 2023,explicit gauge-invariant Hilbert-space construction for finite-group Yang-Mills analogues,https://arxiv.org/abs/2301.12224v1,https://arxiv.org/pdf/2301.12224v1,papers/emerging_peer_reviewed_and_direct/07_hamiltonian_and_gauge_invariant_formulations/2023_Mariani_2301.12224.pdf,True,28,c4a8a3fe2bfe63b6bb60f489aac6cc5668efa122b579a4c7789273f325b64886,2023-01-28,2023-01-28,"Motivated by quantum simulation, we consider lattice Hamiltonians for Yang-Mills gauge theories with finite gauge group, for example a finite subgroup of a compact Lie group. We show that the electric Hamiltonian admits an interpretation as a certain natural, non-unique Laplacian operator on the finite Abelian or non-Abelian group, and derive some consequences from this fact. Independently of the chosen Hamiltonian, we provide a full explicit description of the physical, gauge-invariant Hilbert space for pure gauge theories and derive a simple formula to compute its dimension. We illustrate the use of the gauge-invariant basis to diagonalize a dihedral gauge theory on a small periodic lattice."
2,emerging,rigorous_lgt,2023,Invariant measure and universality of the 2D Yang-Mills Langevin dynamic,Ilya Chevyrev; Hao Shen,journal/proceedings record,Comm. Pure Appl. Math. (2026),10.1002/cpa.70043,2302.12160,2302.12160v3,math.PR,30,19,INSPIRE,,2026-08-21,2635945,citation graph: Shen-Zhu-Zhu 2023,invariant measure and universality for Yang-Mills Langevin dynamics,https://arxiv.org/abs/2302.12160v3,https://arxiv.org/pdf/2302.12160v3,papers/emerging_peer_reviewed_and_direct/04_rigorous_lattice_yang_mills/2023_Chevyrev_2302.12160.pdf,True,165,a71b307d37ccf64a688f21007a3442601117437bd8cc768021de1259ffac1aac,2023-02-23,2026-04-06,"We prove that the Yang-Mills (YM) measure for the trivial principal bundle over the two-dimensional torus, with any connected, compact structure group, is invariant for the associated renormalised Langevin dynamic. Our argument relies on a combination of regularity structures, lattice gauge-fixing, and Bourgain's method for invariant measures. Several corollaries are presented including a gauge-fixed decomposition of the YM measure into a Gaussian free field and an almost Lipschitz remainder, and a proof of universality for the YM measure that we derive from a universality for the Langevin dynamic for a wide class of discrete approximations. The latter includes standard lattice gauge theories associated to Wilson, Villain, and Manton actions. An important step in the argument, which is of independent interest, is a proof of uniqueness for the mass renormalisation of the gauge-covariant continuum Langevin dynamic, which allows us to identify the limit of discrete approximations. This latter result relies on Euler estimates for singular SPDEs and for Young ODEs arising from Wilson loops."
2,emerging,hamiltonian_quantum,2023,Quantum simulation of lattice gauge theories via deterministic duality transformations assisted by measurements,Hiroki Sukeno; Tzu-Chieh Wei,journal/proceedings record,"Phys. Rev. A 109, 042611 (2024)",10.1103/PhysRevA.109.042611,2305.12277,2305.12277v2,quant-ph,11,11,INSPIRE,,2026-08-21,2661475,citation graph: Bauer et al. 2023,measurement-assisted deterministic duality transformations for gauge-invariant simulation,https://arxiv.org/abs/2305.12277v2,https://arxiv.org/pdf/2305.12277v2,papers/emerging_peer_reviewed_and_direct/07_hamiltonian_and_gauge_invariant_formulations/2023_Sukeno_2305.12277.pdf,True,31,a3a1df084d574694876e653d697187dd51060a25a2cf7cdec62c464db85f37c0,2023-05-20,2024-04-15,"Quantum simulation is one of the major applications of quantum devices. In the noisy intermediate-scale quantum era, however, the general quantum simulation is not yet feasible, such as that of lattice gauge theories, which is likely limited due to the violation of the Gauss law constraint and the complexity of the real-time dynamics, especially in the deconfined phase. Inspired by the recent works of S. Ashkenazi and E. Zohar [Phys. Rev. A 105, 022431 (2022)] and of N. Tantivasadakarn, R. Thorngren, A. Vishwanath, and R. Verresen [arXiv: 2112.01519], we propose to simulate dynamics of lattice gauge theories by using the Kramers-Wannier transfomation via cluster-state-like entanglers, mid-circuit measurements and feedforwarded corrections, which altogether is a constant-depth deterministic operation. In our scheme, specifically, we first quantum simulate the time evolution under a corresponding symmetric Hamiltonian from an initial symmetric state, and then apply the Kramers-Wannier procedure. This results in a wave function that has time evolved under the corresponding lattice gauge theory from a corresponding initial, gauged wave function. In the presence of noises in time evolution, the procedure succeeds when we can pair up magnetic monopoles represented by non-trivial measurement outcomes. Further, given a noise-free Kramers-Wannier transformation, the resulting wave function from a noisy time evolution satisfies the Gauss law constraint. We give explicit examples with the low dimensional pure gauge theories and gauge theories coupled to bosonic/fermionic matters such as the Fradkin-Shenker model."
2,emerging,hamiltonian_quantum,2023,Strategies for simulating time evolution of Hamiltonian lattice field theories,Siddharth Hariprakash; Neel S. Modi; Michael Kreshchuk; Christopher F. Kane; Christian W Bauer,journal/proceedings record,Phys.Rev.A 111 (2025) 022419,10.1103/PhysRevA.111.022419,2312.11637,2312.11637v2,quant-ph,25,15,INSPIRE,,2026-08-21,2738544,citation graph: Bauer et al. 2023,time-evolution strategies and error analysis for Hamiltonian lattice field theory,https://arxiv.org/abs/2312.11637v2,https://arxiv.org/pdf/2312.11637v2,papers/emerging_peer_reviewed_and_direct/07_hamiltonian_and_gauge_invariant_formulations/2023_Hariprakash_2312.11637.pdf,True,35,3f41eba724d1c78464e4219b0ce79d0255e4331a1f0aa24598e2d3fa09ae4f4c,2023-12-18,2024-06-08,"Simulating the time evolution of quantum field theories given some Hamiltonian $H$ requires developing algorithms for implementing the unitary operator e^{-iHt}. A variety of techniques exist that accomplish this task, with the most common technique used so far being Trotterization, which is a special case of the application of a product formula. However, other techniques exist that promise better asymptotic scaling in certain parameters of the theory being simulated, the most efficient of which are based on the concept of block encoding. In this work we study the performance of such algorithms in simulating lattice field theories. We derive and compare the asymptotic gate complexities of several commonly used simulation techniques in application to Hamiltonian Lattice Field Theories. Using the scalar φ^4 theory as a test, we also perform numerical studies and compare the gate costs required by Product Formulas and Signal Processing based techniques to simulate time evolution. For the latter, we use the the Linear Combination of Unitaries construction augmented with the Quantum Fourier Transform circuit to switch between the field and momentum eigenbases, which leads to immediate order-of-magnitude improvement in the cost of preparing the block encoding. The paper also includes a pedagogical review of utilized techniques, in particular Product Formulas, LCU, Qubitization, QSP, as well as a technique we call HHKL based on its inventors' names."
2,emerging,spectral_methods,2023,Teaching to extract spectral densities from lattice correlators to a broad audience of learning-machines,Michele Buzzicotti; Alessandro De Santis; Nazario Tantalo,journal/proceedings record,Eur.Phys.J.C 84 (2024) 32,10.1140/epjc/s10052-024-12399-0,2307.00808,2307.00808v2,hep-lat,22,16,INSPIRE,,2026-08-21,2673867,citation graph: Luscher-Weisz 2001; Blossier et al. 2009,Peer-reviewed learning-machine benchmark for spectral-density extraction,https://arxiv.org/abs/2307.00808v2,https://arxiv.org/pdf/2307.00808v2,papers/emerging_peer_reviewed_and_direct/03_spectral_extraction_and_operator_overlap/2023_Buzzicotti_2307.00808.pdf,True,25,28d040a1feb416474af962e37cd5cd27cedf140df6be38338625b53f05788140,2023-07-03,2024-01-05,"We present a new supervised deep-learning approach to the problem of the extraction of smeared spectral densities from Euclidean lattice correlators. A distinctive feature of our method is a model-independent training strategy that we implement by parametrizing the training sets over a functional space spanned by Chebyshev polynomials. The other distinctive feature is a reliable estimate of the systematic uncertainties that we achieve by introducing several ensembles of machines, the broad audience of the title. By training an ensemble of machines with the same number of neurons over training sets of fixed dimensions and complexity, we manage to provide a reliable estimate of the systematic errors by studying numerically the asymptotic limits of infinitely large networks and training sets. The method has been validated on a very large set of random mock data and also in the case of lattice QCD data. We extracted the strange-strange connected contribution to the smeared $R$-ratio from a lattice QCD correlator produced by the ETM Collaboration and compared the results of the new method with the ones previously obtained with the HLT method by finding a remarkably good agreement between the two totally unrelated approaches."
2,emerging,effective_hamiltonian,2022,A mathematical framework for quantum Hamiltonian simulation and duality,Harriet Apel; Toby Cubitt,journal/proceedings record,"Annales Henri Poincaré, 1-48 (April 2024)",10.1007/s00023-024-01432-3,2208.11941,2208.11941v3,quant-ph,2,1,INSPIRE,,2026-08-21,2141941,citation graph: Bravyi-DiVincenzo-Loss 2011,precise mathematical framework for Hamiltonian simulation and duality,https://arxiv.org/abs/2208.11941v3,https://arxiv.org/pdf/2208.11941v3,papers/emerging_peer_reviewed_and_direct/06_effective_hamiltonians/2022_Apel_2208.11941.pdf,True,40,a0777b268b63d5aca4336c7795b90619e4edd6910658d4c40ab43b1e39c1edaf,2022-08-25,2024-04-26,"Analogue Hamiltonian simulation is a promising near-term application of quantum computing and has recently been put on a theoretical footing. In Hamiltonian simulation, a physical Hamiltonian is engineered to have identical physics to another - often very different - Hamiltonian. This is qualitatively similar to the notion of duality in physics, whereby two superficially different theories are mathematically equivalent in some precise sense. However, existing characterisations of Hamiltonian simulations are not sufficiently general to extend to all dualities in physics. In particular, they cannot encompass the important cases of strong/weak and high-temperature/low-temperature dualities. In this work, we give three physically motivated axiomatisations of duality, formulated respectively in terms of observables, partition functions and entropies. We prove that these axiomatisations are equivalent, and characterise the mathematical form that any duality satisfying these axioms must take. A building block in one of our results is a strengthening of earlier results on entropy-preserving maps to maps that are entropy-preserving up to an additive constant, which we prove decompose as a direct sum of unitary and anti-unitary components, which may be of independent mathematical interest."
2,emerging,rigorous_lgt,2022,Correlation decay for finite lattice gauge theories at weak coupling,Arka Adhikari; Sky Cao,journal/proceedings record,Annals Probab. 53 (2025) 140,10.1214/24-AOP1702,2202.10375,2202.10375v3,math.PR,10,9,INSPIRE,,2026-08-21,2036003,citation graph: Shen-Zhu-Zhu 2023,exponential correlation decay for finite lattice gauge theories at weak coupling,https://arxiv.org/abs/2202.10375v3,https://arxiv.org/pdf/2202.10375v3,papers/emerging_peer_reviewed_and_direct/04_rigorous_lattice_yang_mills/2022_Adhikari_2202.10375.pdf,True,35,9875bf580fc0e3db28756a06da102c493a0fbe91bcb835de01716d4eea7984c6,2022-02-21,2024-03-17,"In the setting of lattice gauge theories with finite (possibly non-Abelian) gauge groups at weak coupling, we prove exponential decay of correlations for a wide class of gauge invariant functions, which in particular includes arbitrary functions of Wilson loop observables."
2,emerging,weingarten,2022,Expectation values of polynomials and moments on general compact Lie groups,Tobias Diez; Lukas Miaskiwskyi,preprint,,,2203.11607,2203.11607v1,math.PR,3,3,INSPIRE,,2026-08-21,2057212,citation graph: Collins-Sniady 2006,Weingarten maps and polynomial moments for general compact Lie groups including SU(N),https://arxiv.org/abs/2203.11607v1,https://arxiv.org/pdf/2203.11607v1,papers/emerging_peer_reviewed_and_direct/05_haar_and_weingarten/2022_Diez_2203.11607.pdf,True,46,1bae848e5303a9369ef07e74eb044405c2297b8ec98e248eef921edd6827e6e2,2022-03-22,2022-03-22,"We develop a powerful framework to calculate expectation values of polynomials and moments on compact Lie groups based on elementary representation-theoretic arguments and an integration by parts formula. In the setting of lattice gauge theory, we generalize expectation value formulas for products of Wilson loops by Chatterjee and Jafarov to arbitrary compact Lie groups, and study explicit examples for many classical compact Lie groups and the exceptional Lie group $G_2$. Extending classical results by Collins and Lévy, we use our framework to derive expectation value formulas of polynomials of matrix coefficients under the Haar measure, Brownian motion, and the Wilson action. In particular, we construct Weingarten functions for general compact Lie groups by studying the underlying tensor invariants, and apply this to $\mathrm{SU}(N)$ and $G_2$."
2,emerging,rigorous_lgt,2022,Large N limit of the Yang-Mills measure on compact surfaces II: Makeenko-Migdal equations and planar master field,Antoine Dahlqvist; Thibaut Lemoine,journal/proceedings record,Forum Math.Sigma 13 (2025) e17,10.1017/fms.2024.152,2201.05886,2201.05886v2,math.PR,10,8,INSPIRE,,2026-08-21,2012418,citation graph: Shen-Smith-Zhu 2024,modern compact-surface large-N master field and Makeenko-Migdal theory,https://arxiv.org/abs/2201.05886v2,https://arxiv.org/pdf/2201.05886v2,papers/emerging_peer_reviewed_and_direct/04_rigorous_lattice_yang_mills/2022_Dahlqvist_2201.05886.pdf,True,78,7564618aa5487afa968ecb180135966211c83220c95a7ab2586af9d542ea2b5a,2022-01-15,2023-08-24,"This paper considers the large N limit of Wilson loops for the two-dimensional Euclidean Yang-Mills measure on all orientable compact surfaces of genus larger or equal to one, with a structure group given by a classical compact matrix Lie group. We show their convergence for all loops on the torus and give a conjecture supported by partial results for other surfaces."
2,emerging,hamiltonian_quantum,2021,Exact duality and local dynamics in SU(N) lattice gauge theory,Manu Mathur; Atul Rathor,journal/proceedings record,Phys.Rev.D 107 (2023) 074504,10.1103/PhysRevD.107.074504,2109.00992,2109.00992v4,hep-lat,8,7,INSPIRE,,2026-08-21,1915334,citation graph: Kogut-Susskind 1975; Bauer et al. 2023,Exact duality and local dynamics for SU(N) Hamiltonian lattice gauge theory,https://arxiv.org/abs/2109.00992v4,https://arxiv.org/pdf/2109.00992v4,papers/emerging_peer_reviewed_and_direct/07_hamiltonian_and_gauge_invariant_formulations/2021_Mathur_2109.00992.pdf,True,19,9068670a884b5225c5f6253cefd801a1df89c42bec0c04a3e121f16718871cb3,2021-09-02,2023-05-04,We construct exact duality transformations in pure SU(N) Hamiltonian lattice gauge theory in (2+1) dimension. This duality is obtained by making a series of iterative canonical transformations on the SU(N) electric vector fields and their conjugate magnetic vector potentials on the four links around every plaquette. The resulting dual description is in terms of the magnetic scalar fields or plaquette flux loops and their conjugate electric scalar potentials. Under SU(N) gauge transformations they both transform like adjoint matter fields. The dual Hamiltonian describes the nonlocal self-interactions of these plaquette flux loops in terms of the electric scalar potentials and with inverted coupling. We show that these nonlocal loop interactions can be made local and converted into minimal couplings by introducing SU(N) auxiliary gauge fields along with new plaquette constraints. The matter fields can be included through minimal coupling. The techniques can be easily generalized to (3+1) dimensions.
2,emerging,spectral_methods,2021,Källén-Lehmann Spectral Representation of the Scalar SU(2) Glueball,David Dudal; Orlando Oliveira; Martin Roelfs,journal/proceedings record,"Eur. Phys. J. C 82, 251 (2022)",10.1140/epjc/s10052-022-10213-3,2103.11846,2103.11846v2,hep-lat,11,8,INSPIRE,,2026-08-21,1852804,citation graph: Morningstar-Peardon 1999,Kallen-Lehmann reconstruction of the scalar SU(2) glueball,https://arxiv.org/abs/2103.11846v2,https://arxiv.org/pdf/2103.11846v2,papers/emerging_peer_reviewed_and_direct/03_spectral_extraction_and_operator_overlap/2021_Dudal_2103.11846.pdf,True,17,13cdcbc9917ccb14225ddfafd50a397ded3ab60050f84fd32a086de610bbf2f4,2021-03-22,2022-03-23,"The estimation of the Källén-Lehmann spectral density from gauge invariant lattice QCD two point correlation functions is proposed, and explored via an appropriate inversion method. As proof of concept the SU(2) glueball spectrum for the quantum numbers $J^{PC} = 0^{++}$ is investigated for various values of the lattice spacing. The spectral density and the glueball spectrum are estimated using the published data of arXiv:1910.07756. Our estimates for the ground state mass are in good agreement with the traditional approach published therein, which is based on the large time exponential behaviour of the correlation functions. Furthermore, the spectral density also contains hints of excites states in the spectrum."
2,emerging,flux_strings,2021,Revisiting the flux tube spectrum of 3d SU(2) lattice gauge theory,Bastian B. Brandt,journal/proceedings record,Indian J.Phys. 95 (2021) 1613,10.1007/s12648-021-02127-9,2102.06413,2102.06413v2,hep-lat,12,12,INSPIRE,,2026-08-21,1846594,citation graph: Athenodorou-Teper 2021; Lucini-Teper-Wenger 2004,Reanalysis of the 3D SU(2) flux-tube spectrum and nonuniversal corrections,https://arxiv.org/abs/2102.06413v2,https://arxiv.org/pdf/2102.06413v2,papers/emerging_peer_reviewed_and_direct/02_flux_tubes_and_effective_strings/2021_Brandt_2102.06413.pdf,True,17,ca3a9cab61e9f2a21dcc6438e5a60f33e78f9a9d5888b5538965e7119c86ad87,2021-02-12,2022-02-16,"We perform a high precision measurement of the spectrum of the QCD flux tube in three-dimensional $\SU(2)$ gauge theory at multiple lattice spacings. We compare the results at large $q\bar{q}$ separations $R$ to the spectrum predicted by the effective string theory, including the leading order boundary term with a non-universal coefficient. We find qualitative agreement with the predictions from the leading order Nambu-Goto string theory down to small values of $R$, while, at the same time, observing the predicted splitting of the second excited state due to the boundary term. On fine lattices and at large $R$ we observe slight deviations from the EST predictions for the first excited state."
2,emerging,flux_strings,2021,Spectrum of very excited $Σ_g^+$ flux tubes in SU(3) gauge theory,P. Bicudo; N. Cardoso; A. Sharifian,journal/proceedings record,"Phys. Rev. D 104, 054512 (2021)",10.1103/PhysRevD.104.054512,2105.12159,2105.12159v2,hep-lat,12,6,INSPIRE,,2026-08-21,1865623,citation graph: Athenodorou-Teper 2021; Lucini-Teper-Wenger 2004,Direct SU(3) extraction of very highly excited Sigma_g+ flux-tube levels,https://arxiv.org/abs/2105.12159v2,https://arxiv.org/pdf/2105.12159v2,papers/emerging_peer_reviewed_and_direct/02_flux_tubes_and_effective_strings/2021_Bicudo_2105.12159.pdf,True,15,085d2ecab1f48c167ba54f7c9fcf73a4bc9d10c1fc6ebc6380067cb5c768c7de,2021-05-25,2021-09-13,"Spectra with full towers of levels are expected due to the quantization of the string vibrations, however different theoretical models exist for the excitation spectra. First principle computations are important to test the different models and to search for novel phenomena, but so far only a few excited states of QCD flux tubes have been studied with pure gauge SU(3) lattice QCD in 3+1 dimensions. We thus aim to study a spectrum of flux tubes with static quark and antiquark sources up to a significant number of excitations. We specialize on the spectrum of the most symmetric case, namely $Σ_g^+$, where up to two levels are already published in the literature. To achieve the highest possible excitation level, we construct a large set of operators with the correct symmetry, solve the generalized eigenvalue problem and compare the results of different lattice QCD gauge actions with different lattice spacings and anisotropies."
2,emerging,rigorous_lgt,2021,Wilson lines in the Abelian lattice Higgs model,Malin Palö Forsström,journal/proceedings record,Commun.Math.Phys. 405 (2024) 275,10.1007/s00220-024-05128-x,2111.06620,2111.06620v2,math.PR,6,4,INSPIRE,,2026-08-21,1968016,citation graph: Shen-Zhu-Zhu 2023,rigorous Wilson-line asymptotics in the Abelian lattice Higgs model,https://arxiv.org/abs/2111.06620v2,https://arxiv.org/pdf/2111.06620v2,papers/emerging_peer_reviewed_and_direct/04_rigorous_lattice_yang_mills/2021_Forsstrom_2111.06620.pdf,True,54,211c71fe0193711f630355a5b3984cd4fc16bd0987c9953a89b28ded3382ece9,2021-11-12,2024-08-22,"Lattice gauge theories are lattice approximations of the Yang-Mills theory in physics. The abelian lattice Higgs model is one of the simplest examples of a lattice gauge theory interacting with an external field. In a previous paper~\cite{flv2021}, we calculated the leading order term of the expected value of Wilson loop observables in the low-temperature regime of the abelian lattice Higgs model on $ \mathbb{Z}^4 ,$ with structure group $G = \mathbb{Z}_n $ for some $ n \geq 2. $ In the absence of a Higgs field, these are important observables since they exhibit a phase transition which can be interpreted as distinguishing between regions with and without quark confinement. However, in the presence of a Higgs field, this is no longer the case, and a more relevant family of observables are so-called open Wilson lines. In this paper, we extend and refine the ideas introduced in~\cite{flv2021} to calculate the leading order term of the expected value of the more general Wilson line observables. Using our main result, we then calculate the leading order term of several natural ratios of expected values and confirm the behavior predicted by physicists."
2,emerging,rigorous_lgt,2021,Wilson Loop Expectations for Non-Abelian Gauge Fields Coupled to a Higgs Boson at Low and High Disorder,Arka Adhikari,journal/proceedings record,Commun.Math.Phys. 405 (2024) 117,10.1007/s00220-024-04998-5,2111.07540,2111.07540v1,math-ph,8,7,INSPIRE,,2026-08-21,1968866,citation graph: Shen-Zhu-Zhu 2023,non-Abelian Wilson-loop asymptotics with Higgs matter via vortex and polymer expansions,https://arxiv.org/abs/2111.07540v1,https://arxiv.org/pdf/2111.07540v1,papers/emerging_peer_reviewed_and_direct/04_rigorous_lattice_yang_mills/2021_Adhikari_2111.07540.pdf,True,83,4ced596be848cf52bb9401055ebed62ac7868df69727ff31cf60cc58c9986a3b,2021-11-15,2021-11-15,"We consider computations of Wilson loop expectations to leading order at large $β$ in the case where a non-abelian gauge field interacts with a Higgs boson. By identifying the main order contributions from minimal vortices, we can express the Wilson loop expectations via an explicit Poisson random variable. This paper treats multiple cases of interests, including the Higgs boson at low and high disorder, and finds efficient polymer expansion like computations for each of these regimes."
2,emerging,spectrum,2020,Prospects for large N gauge theories on the lattice,Margarita Garcia Perez,journal/proceedings record,PoS LATTICE2019 (2020) 276,10.22323/1.363.0276,2001.10859,2001.10859v1,hep-lat,31,19,INSPIRE,,2026-08-21,1777738,citation graph: Morningstar-Peardon 1999; Athenodorou-Teper 2021,Modern survey of twisted reduction and large-N lattice prospects,https://arxiv.org/abs/2001.10859v1,https://arxiv.org/pdf/2001.10859v1,papers/emerging_peer_reviewed_and_direct/01_glueball_spectrum/2020_Perez_2001.10859.pdf,True,15,8bb0b419ee987c3b15f2f850da27558cd971811ae8040227e73367594d5be847,2020-01-29,2020-01-29,"I will review recent progress on addressing large N gauge theories on the lattice. The focus will be put on the use of large N volume independence as an effective tool to compute non-perturbative dynamics at, otherwise unreachable, large number of colours. A selection of results will be presented and future prospects and challenges for the study of large N QCD and various extensions will be discussed."
2,emerging,spectrum,2020,Spectrum of Trace Deformed Yang-Mills Theories,Andreas Athenodorou; Marco Cardinali; Massimo D'Elia,journal/proceedings record,Phys.Rev.D 104 (2021) 074510,10.1103/PhysRevD.104.074510,2010.03618,2010.03618v2,hep-lat,11,10,INSPIRE,,2026-08-21,1821938,citation graph: Morningstar-Peardon 1999; Athenodorou-Teper 2021,"Peer-reviewed spectrum of trace-deformed Yang-Mills, useful as a controlled deformation comparison",https://arxiv.org/abs/2010.03618v2,https://arxiv.org/pdf/2010.03618v2,papers/emerging_peer_reviewed_and_direct/01_glueball_spectrum/2020_Athenodorou_2010.03618.pdf,True,12,9b5d83a08135cc8dbe002818ebb1db389d2042e85b195592d46b8b208d09e88b,2020-10-07,2021-07-30,"In this paper we study, by means of numerical simulations, the behaviour of the scalar glueball mass and the ground state of the torelon for trace deformed Yang-Mills theory defined on $ \mathbb{R}^3\times S^1$, in which center symmetry is recovered even at small compactification radii. We find, by investigating both $SU(3)$ and $SU(4)$ pure gauge theories, that the glueball mass computed in the deformed theory, when center symmetry is recovered, is compatible with its value at zero temperature and does not show any significant dependence on the compactification radius; moreover, we establish a connection between the deformation parameter and an effective compactification size, which works well at least for small deformations. In addition, we observe that the ground state of the torelon which winds around the small traced deformed circle with size $l$ acquires a pleateau for large values of the strength $h$, with values which are compatible with a $1/l$ behavior but, on the other hand, are still not in complete agreement with the asymptotic semiclassical large-$N$ predictions."
2,emerging,spectrum,2018,The spectrum of 2+1 dimensional Yang-Mills theory on a twisted spatial torus,Margarita García Pérez; Antonio González-Arroyo; Mateusz Koren; Masanori Okawa,journal/proceedings record,JHEP 1807 (2018) 169,10.1007/JHEP07(2018)169,1807.03481,1807.03481v2,hep-th,16,4,INSPIRE,,2026-08-21,1681627,citation graph: Morningstar-Peardon 1999; Athenodorou-Teper 2021,"Spectral study on a twisted spatial torus, directly probing volume reduction and winding sectors",https://arxiv.org/abs/1807.03481v2,https://arxiv.org/pdf/1807.03481v2,papers/emerging_peer_reviewed_and_direct/01_glueball_spectrum/2018_Perez_1807.03481.pdf,True,57,9aa8bb959b8f97f0105bd524e5b2771989f311f1f6b57fa0b7d1284c4a1d9130,2018-07-10,2018-08-07,"We compute and analyse the low-lying spectrum of 2+1 dimensional $SU(N)$ Yang-Mills theory on a spatial torus of size $l\times l$ with twisted boundary conditions. This paper extends our previous work \cite{Perez:2013dra}. In that paper we studied the sector with non-vanishing electric flux and concluded that the energies only depend on the parameters through two combinations: $x=λN l /(4π)$ (with $λ$ the 't Hooft coupling) and the twist angle $\tilde θ$ defined in terms of the magnetic flux piercing the two-dimensional box. Here we made a more complete study and we are able to condense our results, obtained by non-perturbative lattice methods, into a simple expression which has important implications for the absence of tachyonic instabilities, volume independence and non-commutative field theory. Then we extend our study to the sector of vanishing electric flux. We conclude that the onset of the would-be large-volume glueball states occurs at an approximately fixed value of $x$, much before the stringy torelon states have become very massive."
2,emerging,flux_strings,2018,Undressing Confining Flux Tubes with $T\bar T$,Chang Chen; Peter Conkey; Sergei Dubovsky; Guzman Hernandez-Chifflet,journal/proceedings record,"Phys. Rev. D 98, 114024 (2018)",10.1103/PhysRevD.98.114024,1808.01339,1808.01339v2,hep-th,44,37,INSPIRE,,2026-08-21,1685069,citation graph: Athenodorou-Teper 2021; Lucini-Teper-Wenger 2004,Modern TbarT interpretation of confining-flux-tube spectra,https://arxiv.org/abs/1808.01339v2,https://arxiv.org/pdf/1808.01339v2,papers/emerging_peer_reviewed_and_direct/02_flux_tubes_and_effective_strings/2018_Chen_1808.01339.pdf,True,23,928fdfbd1ae1d1eeb644ae6997a664b0f5bbd17f9e31215e9efa1594dac4f5a9,2018-08-03,2018-12-19,"Lattice QCD simulations provide crucial information about the worldsheet dynamics of confining strings (flux tubes). An accurate extraction of the worldsheet $S$-matrix from lattice spectra requires accounting for polarization effects. Approximate integrability of the low energy worldsheet theory makes it possible to apply the Thermodynamic Bethe Ansatz to incorporate polarization effects at all orders in the number of windings and at the leading order in the derivative expansion. However, a systematic application of this technique in the presence of non-integrable effects and for multiparticle states becomes increasingly challenging. We point out that a recently understood equivalence between gravitational dressing and $T\bar{T}$ deformation provides a fully systematic and straightforward recipe to incorporate the leading polarization effects in the presence of an arbitrary inelasticity and for any number of particles. We illustrate this technique with several examples."
2,emerging,flux_strings,2017,"Spectrum of the open QCD flux tube and its effective string description I: 3d static potential in SU(N=2,3)",Bastian B. Brandt,journal/proceedings record,JHEP 07 (2017) 008,10.1007/JHEP07(2017)008,1705.03828,1705.03828v1,hep-lat,27,24,INSPIRE,,2026-08-21,1598768,citation graph: Athenodorou-Teper 2021; Lucini-Teper-Wenger 2004,"Detailed open-flux-tube spectrum and effective-string comparison in 3D SU(2,3)",https://arxiv.org/abs/1705.03828v1,https://arxiv.org/pdf/1705.03828v1,papers/emerging_peer_reviewed_and_direct/02_flux_tubes_and_effective_strings/2017_Brandt_1705.03828.pdf,True,40,da654e6662a19607f286f105ecea66760d7689df30a919d4579d1b8a8f84d6a4,2017-05-10,2017-05-10,"We perform a high precision measurement of the static $q\bar{q}$ potential in three-dimensional SU($N$) gauge theory with $N=2,3$ and compare the results to the potential obtained from the effective string theory. In particular, we show that the exponent of the leading order correction in $1/R$ is 4, as predicted, and obtain accurate results for the continuum limits of the string tension and the non-universal boundary coefficient $\bar{b}_2$, including an extensive analysis of all types of systematic uncertainties. We find that the magnitude of $\bar{b}_2$ decreases with increasing $N$, leading to the possibility of a vanishing $\bar{b}_2$ in the large $N$ limit. In the standard form of the effective string theory possible massive modes and the presence of a rigidity term are usually not considered, even though they might give a contribution to the energy levels. To investigate the effect of these terms, we perform a second analysis, including these contributions. We find that the associated expression for the potential also provides a good description of the data. The resulting continuum values for $\bar{b}_2$ are about a factor of 2 smaller than in the standard analysis, due to contaminations from an additional $1/R^4$ term. However, $\bar{b}_2$ shows a similar decrease in magnitude with increasing $N$. In the course of this extended analysis we also obtain continuum results for the masses appearing in the additional terms and we find that they are around twice as large as the square root of the string tension in the continuum and compatible between SU(2) and SU(3) gauge theory. In the follow up papers we will extend our investigations to the large $N$ limit and excited states of the open flux tube."
2,emerging,flux_strings,2016,Closed flux tubes in D=2+1 SU(N) gauge theories: dynamics and effective string description,Andreas Athenodorou; Michael Teper,journal/proceedings record,JHEP 10 (2016) 093,10.1007/JHEP10(2016)093,1602.07634,1602.07634v1,hep-lat,35,29,INSPIRE,,2026-08-21,1423305,citation graph: Athenodorou-Teper 2021; Lucini-Teper-Wenger 2004,Detailed closed-flux-tube dynamics and effective-string analysis in 2+1D SU(N),https://arxiv.org/abs/1602.07634v1,https://arxiv.org/pdf/1602.07634v1,papers/emerging_peer_reviewed_and_direct/02_flux_tubes_and_effective_strings/2016_Athenodorou_1602.07634.pdf,True,72,331b514edaa8b648fbd943f734d1b892638c9776e1aab201db635824cd40385d,2016-02-24,2016-02-24,"We extend our earlier calculations of the spectrum of closed flux tubes in SU(N) gauge theories in 2+1 dimensions, with a focus on questions raised by recent theoretical progress on the effective string action of long flux tubes and the world-sheet action for flux tubes of moderate lengths. Our new calculations in SU(4) and SU(8) provide evidence that the leading O(1/l^gamma) non-universal correction to the flux tube ground state energy does indeed have a power gamma greater than or equal to 7. We perform a study in SU(2), where we can traverse the length at which the Nambu-Goto ground state becomes tachyonic, to obtain an all-N view of the spectrum. Our comparison of the k=2 flux tube excitation energies in SU(4) and SU(6) suggests that the massive world sheet excitation associated with the k=2 binding has a scale that knows about the group and hence the theory in the bulk, and we comment on the potential implications of world sheet massive modes for the bulk spectrum. We provide a quantitative analysis of the surprising (near-)orthogonality of flux tubes carrying flux in different SU(N) representations, which implies that their screening by gluons is highly suppressed even at small N."
2,emerging,spectrum,2012,Recent results in large-N lattice gauge theories,Marco Panero,journal/proceedings record,PoS Lattice 2012 (2012) 010,10.22323/1.164.0010,1210.5510,1210.5510v2,hep-lat,33,16,INSPIRE,,2026-08-21,1191903,citation graph: Morningstar-Peardon 1999; Athenodorou-Teper 2021,Citation-guided review of then-current large-N lattice results,https://arxiv.org/abs/1210.5510v2,https://arxiv.org/pdf/1210.5510v2,papers/emerging_peer_reviewed_and_direct/01_glueball_spectrum/2012_Panero_1210.5510.pdf,True,15,e43e1114cb1d2d6445b5afa798c5e206d924a86cf259df146fc0bb3e5cc64093,2012-10-19,2013-04-17,"Generalizations of QCD in which the number of colors N is taken to infinity are characterized by profound mathematical properties, with far-reaching implications for fundamental problems and for phenomenological issues alike. In this contribution, after a brief introduction to the theoretical motivation for studying the large-N limit, the role of lattice computations in large-N gauge theories is discussed, and a selection of interesting results obtained in recent years is highlighted. Finally, some promising research directions for future studies are pointed out."
2,emerging,flux_strings,2010,The Width of the Color Flux Tube at 2-Loop Order,F. Gliozzi; M. Pepe; U. -J. Wiese,journal/proceedings record,"JHEP 1011:053,2010",10.1007/JHEP11(2010)053,1006.2252,1006.2252v2,hep-lat,45,38,INSPIRE,,2026-08-21,857941,citation graph: Athenodorou-Teper 2021; Lucini-Teper-Wenger 2004,Two-loop effective-string prediction for the color-flux-tube width,https://arxiv.org/abs/1006.2252v2,https://arxiv.org/pdf/1006.2252v2,papers/emerging_peer_reviewed_and_direct/02_flux_tubes_and_effective_strings/2010_Gliozzi_1006.2252.pdf,True,16,fc78e18a7e2abcef1e6a5ca39c4560c84e8fc583210b4d3a54db58d8a2ccf2e2,2010-06-11,2011-03-29,"The color flux tube connecting a static quark-anti-quark pair in Yang-Mills theory supports massless transverse fluctuations, which are the Goldstone bosons of spontaneously broken translation invariance. Just as in chiral perturbation theory, the dynamics of these Goldstone bosons is described by a systematic low-energy effective field theory. We use the effective theory to calculate the width of the fluctuating string at the 2-loop level, using both cylindrical and toroidal boundary conditions. At zero temperature, the string width diverges logarithmically with the quark-anti-quark distance r. On the other hand, at low but non-zero temperature T = 1/β, for r >> β, the string width diverges linearly."
2,emerging,flux_strings,2009,Spectrum of the QCD flux tube in 3d SU(2) lattice gauge theory,Bastian B. Brandt; Pushan Majumdar,journal/proceedings record,"Phys.Lett.B682:253-258,2009",10.1016/j.physletb.2009.11.010,0905.4195,0905.4195v3,hep-lat,26,18,INSPIRE,,2026-08-21,821327,citation graph: Athenodorou-Teper 2021; Lucini-Teper-Wenger 2004,Direct lattice spectrum of the 3D SU(2) QCD flux tube,https://arxiv.org/abs/0905.4195v3,https://arxiv.org/pdf/0905.4195v3,papers/emerging_peer_reviewed_and_direct/02_flux_tubes_and_effective_strings/2009_Brandt_0905.4195.pdf,True,8,60c1d1179b6ed51a3f22754ad29402acb10229474a0c19c989eda112e8a90f72,2009-05-26,2009-11-17,"Evidence from the lattice suggests that formation of a flux tube between a $q\bar{q}$ pair in the QCD vacuum leads to quark confinement. For large separations between the quarks, it is conjectured that the flux tube has a behaviour similar to an oscillating bosonic string, supported by lattice data for the groundstate $q\bar{q}$ potential. We measure the excited states of the flux tube in 3d SU(2) gauge theory with three different couplings inside the scaling region. We compare our results to predictions of effective string theories."
2,emerging,spectral_methods,2008,Efficient use of the Generalized Eigenvalue Problem,B. Blossier; G. von Hippel; T. Mendes; R. Sommer; M. Della Morte,journal/proceedings record,"PoS LATTICE2008:135,2008",10.22323/1.066.0135,0808.1017,0808.1017v1,hep-lat,26,22,INSPIRE,,2026-08-21,792607,citation graph: Luscher-Weisz 2001; Blossier et al. 2009,"Practical companion on efficient GEVP use, distinct from the 2009 asymptotic-error paper already collected",https://arxiv.org/abs/0808.1017v1,https://arxiv.org/pdf/0808.1017v1,papers/emerging_peer_reviewed_and_direct/03_spectral_extraction_and_operator_overlap/2008_Blossier_0808.1017.pdf,True,8,e87c115750dc4de6d717159db3717c37381d3868347c3c484351f22776f05d58,2008-08-07,2008-08-07,We analyze the systematic errors made when using the generalized eigenvalue problem to extract energies and matrix elements in lattice gauge theory. Effective theories such as HQET are also discussed. Numerical results are shown for the extraction of ground-state and excited B-meson masses and the ground-state decay constant in the static approximation.
2,emerging,flux_strings,2008,On the spectrum of closed k=2 flux tubes in D=2+1 SU(N) gauge theories,Andreas Athenodorou; Barak Bringoltz; Michael Teper,journal/proceedings record,"JHEP 0905:019,2009",10.1088/1126-6708/2009/05/019,0812.0334,0812.0334v2,hep-lat,29,20,INSPIRE,,2026-08-21,803899,citation graph: Athenodorou-Teper 2021; Lucini-Teper-Wenger 2004,Dedicated lattice spectrum of closed k=2 flux tubes in 2+1D SU(N),https://arxiv.org/abs/0812.0334v2,https://arxiv.org/pdf/0812.0334v2,papers/emerging_peer_reviewed_and_direct/02_flux_tubes_and_effective_strings/2008_Athenodorou_0812.0334.pdf,True,37,b07be6fe2a018a2f9476140ee9a4f935b7c928c6bb6478e2111aea97354a5e43,2008-12-01,2009-03-21,"We calculate the energy spectrum of a k=2 flux tube that is closed around a spatial torus, as a function of its length l. We do so for SU(4) and SU(5) gauge theories in 2 space dimensions. We find that to a very good approximation the eigenstates belong to the irreducible representations of the SU(N) group rather than just to its center, Z_N. We obtain convincing evidence that the low-lying states are, for l not too small, very close to those of the Nambu-Goto free string theory (in flat space-time). The correction terms appear to be typically of O(1) in appropriate units, much as one would expect if the bosonic string model were an effective string theory for the dynamics of these flux tubes. This is in marked contrast to the case of fundamental flux tubes where such corrections have been found to be unnaturally small. Moreover we find that these corrections appear to be particularly small when the `phonons' along the string have the same momentum, and large when their momentum is opposite. This provides information about the detailed nature of the interactions in the effective string theory. We have searched for, but not found, extra states that would arise from the excitation of the massive modes presumably associated with the non-trivial structure of the flux tube."
2,emerging,flux_strings,2003,Excitations of the static quark-antiquark system in several gauge theories,K. Jimmy Juge; Julius Kuti; Colin Morningstar,journal/proceedings record,221,10.1142/9789812702845_0017,hep-lat/0312019,hep-lat/0312019v1,hep-lat,25,24,INSPIRE,,2026-08-21,635449,citation graph: Athenodorou-Teper 2021; Lucini-Teper-Wenger 2004,Early multi-gauge-theory comparison of static-source excitation spectra,https://arxiv.org/abs/hep-lat/0312019v1,https://arxiv.org/pdf/hep-lat/0312019v1,papers/emerging_peer_reviewed_and_direct/02_flux_tubes_and_effective_strings/2003_Juge_hep-lat-0312019.pdf,True,12,c6e457e020ac7e3ec16192485a714df63f46bc780c38847aa7d615b802afd941,2003-12-12,2003-12-12,"The spectrum of gluons in the presence of a static quark-antiquark pair is studied using Monte Carlo simulations on anisotropic space-time lattices. For very small quark-antiquark separations R, the level orderings and approximate degeneracies disagree with the expectations from an effective string theory. As the quark-antiquark separation R increases, a dramatic rearrangement of the energies occurs, and above 2 fm, all of the levels studied show behavior consistent with an effective string description. The energy spacings are nearly pi/R, but a tantalizing fine structure remains. In addition to 4-dimensional SU(3) gauge theory, results from 3-dimensional SU(2) and compact U(1) gauge theories are also presented."
2,emerging,hamiltonian_quantum,2000,Towards a Many-Body Treatment of Hamiltonian Lattice SU(N) Gauge Theory,N. E. Ligterink; N. R. Walet; R. F. Bishop,journal/proceedings record,Annals Phys. 284 (2000) 215-262,10.1006/aphy.2000.6070,hep-lat/0001028,hep-lat/0001028v1,hep-lat,37,34,INSPIRE,,2026-08-21,523291,citation graph: Kogut-Susskind 1975; Bauer et al. 2023,Many-body/coupled-cluster treatment specifically formulated for Hamiltonian SU(N),https://arxiv.org/abs/hep-lat/0001028v1,https://arxiv.org/pdf/hep-lat/0001028v1,papers/emerging_peer_reviewed_and_direct/07_hamiltonian_and_gauge_invariant_formulations/2000_Ligterink_hep-lat-0001028.pdf,True,39,7a4dba816af491209a5f55ec70ecd82a82f4dee15ad16fd1d61999136ef48bb6,2000-01-25,2000-01-25,"We develop a consistent approach to Hamiltonian lattice gauge theory, using the maximal-tree gauge. The various constraints are discussed and implemented. An independent and complete set of variables for the colourless sector is determined. A general scheme to construct the eigenstates of the electric energy operator using a symbolic method is described. It is shown how the one-plaquette problem can be mapped onto a N-fermion problem. Explicit solutions for U(1), SU(2), SU(3), SU(4), and SU(5) lattice gauge theory are shown."
2,emerging,hamiltonian_quantum,1999,The basis of the physical Hilbert space of lattice gauge theories,G. Burgio; R. De Pietri; H. A. Morales-Tecotl; L. F. Urrutia; J. D. Vergara,journal/proceedings record,Nucl.Phys. B566 (2000) 547-561,10.1016/S0550-3213(99)00533-7,hep-lat/9906036,hep-lat/9906036v1,hep-lat,48,34,INSPIRE,,2026-08-21,502555,citation graph: Kogut-Susskind 1975; Bauer et al. 2023,Explicit spin-network basis of the gauge-invariant lattice Hilbert space,https://arxiv.org/abs/hep-lat/9906036v1,https://arxiv.org/pdf/hep-lat/9906036v1,papers/emerging_peer_reviewed_and_direct/07_hamiltonian_and_gauge_invariant_formulations/1999_Burgio_hep-lat-9906036.pdf,True,14,3fe89ca257f2e36ddeaa717b6f474ad020b8410b6fad52dae5897e48c39c1296,1999-06-28,1999-06-28,"Non-linear Fourier analysis on compact groups is used to construct an orthonormal basis of the physical (gauge invariant) Hilbert space of Hamiltonian lattice gauge theories. In particular, the matrix elements of the Hamiltonian operator involved are explicitly computed. Finally, some applications and possible developments of the formalism are discussed."
2,emerging,hamiltonian_quantum,1992,The Shifted Coupled Cluster Method: A New Approach to Hamiltonian Lattice Gauge Theories,C. H. Llewellyn Smith; N. J. Watson,journal/proceedings record,Phys.Lett. B302 (1993) 463-471,10.1016/0370-2693(93)90428-K,hep-lat/9212025,hep-lat/9212025v1,hep-lat,37,36,INSPIRE,,2026-08-21,341982,citation graph: Kogut-Susskind 1975; Bauer et al. 2023,Gauge-invariant shifted coupled-cluster construction from linked strong-coupling clusters,https://arxiv.org/abs/hep-lat/9212025v1,https://arxiv.org/pdf/hep-lat/9212025v1,papers/emerging_peer_reviewed_and_direct/07_hamiltonian_and_gauge_invariant_formulations/1992_Smith_hep-lat-9212025.pdf,True,18,85cbe1897f0e6c9f83f07bed26c6492fab7f4d0d4feb3f9d479382c510efb600,1992-12-18,1992-12-18,"It is shown how to adapt the non-perturbative coupled cluster method of many-body theory so that it may be successfully applied to Hamiltonian lattice $SU(N)$ gauge theories. The procedure involves first writing the wavefunctions for the vacuum and excited states in terms of linked clusters of gauge invariant excitations of the strong coupling vacuum. The fundamental approximation scheme then consists of i) a truncation of the infinite set of clusters in the wavefunctions according to their geometric {\em size}, with all larger clusters appearing in the Schrödinger equations simply discarded, ii) an expansion of the truncated wavefunctions in terms of the remaining clusters rearranged, or ``shifted'', to describe gauge invariant {\em fluctuations} about their vacuum expectation values. The resulting non-linear truncated Schrödinger equations are then solved self-consistently and exactly. Results are presented for the case of $SU(2)$ in $d=3$ space-time dimensions."
2,frontier,hamiltonian_quantum,2026,Continuum limit of a qubit-regularized SU(3) lattice gauge theory with glueballs,Rui Xian Siew; Shailesh Chandrasekharan; Tanmoy Bhattacharya,preprint,,,2603.01215,2603.01215v1,hep-lat,3,2,INSPIRE,,2026-08-21,3124607,citation graph: Kogut-Susskind 1975; Bauer et al. 2023,2026 qubit-regularized SU(3) continuum-limit/glueball preprint; direct but too new for citation stability,https://arxiv.org/abs/2603.01215v1,https://arxiv.org/pdf/2603.01215v1,papers/frontier_watchlist/07_hamiltonian_and_gauge_invariant_formulations/2026_Siew_2603.01215.pdf,True,28,4addb9b2e2cc3474d0f2796385a7e93c4df885943c770f6ff9ff415094170d9a,2026-03-01,2026-03-01,"We show that a simple qubit-regularized $\mathrm{SU}(3)$ lattice gauge theory (LGT) on a plaquette chain admits a continuum limit with massive glueball excitations, providing a minimal toy model of strong interactions without quarks. By mapping the plaquette-chain Hamiltonian to the three-state quantum clock model in a magnetic field, we demonstrate that the theory can be tuned to a continuum limit governed at short distances by the $\mathbb{Z}_3$ parafermion conformal field theory (CFT), which serves as the ultraviolet (UV) fixed point. A small relevant magnetic perturbation then drives the system to a massive continuum quantum field theory in the infrared (IR). The resulting relativistic massive particles can be interpreted as quasi one-dimensional analogues of glueballs. In the continuum theory we compute the ratio of the lowest glueball masses with opposite charge conjugation to be $m^{-}/m^{+} = \,1.459(2)$ and find $\sqrtσ/m^{+}\,= 0.2648(2)$, where $σ$ is the string tension between a static quark and antiquark."
2,frontier,flux_strings,2026,Entanglement Enabled Tomography of Flux Tubes in (2+1)D Yang-Mills Theory,Rocco Amorosso; Sergey Syritsyn; Raju Venugopalan,preprint,,,2601.17199,2601.17199v1,hep-th,10,9,INSPIRE,,2026-08-21,3111342,citation graph: Athenodorou-Teper 2021; Lucini-Teper-Wenger 2004,2026 Yang-Mills flux-tube tomography preprint; unusually fast early citation uptake,https://arxiv.org/abs/2601.17199v1,https://arxiv.org/pdf/2601.17199v1,papers/frontier_watchlist/02_flux_tubes_and_effective_strings/2026_Amorosso_2601.17199.pdf,True,24,c1507f2712e20d432f540ec06820d187c248658b2c0171eeeb20da8a306730d7,2026-01-23,2026-01-23,"We investigate the entangling properties of the color flux tube between a static quark-antiquark pair in pure gauge Yang-Mills theory. In earlier works, we defined a gauge-invariant flux tube entanglement entropy (FTE$^2$), the excess entanglement entropy of a region of gluon fields that can be attributed to the color flux tube, and demonstrated that it is finite in the continuum limit. FTE$^2$ was shown to have two contributions, one from the vibrations of the QCD string, and the other from its internal (color) degrees of freedom. In this work, we further explore the internal color component in (2+1)D Yang-Mills theory for $SU(N_c)$ gauge groups, varying $2\le N_c\le5$. We identify a novel physical scale in the theory, the entanglement radius $ξ_0$. This radius characterizes the transverse extent of the flux tube that must be completely severed by an entangling region to capture the entanglement entropy of color degrees of freedom. The key feature underlying this phenomenon is its topological nature. This is revealed through systematic studies of multi-slab entangling regions in which FTE$^2$ changes sharply when boundaries of the slabs completely cross-cut the flux tube. We find that $ξ_0$ increases approximately linearly with $N_c$ and is independent of both Rényi replica number and the inter-quark separation length. We also study FTE$^2$ as a function of the entangling region's transverse displacement from the static quark pair and observe behavior consistent with a previously identified intrinsic width $λ$ of the flux tube, with an extracted value in agreement with the inverse mass of the lightest glueball for the gauge groups studied."
2,frontier,hamiltonian_quantum,2026,Minimally Truncated SU(3) Lattice Gauge Theory and String Tension,Vincent Chen; Berndt Müller; Xiaojun Yao,preprint,,,2601.10065,2601.10065v1,hep-lat,7,4,INSPIRE,,2026-08-21,3105651,citation graph: Kogut-Susskind 1975; Bauer et al. 2023,2026 minimal SU(3) truncation with direct string-tension target; promising but not yet peer reviewed,https://arxiv.org/abs/2601.10065v1,https://arxiv.org/pdf/2601.10065v1,papers/frontier_watchlist/07_hamiltonian_and_gauge_invariant_formulations/2026_Chen_2601.10065.pdf,True,15,492103099e9511051fa06d3eddd7ffc4fddbaaee93412007e4c3815abc70029a,2026-01-15,2026-01-15,"We study SU(3) gauge theory on small lattices in the minimal (qutrit) electric field truncation retaining only the ${\bf 1}, {\bf 3}, {\bf \overline{3}}$ representations for the link variables. Explicit expressions are given for the Kogut-Susskind Hamiltonian for the square plaquette chain and the two-dimensional honeycomb lattice. Our formalism can be easily extended to the minimally truncated general SU($N_c$) gauge theory. The addition of (static) quarks is discussed. We present results for the energy spectrum of the gauge field on these lattices by exact diagonalization of the Hamiltonian and analyze its statistical properties. We also compute the SU(3) string tension and discuss how it is modified by vacuum fluctuations. Finally, we calculate the potential energies of a static quark-antiquark pair and three static quarks and study their screening at finite temperature."
2,frontier,flat_bands,2026,New class of exactly flat topological bands - compact localised states protected by local graph topology,Tamaghna Hazra,preprint,,,2607.22831,2607.22831v1,cond-mat.str-el,0,0,INSPIRE,,2026-08-21,3183409,citation graph: Leykam-Andreanov-Flach 2018,exact topological flat bands protected by local graph-index structure,https://arxiv.org/abs/2607.22831v1,https://arxiv.org/pdf/2607.22831v1,papers/frontier_watchlist/08_flat_bands_and_graph_topology/2026_Hazra_2607.22831.pdf,True,26,d63d0b26ff06e82bea456eea39adbfc3f1339e3f563260b695ee78b642f8253a,2026-07-24,2026-07-24,"Strongly correlated quantum matter is fundamentally defined by the tension between non-commuting quantum operators. Hamiltonians exhibiting macroscopic degeneracies are of general interest in this field because they imply an infinite susceptibility to any non-commuting perturbation. In moiré heterostructures, engineering such extensive degeneracies in the kinetic Hamiltonian creates a fertile garden for exotic strongly correlated phases of matter to emerge from the resulting flat bands. Here, we introduce a prescription to construct an infinite family of exact flat band Hamiltonians supported on the faces of arbitrary graphs. We demonstrate this algorithm on the faces of four Bravais lattices. Using a discrete graph generalization of the Atiyah-Singer index theorem, we prove that the extensive degeneracies of such face-graph Hamiltonians are protected by the local topology of the face-graph connectivity. The resulting macroscopic null spaces yield compact localised states that remain localised over time due to frustration in hopping pathways. We discuss the broad implications of such non-dispersing quantum modes in diverse settings, from arrested dynamics in quantum networks and quantum machine learning algorithms to Majorana-free topological quantum computation."
2,frontier,rigorous_lgt,2026,The heat-kernel master field on $\mathbb{Z}^d$ at strong coupling,Thibaut Lemoine,preprint,,,2606.28945,2606.28945v2,math-ph,2,0,INSPIRE,,2026-08-21,3174909,citation graph: Cao-Park-Sheffield 2025,"strong-coupling heat-kernel master field, 1/N expansion, area law, and master-loop equation",https://arxiv.org/abs/2606.28945v2,https://arxiv.org/pdf/2606.28945v2,papers/frontier_watchlist/04_rigorous_lattice_yang_mills/2026_Lemoine_2606.28945.pdf,True,69,1f19f30967e33f2bc677d41b7d801174c48f88e62bd4974af9f9c1f66a8c1465,2026-06-27,2026-08-09,"We solve large-$N$ Yang--Mills theory on $\mathbb{Z}^d$, for every $d\geq2$, at strong coupling, for structure group $\mathrm U(N)$ and for the heat-kernel action. More precisely, we prove that normalized Wilson loop expectations have infinite-volume large-$N$ limits, factorize at leading order, and admit an all-order $1/N$-expansion with exponentially local coefficients, whose leading order characterizes the master field. We also prove an area-law upper bound for the heat-kernel master field, with a stronger coefficientwise version. The proof is based on a rooted heat-kernel master loop equation. Unlike the Wilson-action equation or the two-dimensional Makeenko--Migdal equation, this equation does not close on Wilson loop observables alone; it closes on an extended space of loop observables coupled to compactly supported plaquette decorations. We prove a strong-coupling, order-truncated rooted trajectory expansion and then identify its leading term with the master field. The main inputs are the universal finite-$N$ duality formulas developed in the companion paper \cite{Lem26a} and large-$N$ heat-kernel estimates from \cite{LemMai25,LM2}."
2,frontier,rigorous_lgt,2025,Correlation decay for U(1) lattice Higgs theory: the case of small mass,Sourav Chatterjee; Oren Yakir,preprint,,,2509.19176,2509.19176v1,math.PR,3,2,INSPIRE,,2026-08-21,2972853,citation graph: Shen-Zhu-Zhu 2023,constructive cluster expansion and correlation decay for small-mass U(1) lattice Higgs theory,https://arxiv.org/abs/2509.19176v1,https://arxiv.org/pdf/2509.19176v1,papers/frontier_watchlist/04_rigorous_lattice_yang_mills/2025_Chatterjee_2509.19176.pdf,True,38,a5d2d2afb15915b3f89b49ba8f10707f1f7d83c1539965681d300eef7c012ecb,2025-09-23,2025-09-23,"We study the lattice Yang-Mills-Higgs model with inverse gauge coupling $β>0$ and Higgs length $α>0$, in the ``complete breakdown of symmetry"" regime. For lattice dimension $d\ge 2$ and (abelian) gauge group U(1), we prove that for any $m>0$, if $α= mβ$ and $β$ is large enough, the model exhibits exponential decay of correlations. This extends the classical result of Osterwalder and Seiler (1978), who required in addition that $m$ be sufficiently large. Our result also verifies a phase diagram from the physics literature, predicted by Fradkin and Shenker (1979). The proof is based on the Glimm-Jaffe-Spencer cluster expansion around a massive Gaussian field, following the approach of Balaban et al. (1984)."
2,frontier,rigorous_lgt,2025,Current expansion and couplings for Ising lattice gauge theory,Malin P. Forsström; Fredrik Viklund,preprint,,,2502.19942,2502.19942v2,math.PR,4,2,INSPIRE,,2026-08-21,2895453,citation graph: Shen-Zhu-Zhu 2023,random-current expansion and switching lemma for lattice gauge theory,https://arxiv.org/abs/2502.19942v2,https://arxiv.org/pdf/2502.19942v2,papers/frontier_watchlist/04_rigorous_lattice_yang_mills/2025_Forsstrom_2502.19942.pdf,True,14,42f82491d05c5deaf2fdf437e216408b3c1bc554719825679a8150d4c9fec6d9,2025-02-27,2025-11-17,"In this note, we discuss a random current expansion and a switching lemma for Ising lattice gauge theory at all choices of inverse temperature $β$, leading to summation over surfaces. We also describe couplings of this expansion with other representations, including the high-temperature expansion and the cluster expansion. We deduce some simple consequences, including several expressions for the Wilson loop expectation (at any $β$), a new proof of the area law estimate for sufficiently small \( β\), and a proof of exponential decay of correlations for small and large \( β. \) We also derive a few results analogous to corresponding results for the Ising model. In particular, we show that the Wilson loop expectation is non-negative at any $β$ and give an alternative short proof of Griffith's second inequality and, as a consequence, show that the Wilson loop expectations are increasing in \( β\) for all $β$."
2,frontier,hamiltonian_quantum,2025,Exponential speedup in quantum simulation of Kogut-Susskind Hamiltonian via orbifold lattice,Georg Bergner; Masanori Hanada; Emanuele Mendicelli,preprint,,,2506.00755,2506.00755v2,quant-ph,9,3,INSPIRE,,2026-08-21,2928174,citation graph: Bauer et al. 2023,orbifold-lattice route to faster Kogut-Susskind Hamiltonian simulation,https://arxiv.org/abs/2506.00755v2,https://arxiv.org/pdf/2506.00755v2,papers/frontier_watchlist/07_hamiltonian_and_gauge_invariant_formulations/2025_Bergner_2506.00755.pdf,True,30,8276c2a894685d946ac4ae2188f40292ab7afd504bf6e45e4a5764c1aa0767f2,2025-05-31,2026-06-23,"We demonstrate that the orbifold lattice Hamiltonian -- an approach known for its efficiency in simulating SU($N$) Yang-Mills theory and QCD on digital quantum computers -- can reproduce the Kogut-Susskind Hamiltonian in a controlled limit. While the original Kogut-Susskind approach faces significant implementation challenges on quantum hardware, we show that it emerges naturally as the infinite scalar mass limit of the orbifold lattice formulation, even at finite lattice spacing. Our analysis provides both a general analytical framework applicable to SU($N$) gauge theories in arbitrary dimensions and specific numerical evidence for $(2+1)$-dimensional SU($N$) Yang-Mills theories ($N=2,3$). Using Euclidean path integral methods, we quantify the convergence rate by comparing the standard Wilson action with the orbifold lattice action, matching lattice parameters, and systematically extrapolating results as the bare scalar mass approaches infinity. This reformulation resolves longstanding technical obstacles and offers a straightforward implementation protocol for digital quantum simulation of the Kogut-Susskind Hamiltonian with exponential speedup compared to classical methods and previously known quantum methods, modulo a standard assumptions made also for the original Kogut-Susskind approach."
2,frontier,hamiltonian_quantum,2025,"Loop-string-hadron approach to SU(3) lattice Yang-Mills theory, II: Operator representation for the trivalent vertex",Saurabh V. Kadam; Aahiri Naskar; Indrakshi Raychowdhury; Jesse R. Stryker,preprint,,,2512.11796,2512.11796v2,hep-lat,9,7,INSPIRE,,2026-08-21,3092486,citation graph: Bauer et al. 2023,SU(3) loop-string-hadron operator representation on a trivalent vertex,https://arxiv.org/abs/2512.11796v2,https://arxiv.org/pdf/2512.11796v2,papers/frontier_watchlist/07_hamiltonian_and_gauge_invariant_formulations/2025_Kadam_2512.11796.pdf,True,21,da199798ba2a2a6ffaeb7b69b4c96bb6a48ad93a0f28ba2a5a83e92eaa8af09d,2025-12-12,2026-03-06,"This work is the second installment of a series on the loop-string-hadron (LSH) approach to SU(3) lattice Yang-Mills theory. Here, we present the infinite-dimensional matrix representation for arbitrary gauge-invariant operators at a trivalent vertex, which results in a standalone framework for computations that supersedes the underlying Schwinger-boson framework. To that end, we present a partial summary of the commutation relations and use it to evaluate the result of applying any gauge-invariant operator on the LSH basis states introduced in Part I (arXiv:2407.19181). Classical calculations in the LSH basis run significantly faster than equivalent calculations performed using Schwinger bosons. A companion code script is provided, which implements the derived formulas and aims to facilitate rapid progress towards Hamiltonian-based calculations of quantum chromodynamics."
2,frontier,hamiltonian_quantum,2025,Obtaining continuum physics from dynamical simulations of Hamiltonian lattice gauge theories,Christopher F. Kane; Siddharth Hariprakash; Christian W. Bauer,preprint,,,2506.16559,2506.16559v1,hep-lat,12,9,INSPIRE,,2026-08-21,2937158,citation graph: Kogut-Susskind 1975; Bauer et al. 2023,2025 preprint on recovering continuum physics from Hamiltonian dynamics; early citation traction,https://arxiv.org/abs/2506.16559v1,https://arxiv.org/pdf/2506.16559v1,papers/frontier_watchlist/07_hamiltonian_and_gauge_invariant_formulations/2025_Kane_2506.16559.pdf,True,22,078cd2ada7c32871c15527e62f1ca933d58a158d3506a8a5a095602055dced2a,2025-06-19,2025-06-19,"Taking the continuum limit is essential for extracting physical observables from quantum simulations of lattice gauge theories. Achieving the correct continuum limit requires careful control of all systematic uncertainties, including those arising from approximate implementations of the time evolution operator. In this work, we review existing approaches based on renormalization techniques, and point out their limitations. To overcome these limitations, we introduce a new general framework -- the Statistically-Bounded Time Evolution (SBTE) protocol -- for rigorously controlling the impact of approximate time evolution on the continuum limit. The central insight is that, since exact time evolution introduces no UV divergences, errors from approximate evolution can be treated as a source of systematic uncertainty that can be neglected if reduced below the working statistical uncertainty. We show that, using the SBTE protocol, which prescribes driving the approximate time evolution error below the working statistical uncertainty, leads to a simplified renormalization procedure. Furthermore, we show that, due to the existence of rigorous error bounds, one can guarantee a priori that such errors are negligible and do not affect the continuum limit. Ultimately, our protocol lays the foundation for performing systematic and fair comparisons between different simulation algorithms for lattice gauge theory simulations."
2,frontier,rigorous_lgt,2025,Surface sums in two-dimensional large-$N$ lattice Yang--Mills: Cancellations and explicit computations for general loops,Jacopo Borga; Sky Cao; Jasper Shogren-Knaak,preprint,,,2508.13827,2508.13827v2,math.PR,6,2,INSPIRE,,2026-08-21,2962383,citation graph: Cao-Park-Sheffield 2025,large-N two-dimensional lattice-Yang-Mills surface-sum cancellations,https://arxiv.org/abs/2508.13827v2,https://arxiv.org/pdf/2508.13827v2,papers/frontier_watchlist/04_rigorous_lattice_yang_mills/2025_Borga_2508.13827.pdf,True,71,28197151e7e1320fc72024a7b44aa865dcc6a83d2bb6c0db05d066b7a70eb361,2025-08-19,2025-09-09,"In the context of two-dimensional large-$N$ lattice Yang--Mills theory, we perform a refined study of the surface sums defined in the companion work [BCSK24]. In this setting, the surface sums are a priori expected to exhibit significant simplifications because two-dimensional Yang--Mills theory is a special model that admits many known exact formulas. Thus, a natural problem is to understand these simplifications directly from the perspective of the surface sums. Towards this goal, we develop a key new tool in the form of a surface exploration algorithm (or ""peeling process""), which, at each step, carefully selects the next edge to explore. Using this algorithm, we manage to find many cancellations in the surface sums, thereby obtaining a detailed understanding of precisely which surfaces remain after cancellation. As a consequence, we obtain many new explicit formulas for Wilson loop expectations of general loops in the large-$N$ limit of lattice Yang--Mills in two dimensions and prove a convergence result for the empirical spectral measure of any simple loop."
2,frontier,effective_hamiltonian,2025,The Spectral Renormalization Flow Based on the Smooth Feshbach--Schur Map: The Introduction of the Semi-Group Property,Volker Bach; Miguel Ballesteros; Jakob Geisler,preprint,,,2508.07643,2508.07643v1,math-ph,0,,OpenAlex,exact-title preprint record,2026-08-21,,citation graph: Bach-Chen-Froehlich-Sigal 2007,modern smooth Feshbach-Schur spectral flow with a semigroup property,https://arxiv.org/abs/2508.07643v1,https://arxiv.org/pdf/2508.07643v1,papers/frontier_watchlist/06_effective_hamiltonians/2025_Bach_2508.07643.pdf,True,43,a94a7d30513b6b71073fc70da57c7880741d936b3d3f81d49d724ec33ca59a66,2025-08-11,2025-08-11,"The spectral renormalization method is a powerful mathematical tool that is prominently used in spectral theory in the context of low-energy quantum field theory and its original introduction in [5, 6] constituted a milestone in the field. Inspired by physics, this method is usually called renormalization group, even though it is not a group nor a semigroup (or, more properly, a flow). It was only in 2015 in [1] when a flow (or semigroup) structure was first introduced using an innovative definition of the renormalization of spectral parameters. The spectral renormalization flow in [1], however, is not compatible with the smooth Feshbach--Schur map (this is stated as an open problem in [1]), which is a lamentable weakness because its smoothness is a key feature that significantly simplifies the proofs and makes it the preferred tool in most of the literature. In this paper we solve this open problem introducing a spectral renormalization flow based on the smooth Feshbach--Schur map."
2,frontier,rigorous_lgt,2024,Makeenko-Migdal equations for 2D Yang-Mills: from lattice to continuum,Hao Shen; Scott A. Smith; Rongchan Zhu,preprint,,,2412.15422,2412.15422v2,math-ph,5,4,INSPIRE,,2026-08-21,2862093,citation graph: Shen-Smith-Zhu 2024,rigorous convergence of two-dimensional lattice Makeenko-Migdal equations to continuum area derivatives,https://arxiv.org/abs/2412.15422v2,https://arxiv.org/pdf/2412.15422v2,papers/frontier_watchlist/04_rigorous_lattice_yang_mills/2024_Shen_2412.15422.pdf,True,42,e42b54579e337d5600525e5a36c7fdf0e995896329262625c09d147b934d5d54,2024-12-19,2025-01-06,"In this paper, we prove the convergence of the discrete Makeenko-Migdal equations for the Yang-Mills model on $(\varepsilon \mathbf{Z})^{2}$ to their continuum counterparts on the plane, in an appropriate sense. The key step in the proof is identifying the limits of the contributions from deformations as the area derivatives of the Wilson loop expectations."
2,frontier,spectral_methods,2023,Beyond Generalized Eigenvalues in Lattice Quantum Field Theory,George T. Fleming,preprint,,,2309.05111,2309.05111v1,hep-lat,11,10,INSPIRE,,2026-08-21,2696130,citation graph: Luscher-Weisz 2001; Blossier et al. 2009,Modern proposal going beyond the standard generalized-eigenvalue analysis,https://arxiv.org/abs/2309.05111v1,https://arxiv.org/pdf/2309.05111v1,papers/frontier_watchlist/03_spectral_extraction_and_operator_overlap/2023_Fleming_2309.05111.pdf,True,8,10319482d0cfebbefc70926e18dae8d54d05617a34c29e6521850bcd8dc432cf,2023-09-10,2023-09-10,"Two analysis techniques, the generalized eigenvalue method (GEM) or Prony's (or related) method (PM), are commonly used to analyze statistical estimates of correlation functions produced in lattice quantum field theory calculations. GEM takes full advantage of the matrix structure of correlation functions but only considers individual pairs of time separations when much more data exists. PM can be applied to many time separations and many individual matrix elements simultaneously but does not fully exploit the matrix structure of the correlation function. We combine both these methods into a single framework based on matrix polynomials. As these algebraic methods are well known for producing extensive spectral information about statistically-noisy data, the method should be paired with some information criteria, like the recently proposed Bayesean model averaging."
2,frontier,flux_strings,2023,Confining Strings and Glueballs in $\mathbb{Z}_N$ Gauge Theories,Andreas Athenodorou; Sergei Dubovsky; Conghuan Luo; Michael Teper,journal/proceedings record,PoS LATTICE2023 (2024) 375,10.22323/1.453.0375,2312.03855,2312.03855v1,hep-lat,5,4,INSPIRE,,2026-08-21,2732660,citation graph: Athenodorou-Teper 2021,bulk glueball and flux-tube mixing isolated through Z_N comparisons,https://arxiv.org/abs/2312.03855v1,https://arxiv.org/pdf/2312.03855v1,papers/frontier_watchlist/02_flux_tubes_and_effective_strings/2023_Athenodorou_2312.03855.pdf,True,10,5c584323426ef249dbbc0b2854c12a0282f60ddfc9b4be21fdbd69ca2f2b7bbb,2023-12-06,2023-12-06,"Effective string theory has shown its universal power in the prediction of the spectrum of low-lying excited states of confining strings. Here we study confining flux tubes in $\mathbb{Z}_N$ gauge theories. For the $N=2$ theory, which corresponds to the 3d Ising gauge model, we compute the spectrum of low-lying excitations of confining strings and show that it agrees with the universal Nambu--Goto predictions except for an additional massive scalar resonance. This resonance, however, turns out to be a bulk glueball mixing with the flux tube excitations rather than a genuine string worldsheet state. In general $\mathbb{Z}_N$ gauge theories (dual to clock spin models), we observe a continuous phase transition for $N \geq 4$, while for $N > 5$ it is governed by the $O(2)$ universality class. The critical behavior of the string tension and mass gap is verified to be described by a dangerously irrelevant operator. At large $N$ the glueball spectrum is expected to approach the spectrum of U(1) gauge theory, which is confirmed by our lattice data."
2,frontier,spectrum,2023,Glueballs in $N_f=1$ QCD,Andreas Athenodorou; Georg Bergner; Michael Teper; Urs Wenger,journal/proceedings record,PoS LATTICE2023 (2024) 141,10.22323/1.453.0141,2312.00470,2312.00470v1,hep-lat,3,3,INSPIRE,,2026-08-21,2729190,citation graph: Morningstar-Peardon 1999; Athenodorou-Teper 2021,Very recent Nf=1 glueball spectrum; citation count is still age-limited,https://arxiv.org/abs/2312.00470v1,https://arxiv.org/pdf/2312.00470v1,papers/frontier_watchlist/01_glueball_spectrum/2023_Athenodorou_2312.00470.pdf,True,8,5f05d2b21a58e62bedecdb1b87ea2d096def96e1b688b3ad0b6e82193799f65b,2023-12-01,2023-12-01,"We present an evaluation of the glueball spectrum for configurations produced with $N_f=1$ dynamical fermions as a function of the $m_{\rm PCAC}$ mass. We obtained masses of states that fall into the irreducible representations of the octahedral group of rotations in combination with the quantum numbers of charge conjugation $C$ and parity $P$. Due to the low signal to noise ratio, practically, we can only extract masses for the irreducible representations $R^{PC}=$ $A_1^{++}$, $E^{++}$, $T_2^{++}$ as well as $A_1^{-+}$. We make use of the Generalized Eigenvalue Problem (GEVP) with an operator basis consisting only of gluonic operators. Throughout this work we are aiming towards the identification of the effects of light dynamical quarks on the glueball spectrum and how this compares to the statistically more precise spectrum of SU(3) pure gauge theory. We used large gauge ensembles which consist of ${\sim {~\cal O}}(10 {\rm K})$ configurations. Our findings demonstrate that the low-lying spectrum of the scalar, tensor as well as pseudo-scalar glueballs receive negligible contributions from the inclusion of $N_f=1$ dynamical fermions."
2,frontier,spectrum,2022,The glueball spectrum with $N_f=4$ light fermions,Andreas Athenodorou; Jacob Finkenrath; Adam Lantos; Michael Teper,journal/proceedings record,PoS LATTICE2022 (2023) 057,10.22323/1.430.0057,2212.02080,2212.02080v1,hep-lat,2,2,INSPIRE,,2026-08-21,2610491,citation graph: Morningstar-Peardon 1999; Athenodorou-Teper 2021,Recent Nf=4 spectrum for understanding fermion effects; currently lightly cited,https://arxiv.org/abs/2212.02080v1,https://arxiv.org/pdf/2212.02080v1,papers/frontier_watchlist/01_glueball_spectrum/2022_Athenodorou_2212.02080.pdf,True,13,fe37ee6dc801816e30b1b0b1c0733bde550ab43dfe2cb546650fbdd9b902823b,2022-12-05,2022-12-05,"We investigate the glueball spectrum for $N_f=4$ fermions corresponding to low pion masses of $m_π\sim 250$MeV. We do so by making use of configurations produced with maximally twisted fermions within the framework of the Extended Twisted Mass Collaboration (ETMC). We extract states that belong to irreducible representations of the octahedral group of rotations $R$ in combination with the quantum numbers of charge conjugation $C$ and parity $P$, i.e. $R^{PC}$. We implement the Generalized Eigenvalue Problem (GEVP) using a basis consisting only of gluonic operators. The purpose of this work is to investigate the effect of light dynamical quarks on the glueball spectrum and how this compares to the statistically more accurate spectrum of the pure gauge theory. We employed large ensembles of the order of ${\sim {~\cal O}}(10 {\rm K})$ configurations for each of three different lattice spacings. Our results demonstrate that in the scalar channel $A_1^{++}$ we obtain an additional, lightest state due to the inclusion of light dynamical quarks while the next two states are consistent with the lightest two states in the pure gauge theory. By contrast the mass of the lightest tensor glueball $J^{PC}=2^{++}$ appears to be insensitive to the inclusion of sea quarks, as is the mass of the lightest pseudoscalar. In addition we perform an investigation of the low lying spectrum of the representation $A_1^{++}$ for $N_f=2+1+1$ twisted mass quarks with low masses and demonstrate that the extra lowest state depends strongly on the pion mass. This suggests that the ground state of the scalar glueball has a large quark content, possibly representing the decay of a glueball to two pions."
2,frontier,flux_strings,2018,Spectrum of the open QCD flux tube and its effective string description,Bastian B. Brandt,journal/proceedings record,PoS Confinement2018 (2018) 039,10.22323/1.336.0039,1811.11779,1811.11779v1,hep-lat,10,9,INSPIRE,,2026-08-21,1705920,citation graph: Athenodorou-Teper 2021; Lucini-Teper-Wenger 2004,Proceedings update/companion on the open QCD flux-tube spectrum,https://arxiv.org/abs/1811.11779v1,https://arxiv.org/pdf/1811.11779v1,papers/frontier_watchlist/02_flux_tubes_and_effective_strings/2018_Brandt_1811.11779.pdf,True,12,510b2825bc320f0520046969246dd153cb1779b97ed1bbccf52cad156aa2a6d2,2018-11-28,2018-11-28,"I perform a high precision measurement of the static quark-antiquark potential in three-dimensional ${\rm SU}(N)$ gauge theory with $N=2$ to 6. The results are compared to the effective string theory for the QCD flux tube and I obtain continuum limit results for the string tension and the non-universal leading order boundary coefficient, including an extensive analysis of all types of systematic uncertainties. The magnitude of the boundary coefficient decreases with increasing $N$, but remains non-vanishing in the large-$N$ limit. I also test for the presence of possible contributions from rigidity or massive modes and compare the results for the string theory parameters to data for the excited states."
2,frontier,spectrum,2015,Topology and glueballs in SU(7) Yang-Mills with open boundary conditions,Alessandro Amato; Gunnar Bali; Biagio Lucini,journal/proceedings record,PoS LATTICE2015 (2016) 292,10.22323/1.251.0292,1512.00806,1512.00806v1,hep-lat,13,10,INSPIRE,,2026-08-21,1407846,citation graph: Morningstar-Peardon 1999; Athenodorou-Teper 2021,SU(7) open-boundary calculation linking topology sampling to glueball spectroscopy,https://arxiv.org/abs/1512.00806v1,https://arxiv.org/pdf/1512.00806v1,papers/frontier_watchlist/01_glueball_spectrum/2015_Amato_1512.00806.pdf,True,7,3be9a9ddf48f932056d49e7e5c6396c7b7447365e3dd565f1207e315a9e8c671,2015-12-02,2015-12-02,"It is well known that the topology of gauge configurations generated in a Markov Monte-Carlo chain freezes as the continuum limit is approached. The corresponding autocorrelation time increases exponentially with the inverse lattice spacing, affecting the ergodicity of the simulation. In SU(N) gauge theories for large N this problem sets in at much coarser lattice spacings than for N=3. This means that its systematics can be studied on lattices that are smaller in terms of the number of lattice sites. It has been shown that using open boundary conditions in time allows instantons to be created and destroyed, restoring topological mobility and ergodicity. However, with open boundary conditions translational invariance is lost and the influence of spurious states propagating from the boundary into the bulk on physical correlators needs to be carefully evaluated. Moreover, while the total topological charge can be changed, the mobility of instantons across the lattice is still reduced. We consider SU(7) Yang-Mills theory and analyse its topological content in the periodic and open boundary condition cases. We also investigate scalar and pseudo-scalar glueball correlation functions."
2,frontier,spectrum,2004,The spectrum of SU(N) gauge theories in finite volume,Harvey B. Meyer,journal/proceedings record,"JHEP0503:064,2005",10.1088/1126-6708/2005/03/064,hep-lat/0412021,hep-lat/0412021v2,hep-lat,11,8,INSPIRE,,2026-08-21,666898,citation graph: Morningstar-Peardon 1999; Athenodorou-Teper 2021,Dedicated finite-volume SU(N) spectrum and winding-state contamination analysis,https://arxiv.org/abs/hep-lat/0412021v2,https://arxiv.org/pdf/hep-lat/0412021v2,papers/frontier_watchlist/01_glueball_spectrum/2004_Meyer_hep-lat-0412021.pdf,True,21,62f777c0bef46bef353d766fbc03df67be3403147f0d81994584185e6d35e732,2004-12-13,2005-04-26,"We compute the spatial-volume dependence of the spectrum of 4D SU(3 <= N <= 6) gauge theories by lattice Monte-Carlo techniques. Setting the scale with the string tension, the spatial volume is L^3 with 0.78fm <= L <= 2.3fm. The Euclidean `time' direction is kept large enough to be considered infinite and the boundary conditions are periodic in all four dimensions. We study the mixing of torelon pairs with the scalar and tensor glueballs, using a 2x2 Hamiltonian based on large-N counting rules. Looking to the other symmetry channels, finite-volume effects on the glueball spectrum are already surprisingly small in SU(3), and they become rapidly smaller as N is increased: several low-lying SU(6) states have no finite-volume corrections at the 1-2% level, at least down to L=0.9fm. We discuss the relation of this work with analytic calculations in small and intermediate volume, and with Eguchi-Kawai reduction in the planar limit."
2,frontier,hamiltonian_quantum,2003,SU(N) Glueball Masses in 2+1 Dimensions,Jesse Carlsson; Bruce H. J. McKellar,journal/proceedings record,Phys.Rev. D68 (2003) 074502,10.1103/PhysRevD.68.074502,hep-lat/0303016,hep-lat/0303016v1,hep-lat,10,6,INSPIRE,,2026-08-21,615639,citation graph: Kogut-Susskind 1975; Bauer et al. 2023,"Hamiltonian/analytic SU(N) glueball masses in 2+1D, a direct alternate spectral calculation",https://arxiv.org/abs/hep-lat/0303016v1,https://arxiv.org/pdf/hep-lat/0303016v1,papers/frontier_watchlist/07_hamiltonian_and_gauge_invariant_formulations/2003_Carlsson_hep-lat-0303016.pdf,True,38,7e3a08d8f1bb61fff91c171cb4de75fa7fc10a6cf10864a6e080ab42abb559f3,2003-03-24,2003-03-24,"We calculate the masses of the lowest lying eigenstates of improved SU(2), SU(3), SU(4) and SU(5) Hamiltonian lattice gauge theory (LGT) in 2+1 dimensions using an analytic variational approach. The ground state is approximated by a one plaquette trial state and mass gaps are calculated in the symmetric and antisymmetric sectors by minimising over a suitable basis of rectangular states. Analytic techniques are developed to handle the group integrals arising in the calculation."
2,frontier,hamiltonian_quantum,2003,The Large N Glueball Mass Spectrum in 2+1 Dimensions,Jesse Carlsson; Bruce H. J. McKellar,preprint,,,hep-lat/0303018,hep-lat/0303018v1,hep-lat,6,3,INSPIRE,,2026-08-21,615723,citation graph: Kogut-Susskind 1975; Bauer et al. 2023,Large-N continuation of the Hamiltonian 2+1D glueball calculation,https://arxiv.org/abs/hep-lat/0303018v1,https://arxiv.org/pdf/hep-lat/0303018v1,papers/frontier_watchlist/07_hamiltonian_and_gauge_invariant_formulations/2003_Carlsson_hep-lat-0303018.pdf,True,31,f86b722dd12fbe3e422142ef311d9955e0454977fc6aec4595345906bfb41103,2003-03-25,2003-03-25,In this paper we explore the large N limit of the glueball mass spectrum for 2+1 dimensional pure gauge theory. We employ Hamiltonian lattice gauge theory (LGT) and analytic variational techniques to calculate glueball masses for finite values of N < 26. The results are then accurately extrapolated to infinite N. An empirical observation is discussed which links the infinite N glueball spectrum to a simple oscillator model.
