tier	old_path	new_name
A	export/index/DOC_GOV_index_design_2026-08-20.md	DOC_GOV_index_design_2026-08-20.md
A	literature/LIT_SU3_compass_artifact_wf_1fcca1e0_37f5_5b84_b994.md	LIT_SU3_compass_artifact_wf_1fcca1e0_37f5_5b84_b994.md
A	literature/LIT_SUN_compass_artifact_wf_23dbcd45_8079_5886_b02d.md	LIT_SUN_compass_artifact_wf_23dbcd45_8079_5886_b02d.md
A	literature/LIT_PMBSF_rigorous_mathematical_analysis_n_scaling_vs._athenodorou.md	LIT_PMBSF_rigorous_mathematical_analysis_n_scaling_vs._athenodorou.md
A	literature/LIT_FLUX_compass_artifact_wf_8908dab0_6ef9_5d49_9a5e.md	LIT_FLUX_compass_artifact_wf_8908dab0_6ef9_5d49_9a5e.md
A	papers/THM_SUN_su_n_class_function_theorem_v2_alt.tex	THM_SUN_su_n_class_function_theorem_v2_alt.tex
A	papers/flat_band/THM_Y5_fourth_order_t1pm_band_theorem_v0_8.md	THM_Y5_fourth_order_t1pm_band_theorem_v0_8.md
A	papers/flat_band/AUDIT_FLUX_full_symbolic_independent_2026-06-14.md	AUDIT_FLUX_full_symbolic_independent_2026-06-14.md
A	papers/flat_band/DOC_FLUX_glueball_flat_band_paper_v0_8_changelog.md	DOC_FLUX_glueball_flat_band_paper_v0_8_changelog.md
A	papers/flat_band/PAPER_FLUX_glueball_flat_band_v0_9_2_normalization.tex	PAPER_FLUX_glueball_flat_band_v0_9_2_normalization.tex
A	papers/flat_band/PAPER_FLUX_glueball_flat_band_v1_1.tex	PAPER_FLUX_glueball_flat_band_v1_1.tex
A	papers/flat_band/AUDIT_FLUX_normalization_erratum_2026-06-14.md	AUDIT_FLUX_normalization_erratum_2026-06-14.md
A	papers/gauge_constrained_spectral_geometry/PAPER_FLUX_gauge_constrained_spectral_geometry_unified_v1_4_2026-08-08.md	PAPER_FLUX_gauge_constrained_spectral_geometry_unified_v1_4_2026-08-08.md
A	programs/one_plaquette/RUN_FLUX_cls_flat_band_results.md	RUN_FLUX_cls_flat_band_results.md
A	programs/one_plaquette/NOTE_FLUX_cls_flat_band_results_v1_1.md	NOTE_FLUX_cls_flat_band_results_v1_1.md
A	programs/one_plaquette/NOTE_FLUX_glueball_band_results_v2.md	NOTE_FLUX_glueball_band_results_v2.md
A	programs/one_plaquette/PAPER_FLUX_manuscript_section6_patch.tex	PAPER_FLUX_manuscript_section6_patch.tex
A	programs/one_plaquette/NOTE_FLUX_master_one_plaquette_program_v2_7.md	NOTE_FLUX_master_one_plaquette_program_v2_7.md
A	programs/one_plaquette/PLAN_Y6_program_index.md	PLAN_Y6_program_index.md
A	programs/one_plaquette/NOTE_FLUX_run_log_2026-06-11.md	NOTE_FLUX_run_log_2026-06-11.md
A	programs/one_plaquette/glueball_mass_prediction/NOTE_FLUX_glueball_highn_predictions_2026-06-14.md	NOTE_FLUX_glueball_highn_predictions_2026-06-14.md
A	programs/one_plaquette/glueball_mass_prediction/AUDIT_SU3_glueball_mass_prediction_report_v1.md	AUDIT_SU3_glueball_mass_prediction_report_v1.md
A	programs/one_plaquette/glueball_mass_prediction/NOTE_SU3_glueball_ratio_continuum_diagnostic_2026-06-14.md	NOTE_SU3_glueball_ratio_continuum_diagnostic_2026-06-14.md
A	programs/one_plaquette/lattice_glueball_data/NOTE_FLUX_lattice_test_onset_kinematics.md	NOTE_FLUX_lattice_test_onset_kinematics.md
A	programs/one_plaquette/lattice_glueball_data/NOTE_SUN_realworld_predictions_2026-06-13.md	NOTE_SUN_realworld_predictions_2026-06-13.md
A	programs/one_plaquette/lattice_glueball_data/AUDIT_SUN_review_realworld_predictions.md	AUDIT_SUN_review_realworld_predictions.md
A	programs/one_plaquette/lattice_glueball_data/NOTE_Y4_synthesis_band_vs_lattice.md	NOTE_Y4_synthesis_band_vs_lattice.md
A	programs/one_plaquette/shell6_o2/NOTE_SHELL6_o2_result_2026-06-13.md	NOTE_SHELL6_o2_result_2026-06-13.md
A	programs/one_plaquette/shell6_o2/v2_authoritative/THM_SHELL6_shell46_theorem_v2.md	THM_SHELL6_shell46_theorem_v2.md
A	programs/one_plaquette/shell6_o2/v2_authoritative/AUDIT_SHELL6_o2_symmetry_reduced_v2_completion_report.md	AUDIT_SHELL6_o2_symmetry_reduced_v2_completion_report.md
A	programs/one_plaquette/shell6_o2/v2_authoritative/AUDIT_SHELL6_v2_reconciliation_2026-06-14.md	AUDIT_SHELL6_v2_reconciliation_2026-06-14.md
A	programs/one_plaquette/shell6_o2/v2_authoritative/NOTE_SHELL6_validation.md	NOTE_SHELL6_validation.md
A	programs/one_plaquette/su3_o5_consolidated_y6/NOTE_SU3_canonical_archive_matrix.md	NOTE_SU3_canonical_archive_matrix.md
A	programs/one_plaquette/su3_o5_consolidated_y6/AUDIT_SU3_glueball_coupling_normalization_2026-06-14.md	AUDIT_SU3_glueball_coupling_normalization_2026-06-14.md
A	programs/one_plaquette/su3_o5_consolidated_y6/AUDIT_STRING_m6_sigma56_execution_report_2026-06-14.md	AUDIT_STRING_m6_sigma56_execution_report_2026-06-14.md
A	programs/one_plaquette/su3_o5_consolidated_y6/PAPER_SU3_patch_o5_normalized.tex	PAPER_SU3_patch_o5_normalized.tex
A	programs/one_plaquette/su3_o5_consolidated_y6/THM_Y5_su3_o5_consolidated_theorem.md	THM_Y5_su3_o5_consolidated_theorem.md
A	programs/one_plaquette/su3_o5_consolidated_y6/sources/AUDIT_SU3_glueball_string_normalization_2026-06-14.md	AUDIT_SU3_glueball_string_normalization_2026-06-14.md
A	programs/one_plaquette/su3_o5_consolidated_y6/sources/THM_STRING_su3_tension_o4_theorem_normalized_v2.md	THM_STRING_su3_tension_o4_theorem_normalized_v2.md
A	programs/one_plaquette/su3_o5_consolidated_y6/sources/THM_Y5_su3_fifth_order_theorem.md	THM_Y5_su3_fifth_order_theorem.md
A	programs/one_plaquette/su3_string_tension/AUDIT_STRING_batch_verification_sigma_reconciliation_2026-06-14.md	AUDIT_STRING_batch_verification_sigma_reconciliation_2026-06-14.md
A	programs/one_plaquette/su3_string_tension/NOTE_STRING_bundle_readme.md	NOTE_STRING_bundle_readme.md
A	programs/one_plaquette/su3_string_tension/THM_STRING_su3_tension_physical_o6_theorem.md	THM_STRING_su3_tension_physical_o6_theorem.md
A	programs/one_plaquette/su3_y5_fifth_order/THM_Y5_su3_fifth_order_theorem.md	THM_Y5_su3_fifth_order_theorem.md
A	programs/one_plaquette/su3_y5_fifth_order/THM_Y5_su3_m5_theorem_2026-06-14.md	THM_Y5_su3_m5_theorem_2026-06-14.md
A	programs/one_plaquette/su3_y6_m6/NOTE_Y6_m6_independent_verification_2026-06-15.md	NOTE_Y6_m6_independent_verification_2026-06-15.md
A	programs/one_plaquette/su3_y6_m6/NOTE_Y6_m6_result_2026-06-15.md	NOTE_Y6_m6_result_2026-06-15.md
A	programs/one_plaquette/sun_band_shape/CERT_Y4_sun_all_n_ge_3_band_shape_2026-06-14.md	CERT_Y4_sun_all_n_ge_3_band_shape_2026-06-14.md
A	programs/one_plaquette/sun_band_shape/CERT_Y4_sun_walled_brauer_full_symbolic_certificate_2026-06-14.md	CERT_Y4_sun_walled_brauer_full_symbolic_certificate_2026-06-14.md
A	programs/one_plaquette/sun_band_shape/completion_2026-06-14/THM_SU2_codd_sector_exclusion_theorem_2026-06-14.md	THM_SU2_codd_sector_exclusion_theorem_2026-06-14.md
A	programs/one_plaquette/sun_band_shape/completion_2026-06-14/THM_SU4_determinant_theorem.md	THM_SU4_determinant_theorem.md
A	programs/one_plaquette/sun_band_shape/completion_2026-06-14/THM_SU4_hybrid_theorem_v2.md	THM_SU4_hybrid_theorem_v2.md
A	programs/one_plaquette/sun_band_shape/completion_2026-06-14/THM_SU6_determinant_theorem.md	THM_SU6_determinant_theorem.md
A	programs/one_plaquette/sun_band_shape/completion_2026-06-14/NOTE_SUN_su_n_closed_surface_stage1.md	NOTE_SUN_su_n_closed_surface_stage1.md
A	programs/one_plaquette/sun_band_shape/completion_2026-06-14/THM_SUN_unified_nality_theorem_audited_v2.md	THM_SUN_unified_nality_theorem_audited_v2.md
A	programs/one_plaquette/sun_band_shape/independent_rerun_kernels/NOTE_Y4_sun_full_symbolic_independent_rerun_2026-06-14.md	NOTE_Y4_sun_full_symbolic_independent_rerun_2026-06-14.md
A	programs/one_plaquette/y4_o3_flatband_verification/AUDIT_Y4_review_global_band_edge_certificate.md	AUDIT_Y4_review_global_band_edge_certificate.md
A	programs/one_plaquette/y4_o3_flatband_verification/NOTE_Y4_summary.md	NOTE_Y4_summary.md
A	programs/one_plaquette/y4_o3_flatband_verification/THM_Y4_theorem_flat_band_breaking_2026-06-13.md	THM_Y4_theorem_flat_band_breaking_2026-06-13.md
A	programs/one_plaquette/y4_o3_flatband_verification/NOTE_Y5_verify_oy5_identity_sc_extrapolation.md	NOTE_Y5_verify_oy5_identity_sc_extrapolation.md
A	programs/one_plaquette/y4_o3_flatband_verification/CERT_Y4_global_band_edge_certificate.md	CERT_Y4_global_band_edge_certificate.md
A	programs/op1_defect_sparsity/NOTE_OP1_kchain_ledger_2026-06-11.md	NOTE_OP1_kchain_ledger_2026-06-11.md
A	programs/op1_defect_sparsity/NOTE_PMBSF_lemmaq_comparator_translation.md	NOTE_PMBSF_lemmaq_comparator_translation.md
A	programs/op1_defect_sparsity/LEM_OP1_lemma_closure_2026-06-12.md	LEM_OP1_lemma_closure_2026-06-12.md
A	programs/op1_defect_sparsity/LEM_OP1_lemma_b_proof_2026-06-12.md	LEM_OP1_lemma_b_proof_2026-06-12.md
A	programs/op1_defect_sparsity/NOTE_OP1_m2_results_2026-06-12.md	NOTE_OP1_m2_results_2026-06-12.md
A	programs/op1_defect_sparsity/AUDIT_OP1_m5_4_region_2026-06-12.md	AUDIT_OP1_m5_4_region_2026-06-12.md
A	programs/op1_defect_sparsity/AUDIT_OP1_m5_lemmas_2026-06-12.md	AUDIT_OP1_m5_lemmas_2026-06-12.md
A	programs/op1_defect_sparsity/NOTE_OP1_results_2026-06-11.md	NOTE_OP1_results_2026-06-11.md
A	programs/op1_defect_sparsity/NOTE_FLUX_s_chessboard_route_2026-06-12.md	NOTE_OP1_s_chessboard_route_2026-06-12.md
A	programs/op1_defect_sparsity/NOTE_OP1_unif_conjb_strategy.md	NOTE_OP1_unif_conjb_strategy.md
A	programs/op1_defect_sparsity/NOTE_OP1_unif_gap_protection_factorization.md	NOTE_OP1_unif_gap_protection_factorization.md
A	programs/op1_defect_sparsity/PLAN_OP1_unif_closure.md	PLAN_OP1_unif_closure.md
A	programs/op1_defect_sparsity/defect_gas_docs/DOC_OP1_00_folder_guide.md	DOC_OP1_00_folder_guide.md
A	programs/op1_defect_sparsity/defect_gas_docs/NOTE_OP1_31_strong_coupling.md	NOTE_OP1_31_strong_coupling.md
A	programs/op1_defect_sparsity/defect_gas_docs/NOTE_OP1_32_defect_gas.md	NOTE_OP1_32_defect_gas.md
A	programs/op1_defect_sparsity/defect_gas_docs/NOTE_OP1_source_tracker.md	NOTE_OP1_source_tracker.md
A	programs/op1_defect_sparsity/defect_gas_docs/NOTE_OP1_synthesis_04_lattice_gauge_theory.md	NOTE_OP1_synthesis_04_lattice_gauge_theory.md
A	programs/op1_defect_sparsity/red_davies_toolkit/NOTE_OP1_red_001_proposition_tubular_neighborhood.md	NOTE_OP1_red_001_proposition_tubular_neighborhood.md
A	programs/op1_defect_sparsity/red_davies_toolkit/LEM_OP1_red_002_lemma_local_hodge_stiffness_from.md	LEM_OP1_red_002_lemma_local_hodge_stiffness_from.md
A	programs/op1_defect_sparsity/red_davies_toolkit/NOTE_OP1_red_003_proposition_9_x_davies_type.md	NOTE_OP1_red_003_proposition_9_x_davies_type.md
A	programs/op1_defect_sparsity/red_davies_toolkit/NOTE_OP1_red_004_remark_9_y_relation_prop.md	NOTE_OP1_red_004_remark_9_y_relation_prop.md
A	programs/op1_defect_sparsity/red_davies_toolkit/NOTE_OP1_red_005_definition_row_sum_constants_delta.md	NOTE_OP1_red_005_definition_row_sum_constants_delta.md
A	programs/op1_defect_sparsity/red_davies_toolkit/NOTE_OP1_red_006_proposition_9_x_davies_decay.md	NOTE_OP1_red_006_proposition_9_x_davies_decay.md
A	programs/op1_defect_sparsity/red_davies_toolkit/NOTE_OP1_red_007_definition_boundary_row_sum_constant.md	NOTE_OP1_red_007_definition_boundary_row_sum_constant.md
A	programs/op1_defect_sparsity/red_davies_toolkit/NOTE_OP1_red_008_corollary_9_x_davies_decay.md	NOTE_OP1_red_008_corollary_9_x_davies_decay.md
A	programs/op1_defect_sparsity/red_davies_toolkit/NOTE_OP1_red_index.md	NOTE_OP1_red_index.md
A	programs/op1_defect_sparsity/za_cap_geometry/NOTE_OP1_za_cap_geometry_2026-06-12.md	NOTE_OP1_za_cap_geometry_2026-06-12.md
A	programs/pmbsf/NOTE_PMBSF_expanded_derivations_lemmaq_su3_2026_05_25.md	NOTE_PMBSF_expanded_derivations_lemmaq_su3_2026_05_25.md
A	programs/pmbsf/NOTE_PMBSF_l64_projected_capacity_threshold_law.md	NOTE_PMBSF_l64_projected_capacity_threshold_law.md
A	programs/pmbsf/NOTE_PMBSF_lci_tosj_reduction_lemmaq_2026_05_26.md	NOTE_PMBSF_lci_tosj_reduction_lemmaq_2026_05_26.md
A	programs/pmbsf/LEM_PMBSF_lemma_q_exacthb_stageb_update_2026_05.md	LEM_PMBSF_lemma_q_exacthb_stageb_update_2026_05.md
A	programs/pmbsf/LEM_PMBSF_lemma_q_su2_local_rare_source_factorization.md	LEM_PMBSF_lemma_q_su2_local_rare_source_factorization.md
A	programs/pmbsf/NOTE_PMBSF_literature_map_lemma_q_block_source_stability.md	NOTE_PMBSF_literature_map_lemma_q_block_source_stability.md
A	programs/pmbsf/NOTE_PMBSF_mprime_su2_extraction_protocol.md	NOTE_PMBSF_mprime_su2_extraction_protocol.md
A	programs/pmbsf/NOTE_PMBSF_mprime_hpm_bridge.md	NOTE_PMBSF_mprime_hpm_bridge.md
A	programs/pmbsf/NOTE_PMBSF_mprime_hpm_bridge_v17b_patch.md	NOTE_PMBSF_mprime_hpm_bridge_v17b_patch.md
A	programs/pmbsf/NOTE_PMBSF_master_pass19_lci_exacthb_2026_05_26.md	NOTE_PMBSF_master_pass19_lci_exacthb_2026_05_26.md
A	programs/pmbsf/MAN_PMBSF_pass19_publication_bundle_manifest_2026_05_26.md	MAN_PMBSF_pass19_publication_bundle_manifest_2026_05_26.md
A	programs/pmbsf/PLAN_PMBSF_stageb.md	PLAN_PMBSF_stageb.md
A	programs/pmbsf/PAPER_PMBSF_su2_conditional_firewall_v3_4_merged_2026.md	PAPER_PMBSF_su2_conditional_firewall_v3_4_merged_2026.md
A	programs/pmbsf/PAPER_PMBSF_su2_manuscript_v3_3_unified_core_2026.md	PAPER_PMBSF_su2_manuscript_v3_3_unified_core_2026.md
A	programs/pmbsf/PAPER_PMBSF_su2_section_13_referee_risk_status_ledger.md	PAPER_PMBSF_su2_section_13_referee_risk_status_ledger.md
A	programs/pmbsf/PAPER_PMBSF_su2_section_14_remaining_analytic_tasks.md	PAPER_PMBSF_su2_section_14_remaining_analytic_tasks.md
A	programs/pmbsf/LEM_PMBSF_su2_paper_section_4_lemma_q_revised.md	LEM_PMBSF_su2_paper_section_4_lemma_q_revised.md
A	programs/pmbsf/NOTE_PMBSF_su3_su_n_wilson_merged_draft_2026-05-30.md	NOTE_PMBSF_su3_su_n_wilson_merged_draft_2026-05-30.md
A	programs/pmbsf/THM_PMBSF_theorem_fng_finite_non_abelian_gauge_projected.md	THM_PMBSF_theorem_fng_finite_non_abelian_gauge_projected.md
A	programs/rooted_capacity_program/THM_RCAP_logical_status_theorem_map_alt.md	THM_RCAP_logical_status_theorem_map_alt.md
A	programs/rooted_capacity_program/NOTE_RCAP_rooted_projected_capacity_source_stability_alt.md	NOTE_RCAP_rooted_projected_capacity_source_stability_alt.md
A	programs/rooted_capacity_program/NOTE_RCAP_su_alt3_three_term_local_gap_alt.md	NOTE_RCAP_su_alt3_three_term_local_gap_alt.md
A	programs/y4_allrank/data/CERT_Y4_exact_analytic_factorization_certificate.md	CERT_Y4_exact_analytic_factorization_certificate.md
A	programs/y4_allrank/data/AUDIT_Y4_sun_extension_2026-06-14.md	AUDIT_Y4_sun_extension_2026-06-14.md
A	programs/y4_allrank/data/CERT_Y4_sun_stable_stage1_certificate.md	CERT_Y4_sun_stable_stage1_certificate.md
A	programs/y4_allrank/data/AUDIT_Y4_sun_stable_stage1_independent_2026-06-14.md	AUDIT_Y4_sun_stable_stage1_independent_2026-06-14.md
A	programs/y4_allrank/data/CERT_Y4_sun_walled_brauer_full_symbolic_certificate_2026-06-14.md	CERT_Y4_sun_walled_brauer_full_symbolic_certificate_2026-06-14.md
A	theory/DOC_GOV_chain_status_map.md	DOC_GOV_chain_status_map.md
A	theory/DOC_FLUX_constants_index.md	DOC_FLUX_constants_index.md
A	theory/DOC_GOV_conventions.md	DOC_GOV_conventions.md
A	theory/DOC_GOV_open_problems.md	DOC_GOV_open_problems.md
A	theory/DOC_GOV_proof_chain.md	DOC_GOV_proof_chain.md
A	theory/conjectures/NOTE_MISC_conj_log_forest_uv.md	NOTE_MISC_conj_log_forest_uv.md
A	theory/conjectures/NOTE_HAAR_conj_b_anomaly_source.md	NOTE_HAAR_conj_b_anomaly_source.md
A	theory/conjectures/NOTE_MISC_conj_c_continuum_polarity.md	NOTE_MISC_conj_c_continuum_polarity.md
A	theory/conjectures/NOTE_MISC_conj_d_spectral_mass.md	NOTE_MISC_conj_d_spectral_mass.md
A	theory/conjectures/NOTE_OP1_conj_ir_local_gap.md	NOTE_OP1_conj_ir_local_gap.md
A	theory/notes/NOTE_O4_determinant_incidence_reduction_2026-08-08.md	NOTE_O4_determinant_incidence_reduction_2026-08-08.md
A	theory/notes/NOTE_O4_fourth_order_hodge_shape_space_foliated_mobility.md	NOTE_O4_fourth_order_hodge_shape_space_foliated_mobility.md
A	theory/notes/THM_FLUX_hodge_cellular_circuit_mobility_theorem.md	THM_FLUX_hodge_cellular_circuit_mobility_theorem.md
A	theory/notes/NOTE_PMBSF_m3a_reduction_first_breach_2026-06-12.md	NOTE_PMBSF_m3a_reduction_first_breach_2026-06-12.md
A	theory/notes/NOTE_FLUX_novel_derivations.md	NOTE_FLUX_novel_derivations.md
A	theory/notes/NOTE_Y5_oy5_folded_coefficient_2026-06-13.md	NOTE_Y5_oy5_folded_coefficient_2026-06-13.md
A	theory/notes/NOTE_FLUX_sc_continuum_1pm_2026-06-13.md	NOTE_FLUX_sc_continuum_1pm_2026-06-13.md
A	theory/notes/NOTE_PMBSF_su2_closure_full_derivations_2026_05_24.md	NOTE_PMBSF_su2_closure_full_derivations_2026_05_24.md
A	theory/notes/AUDIT_SU4_band.md	AUDIT_SU4_band.md
A	theory/notes/NOTE_FLUX_s_chessboard_route_alt_2026-06-12.md	NOTE_FLUX_s_chessboard_route_alt_2026-06-12.md
A	theory/notes/NOTE_FLUX_s_chessboard_route_2026-06-12.md	NOTE_FLUX_s_chessboard_route_2026-06-12.md
A	theory/notes/NOTE_FLUX_unified_theory_record_rank_cubic_spectral_geometry_2026-08-01.md	NOTE_FLUX_unified_theory_record_rank_cubic_spectral_geometry_2026-08-01.md
A	theory/notes/NOTE_Y4_band_curvature_correction_2026-06-13.md	NOTE_Y4_band_curvature_correction_2026-06-13.md
A	theory/notes/AUDIT_Y4_verification_status_alt_2026-06-13.md	AUDIT_Y4_verification_status_alt_2026-06-13.md
A	theory/notes/AUDIT_Y4_verification_status_2026-06-13.md	AUDIT_Y4_verification_status_2026-06-13.md
A	theory/theorems/THM_FLUX_centered_double_incidence_theorem_2026-08-08.md	THM_FLUX_centered_double_incidence_theorem_2026-08-08.md
A	theory/theorems/THM_FLUX_incidence_syzygy_factor_theorem_2026-08-08.md	THM_FLUX_incidence_syzygy_factor_theorem_2026-08-08.md
A	theory/theorems/LEM_OP1_compact_window_proof_corrected_2026-06-12.md	LEM_OP1_compact_window_proof_corrected_2026-06-12.md
A	theory/theorems/LEM_O4_lemma_b_review_2026-06-12.md	LEM_O4_lemma_b_review_2026-06-12.md
A	theory/theorems/THM_Y5_m5_cform_full_channel_proof_corrected_2026-06-12.md	THM_Y5_m5_cform_full_channel_proof_corrected_2026-06-12.md
A	theory/theorems/THM_FLUX_strongest_formula_resolved_cellular_mobility_2026-08-20.md	THM_FLUX_strongest_formula_resolved_cellular_mobility_2026-08-20.md
A	theory/theorems/THM_SUN_unified_nality_theorem_corrected_2026-06-14.md	THM_SUN_unified_nality_theorem_corrected_2026-06-14.md
A	theory/theorems/THM_O4_universal_fourth_order_mobility_theorem_v2_2026-08-08.md	THM_O4_universal_fourth_order_mobility_theorem_v2_2026-08-08.md
A	theory/under_review/NOTE_FLUX_proof_13_pairing_term_coercivity.md	NOTE_FLUX_proof_13_pairing_term_coercivity.md
A	theory/under_review/NOTE_HAAR_proof_14_spi_lsi_localization.md	NOTE_HAAR_proof_14_spi_lsi_localization.md
A	theory/under_review/NOTE_MISC_proof_15_reflection_equivariant_rg.md	NOTE_MISC_proof_15_reflection_equivariant_rg.md
B	export/MAN_GOV_export_manifest.csv	MAN_GOV_export_manifest.csv
B	export/index/ENGINE_GOV_build_constants_index.py	ENGINE_GOV_build_constants_index.py
B	export/index/ENGINE_GOV_build_github_flat.py	ENGINE_GOV_build_github_flat.py
B	export/index/ENGINE_GOV_constant_index.py	ENGINE_GOV_constant_index.py
B	export/index/CERT_GOV_constant_ratio_classifications.json	CERT_GOV_constant_ratio_classifications.json
B	export/index/ENGINE_GOV_plan_rename.py	ENGINE_GOV_plan_rename.py
B	literature/LIT_Y6_0005009v1.pdf	LIT_Y6_0005009v1.pdf
B	literature/LIT_Y6_0503038v2.pdf	LIT_Y6_0503038v2.pdf
B	literature/LIT_Y5_8010101.pdf	LIT_Y5_8010101.pdf
B	literature/LIT_MISC_logarithmic_potential_exponen.pdf	LIT_MISC_logarithmic_potential_exponen.pdf
B	numerics/certificates/AUDIT_FLUX_stranded_zero_backend_results.json	AUDIT_FLUX_stranded_zero_backend_results.json
B	numerics/certificates/CERT_MISC_b_newton_coefficients.json	CERT_MISC_b_newton_coefficients.json
B	numerics/certificates/RUN_TROM_d3_results.json	RUN_TROM_d3_results.json
B	numerics/certificates/LEM_MISC_lemma_b_cert_rerun.json	LEM_MISC_lemma_b_cert_rerun.json
B	numerics/certificates/LEM_MISC_lemma_b_review_checks.json	LEM_MISC_lemma_b_review_checks.json
B	numerics/certificates/CERT_SU2_m3a_stage_c_sparse_l4_q003_preliminary.json	CERT_SU2_m3a_stage_c_sparse_l4_q003_preliminary.json
B	numerics/certificates/CERT_MISC_m5_cform_full_channel_certificate_reconstructed.json	CERT_MISC_m5_cform_full_channel_certificate_reconstructed.json
B	numerics/certificates/CERT_MISC_m5_region_certificate_reconstructed.json	CERT_MISC_m5_region_certificate_reconstructed.json
B	numerics/certificates/RUN_PENT_pentagonal_o4_minimal_representation_frontier_results.json	RUN_PENT_pentagonal_o4_minimal_representation_frontier_results.json
B	numerics/certificates/CERT_MISC_q_numerator_newton_coefficients.json	CERT_MISC_q_numerator_newton_coefficients.json
B	numerics/certificates/CERT_SHELL6_shell46_t1_coupling_certificate_v1.json	CERT_SHELL6_shell46_t1_coupling_certificate_v1.json
B	numerics/certificates/CERT_STRING_sigma5_m6_attempt_certificate.json	CERT_STRING_sigma5_m6_attempt_certificate.json
B	numerics/certificates/CERT_SU3_edge_tensor_certificate.json	CERT_SU3_edge_tensor_certificate.json
B	numerics/certificates/CERT_MC_su3_glueball_polarization_campaign_2026-08-08.json	CERT_MC_su3_glueball_polarization_campaign_2026-08-08.json
B	numerics/certificates/CERT_TROM_su3_haar_tromino_primitives.json	CERT_TROM_su3_haar_tromino_primitives.json
B	numerics/certificates/CERT_Y6_su3_sixth_order_local_algebra.json	CERT_Y6_su3_sixth_order_local_algebra.json
B	numerics/certificates/CERT_Y4_su3_benchmark_self_test.json	CERT_Y4_su3_benchmark_self_test.json
B	numerics/certificates/CERT_Y5_su3_m5_certificate.json	CERT_Y5_su3_m5_certificate.json
B	numerics/certificates/AUDIT_Y6_su3_m6_safe_v5_report.json	AUDIT_Y6_su3_m6_safe_v5_report.json
B	numerics/certificates/CERT_Y6_su3_ordered_merge_summary.json	CERT_Y6_su3_ordered_merge_summary.json
B	numerics/certificates/CERT_SU4_exceptional_topology_word_ledger_v2.json	CERT_SU4_exceptional_topology_word_ledger_v2.json
B	numerics/certificates/CERT_SU4_hybrid_certificate_v2.json	CERT_SU4_hybrid_certificate_v2.json
B	numerics/certificates/CERT_SU6_determinant_certificate.json	CERT_SU6_determinant_certificate.json
B	numerics/certificates/CERT_SUN_closed_surface_stage1_certificate.json	CERT_SUN_closed_surface_stage1_certificate.json
B	numerics/clay_verify/NOTE_SU2_run_output_2026-06-12.txt	NOTE_SU2_run_output_2026-06-12.txt
B	numerics/clay_verify/ENGINE_SU2_verify_01_heat_kernel_stability.py	ENGINE_SU2_verify_01_heat_kernel_stability.py
B	numerics/clay_verify/ENGINE_FLUX_verify_02_anomaly_shield.py	ENGINE_FLUX_verify_02_anomaly_shield.py
B	numerics/clay_verify/ENGINE_FLUX_verify_03_continuum_scaling.py	ENGINE_FLUX_verify_03_continuum_scaling.py
B	numerics/cw_extractor/NB_SU3_15_cw_extractor_alt.ipynb	NB_SU3_15_cw_extractor_alt.ipynb
B	numerics/data/DATA_FLUX_glueball_1pm_highn_extrapolation.png	DATA_FLUX_glueball_1pm_highn_extrapolation.png
B	numerics/data/DATA_FLUX_glueball_mass_prediction_v1.csv	DATA_FLUX_glueball_mass_prediction_v1.csv
B	numerics/data/DATA_FLUX_glueball_spectrum_lattice_1pm_relevant.csv	DATA_FLUX_glueball_spectrum_lattice_1pm_relevant.csv
B	numerics/data/DATA_MISC_m3a_stage_c_sparse_l4_q003_preliminary.csv	DATA_MISC_m3a_stage_c_sparse_l4_q003_preliminary.csv
B	numerics/data/DATA_SHELL6_shell46_t1_o2_diagnostic_scan.csv	DATA_SHELL6_shell46_t1_o2_diagnostic_scan.csv
B	numerics/data/DATA_SU6_local_class_matrices_a100_gh25_alt.npz	DATA_SU6_local_class_matrices_a100_gh25_alt.npz
B	numerics/data/DATA_SUN_1pm_sc_vs_lattice.png	DATA_SUN_1pm_sc_vs_lattice.png
B	numerics/data/DATA_SUN_glueball_jpc_benchmark.csv	DATA_SUN_glueball_jpc_benchmark.csv
B	numerics/data/DATA_SUN_glueball_jpc_core_benchmark_v2.csv	DATA_SUN_glueball_jpc_core_benchmark_v2.csv
B	numerics/data/DATA_SUN_glueball_jpc_full_spectrum_v2.csv	DATA_SUN_glueball_jpc_full_spectrum_v2.csv
B	numerics/data/DATA_Y4_stagei_authority_fixture.xz.b85	DATA_Y4_stagei_authority_fixture.xz.b85
B	numerics/engines/ENGINE_FLUX_audit_stranded_zero_backend.py	ENGINE_FLUX_audit_stranded_zero_backend.py
B	numerics/engines/ENGINE_STRING_generic_pt_core.py	ENGINE_STRING_generic_pt_core.py
B	numerics/engines/ENGINE_STRING_generic_sigma.py	ENGINE_STRING_generic_sigma.py
B	numerics/engines/ENGINE_FLUX_hhc_loop_incidence_audit.py	ENGINE_FLUX_hhc_loop_incidence_audit.py
B	numerics/engines/ENGINE_Y6_lemma_b_review_checks.py	ENGINE_Y6_lemma_b_review_checks.py
B	numerics/engines/ENGINE_OP1_op12_a100_gpu_screen.py	ENGINE_OP1_op12_a100_gpu_screen.py
B	numerics/engines/ENGINE_PENT_pentagonal_o4_minimal_representation_frontier.py	ENGINE_PENT_pentagonal_o4_minimal_representation_frontier.py
B	numerics/engines/ENGINE_SHELL6_o2_full_intermediate_v1.py	ENGINE_SHELL6_o2_full_intermediate_v1.py
B	numerics/engines/ENGINE_MC_su3_t1pm_spatial_hardened_v2.py	ENGINE_MC_su3_t1pm_spatial_hardened_v2.py
B	numerics/engines/ENGINE_MC_su3_t1pm_spatial_nextrun.py	ENGINE_MC_su3_t1pm_spatial_nextrun.py
B	numerics/engines/ENGINE_MC_su3_t1pm_spatial_polarization_v3.py	ENGINE_MC_su3_t1pm_spatial_polarization_v3.py
B	numerics/engines/ENGINE_Y6_su3_y5_historical_recovery_r2.py	ENGINE_Y6_su3_y5_historical_recovery_r2.py
B	numerics/engines/ENGINE_SUN_closed_surface_band_stage1_certificate.py	ENGINE_SUN_closed_surface_band_stage1_certificate.py
B	numerics/engines/ENGINE_SUN_verify_all_alt.py	ENGINE_SUN_verify_all_alt.py
B	numerics/engines/ENGINE_SUN_verify_all.py	ENGINE_SUN_verify_all.py
B	numerics/engines/ENGINE_FLUX_verify_centered_double_incidence.py	ENGINE_FLUX_verify_centered_double_incidence.py
B	numerics/engines/ENGINE_FLUX_verify_determinant_incidence_reduction.py	ENGINE_FLUX_verify_determinant_incidence_reduction.py
B	numerics/engines/ENGINE_FLUX_verify_incidence_syzygy.py	ENGINE_FLUX_verify_incidence_syzygy.py
B	numerics/engines/ENGINE_FLUX_verify_theorem_assembly.py	ENGINE_FLUX_verify_theorem_assembly.py
B	numerics/engines/ENGINE_FLUX_verify_frozen_memfd_tmp.py	ENGINE_MISCENGINE_FLUX_verify_frozen_memfd_tmp.py
B	numerics/notebooks/RUN_SU3_a100_results.ipynb	RUN_SU3_a100_results.ipynb
B	numerics/notebooks/NB_OP1_a100_su3_combined_t1pm_op12_fft_alt.ipynb	NB_OP1_a100_su3_combined_t1pm_op12_fft_alt.ipynb
B	numerics/notebooks/NB_OP1_a100_su3_combined_t1pm_op12_fft.ipynb	NB_OP1_a100_su3_combined_t1pm_op12_fft.ipynb
B	numerics/notebooks/NB_STRING_a100_su3_t1pm_tension_pilot.ipynb	NB_STRING_a100_su3_t1pm_tension_pilot.ipynb
B	numerics/notebooks/NB_O4_not_sure_runs_gemini.ipynb	NB_O4_not_sure_runs_gemini.ipynb
B	numerics/notebooks/NB_O4_item.ipynb	NB_O4_item.ipynb
B	numerics/notebooks/NB_OP1_op12_a100_preflight.ipynb	NB_OP1_op12_a100_preflight.ipynb
B	numerics/notebooks/NB_OP1_op12_a100_screen_v2_alt.ipynb	NB_OP1_op12_a100_screen_v2_alt.ipynb
B	numerics/notebooks/NB_OP1_op12_a100_screen_v2.ipynb	NB_OP1_op12_a100_screen_v2.ipynb
B	numerics/notebooks/NB_HAAR_prismatic_minimal_cell_escape_test.ipynb	NB_HAAR_prismatic_minimal_cell_escape_test.ipynb
B	numerics/notebooks/NB_O3_prism_third_order_shape_closure_v2.ipynb	NB_O3_prism_third_order_shape_closure_v2.ipynb
B	numerics/notebooks/NB_O2_prism_square_second_order_falsification.ipynb	NB_O2_prism_square_second_order_falsification.ipynb
B	numerics/notebooks/NB_SU3_single_block_a100_validation_su_alt3_o.ipynb	NB_SU3_single_block_a100_validation_su_alt3_o.ipynb
B	numerics/notebooks/NB_SU3_su_alt3_o_u_6_glueball_rest.ipynb	NB_SU3_su_alt3_o_u_6_glueball_rest.ipynb
B	numerics/notebooks/NB_SU2_4d_fourier_alt.ipynb	NB_SU2_4d_fourier_alt.ipynb
B	numerics/notebooks/NB_SU2_4d_standalone_fixed_alt.ipynb	NB_SU2_4d_standalone_fixed_alt.ipynb
B	numerics/notebooks/NB_SU3_a100_master_alt2.ipynb	NB_SU3_a100_master_alt2.ipynb
B	numerics/notebooks/NB_Y4_su3_encoding_benchmark_alt.ipynb	NB_Y4_su3_encoding_benchmark_alt.ipynb
B	numerics/notebooks/NB_Y4_su3_encoding_benchmark.ipynb	NB_Y4_su3_encoding_benchmark.ipynb
B	numerics/notebooks/NB_Y4_su3_encoding_benchmark_alt.ipynb	NB_Y4_su3_encoding_benchmark_alt.ipynb
B	numerics/notebooks/NB_Y6_su3_y5_historical_recovery_colab.ipynb	NB_Y6_su3_y5_historical_recovery_colab.ipynb
B	numerics/notebooks/NB_Y6_su3_y5_historical_recovery_r2_colab.ipynb	NB_Y6_su3_y5_historical_recovery_r2_colab.ipynb
B	numerics/notebooks/NB_Y6_su3_m6_certified_recompute_alt.ipynb	NB_Y6_su3_m6_certified_recompute_alt.ipynb
B	numerics/notebooks/NB_Y6_su3_m6_certified_recompute.ipynb	NB_Y6_su3_m6_certified_recompute.ipynb
B	numerics/notebooks/NB_Y6_su3_m6_safe_audit_v5.ipynb	NB_Y6_su3_m6_safe_audit_v5.ipynb
B	numerics/notebooks/NB_Y6_su3_m6_self_contained_v4.ipynb	NB_Y6_su3_m6_self_contained_v4.ipynb
B	numerics/notebooks/NB_Y6_su3_scratch_stages1_2_v2.ipynb	NB_Y6_su3_scratch_stages1_2_v2.ipynb
B	numerics/notebooks/NB_Y6_su3_stage0_no_edit_colab_alt.ipynb	NB_Y6_su3_stage0_no_edit_colab_alt.ipynb
B	numerics/notebooks/NB_Y6_su3_stage0_no_edit_colab_alt2.ipynb	NB_Y6_su3_stage0_no_edit_colab_alt2.ipynb
B	numerics/notebooks/NB_Y6_su3_stage0_no_edit_colab.ipynb	NB_Y6_su3_stage0_no_edit_colab.ipynb
B	numerics/notebooks/NB_SU4_clean_no_edit_reproducibility.ipynb	NB_SU4_clean_no_edit_reproducibility.ipynb
B	numerics/notebooks/NB_O4_su4_exact_fourth_order_completion_colab_fixed.ipynb	NB_O4_su4_exact_fourth_order_completion_colab_fixed.ipynb
B	numerics/notebooks/NB_O4_su4_exact_fourth_order_completion_colab.ipynb	NB_O4_su4_exact_fourth_order_completion_colab.ipynb
B	numerics/notebooks/NB_FLUX_untitled238.ipynb	NB_FLUX_untitled238.ipynb
B	numerics/notebooks/NB_Y4_ymcirc_pyclebsch_microscopic_audit.ipynb	NB_Y4_ymcirc_pyclebsch_microscopic_audit.ipynb
B	numerics/op12_theta/CERT_OP1_kchain_ledger.json	CERT_OP1_kchain_ledger.json
B	numerics/op12_theta/ENGINE_OP1_kchain_ledger.py	ENGINE_OP1_kchain_ledger.py
B	numerics/op12_theta/NOTE_OP1_kchain_ledger_2026-06-11.md	NOTE_OP1_kchain_ledger_2026-06-11.md
B	numerics/op12_theta/CERT_OP1_kernel_consts.json	CERT_OP1_kernel_consts.json
B	numerics/op12_theta/ENGINE_OP1_kernel_consts.py	ENGINE_OP1_kernel_consts.py
B	numerics/op12_theta/ENGINE_OP1_op12_runner.py	ENGINE_OP1_op12_runner.py
B	numerics/op12_theta/CERT_OP1_op12_summary.json	CERT_OP1_op12_summary.json
B	numerics/op12_theta/DATA_OP1_op12_theta_vs_beta.png	DATA_OP1_op12_theta_vs_beta.png
B	numerics/op12_theta/CERT_OP1_red_davies_kchain.json	CERT_OP1_red_davies_kchain.json
B	numerics/op12_theta/ENGINE_OP1_red_davies_kchain.py	ENGINE_OP1_red_davies_kchain.py
B	numerics/op12_theta/NOTE_OP1_red_davies_results_2026-06-12.md	NOTE_OP1_red_davies_results_2026-06-12.md
B	numerics/op12_theta/NOTE_OP1_results_2026-06-11.md	NOTE_OP1_results_2026-06-11.md
B	numerics/op12_theta/m2_certificates/CERT_OP1_m2_certs_l4.json	CERT_OP1_m2_certs_l4.json
B	numerics/op12_theta/m2_certificates/CERT_OP1_m2_certs_l6.json	CERT_OP1_m2_certs_l6.json
B	numerics/op12_theta/m2_certificates/ENGINE_OP1_m2_ensemble.py	ENGINE_OP1_m2_ensemble.py
B	numerics/op12_theta/m2_certificates/ENGINE_OP1_m2_l8_shells.py	ENGINE_OP1_m2_l8_shells.py
B	numerics/op12_theta/m2_certificates/CERT_OP1_m2_l8_shells.json	CERT_OP1_m2_l8_shells.json
B	numerics/op12_theta/m2_certificates/ENGINE_OP1_m2_pair_certificates.py	ENGINE_OP1_m2_pair_certificates.py
B	numerics/op12_theta/m2_certificates/NOTE_OP1_m2_results_2026-06-12.md	NOTE_OP1_m2_results_2026-06-12.md
B	numerics/op12_theta/m2_certificates/m2_ensemble/CERT_OP1_ens_l4_b5.6.json	CERT_OP1_ens_l4_b5.6.json
B	numerics/op12_theta/m2_certificates/m2_ensemble/CERT_OP1_ens_l4_b6.0.json	CERT_OP1_ens_l4_b6.0.json
B	numerics/op12_theta/m2_certificates/m2_ensemble/CERT_OP1_ens_l4_b6.4.json	CERT_OP1_ens_l4_b6.4.json
B	numerics/op12_theta/m2_certificates/m2_ensemble/CERT_OP1_ens_l4_b6.8.json	CERT_OP1_ens_l4_b6.8.json
B	numerics/op12_theta/m2_certificates/m2_ensemble/CERT_OP1_ens_l4_b7.2.json	CERT_OP1_ens_l4_b7.2.json
B	numerics/op12_theta/m2_certificates/m2_ensemble/CERT_OP1_ens_l6_b5.6.json	CERT_OP1_ens_l6_b5.6.json
B	numerics/op12_theta/m2_certificates/m2_ensemble/CERT_OP1_ens_l6_b6.4.json	CERT_OP1_ens_l6_b6.4.json
B	numerics/op12_theta/m2_certificates/m2_ensemble/CERT_OP1_ens_l6_b7.2.json	CERT_OP1_ens_l6_b7.2.json
B	numerics/op12_theta/m2_certificates/m2_kernel/DATA_OP1_tensor_l4_b5.6.npz	DATA_OP1_tensor_l4_b5.6.npz
B	numerics/op12_theta/m2_certificates/m2_kernel/DATA_OP1_tensor_l4_b6.0.npz	DATA_OP1_tensor_l4_b6.0.npz
B	numerics/op12_theta/m2_certificates/m2_kernel/DATA_OP1_tensor_l4_b6.4.npz	DATA_OP1_tensor_l4_b6.4.npz
B	numerics/op12_theta/m2_certificates/m2_kernel/DATA_OP1_tensor_l4_b6.8.npz	DATA_OP1_tensor_l4_b6.8.npz
B	numerics/op12_theta/m2_certificates/m2_kernel/DATA_OP1_tensor_l4_b7.2.npz	DATA_OP1_tensor_l4_b7.2.npz
B	numerics/op12_theta/m2_certificates/m2_kernel/DATA_OP1_tensor_l6_b5.6.npz	DATA_OP1_tensor_l6_b5.6.npz
B	numerics/op12_theta/m2_certificates/m2_kernel/DATA_OP1_tensor_l6_b6.4.npz	DATA_OP1_tensor_l6_b6.4.npz
B	numerics/op12_theta/m2_certificates/m2_kernel/DATA_OP1_tensor_l6_b7.2.npz	DATA_OP1_tensor_l6_b7.2.npz
B	numerics/op12_theta/m2_certificates/m2_kernel/DATA_OP1_tensor_l8_b5.6.npz	DATA_OP1_tensor_l8_b5.6.npz
B	numerics/op12_theta/m2_certificates/m2_kernel/DATA_OP1_tensor_l8_b6.4.npz	DATA_OP1_tensor_l8_b6.4.npz
B	numerics/op12_theta/m2_certificates/m2_kernel/DATA_OP1_tensor_l8_b7.2.npz	DATA_OP1_tensor_l8_b7.2.npz
B	numerics/op12_theta/m4_scaling/LEM_OP1_lemma_review_cert.json	LEM_OP1_lemma_review_cert.json
B	numerics/op12_theta/m4_scaling/ENGINE_OP1_lemma_review_cert.py	ENGINE_OP1_lemma_review_cert.py
B	numerics/op12_theta/m4_scaling/LEM_OP1_lemma_window_cert.json	LEM_OP1_lemma_window_cert.json
B	numerics/op12_theta/m4_scaling/ENGINE_OP1_lemma_window_cert.py	ENGINE_OP1_lemma_window_cert.py
B	numerics/op12_theta/m4_scaling/LEM_OP1_lemma_b_cert.json	LEM_OP1_lemma_b_cert.json
B	numerics/op12_theta/m4_scaling/ENGINE_OP1_lemma_b_cert.py	ENGINE_OP1_lemma_b_cert.py
B	numerics/op12_theta/m4_scaling/AUDIT_OP1_m4_bessel_scan.json	AUDIT_OP1_m4_bessel_scan.json
B	numerics/op12_theta/m4_scaling/ENGINE_OP1_m4_bessel_scan_audit.py	ENGINE_OP1_m4_bessel_scan_audit.py
B	numerics/op12_theta/m4_scaling/CERT_OP1_m4_bessel_scan_state.json	CERT_OP1_m4_bessel_scan_state.json
B	numerics/op12_theta/m4_scaling/AUDIT_OP1_m4_ceiling_pin.json	AUDIT_OP1_m4_ceiling_pin.json
B	numerics/op12_theta/m4_scaling/ENGINE_OP1_m4_ceiling_pin_audit.py	ENGINE_OP1_m4_ceiling_pin_audit.py
B	numerics/op12_theta/m4_scaling/AUDIT_OP1_m4_cover_domination.json	AUDIT_OP1_m4_cover_domination.json
B	numerics/op12_theta/m4_scaling/ENGINE_OP1_m4_cover_domination_audit.py	ENGINE_OP1_m4_cover_domination_audit.py
B	numerics/op12_theta/m4_scaling/CERT_OP1_m4_harmonic_decomposition.json	CERT_OP1_m4_harmonic_decomposition.json
B	numerics/op12_theta/m4_scaling/ENGINE_OP1_m4_harmonic_decomposition.py	ENGINE_OP1_m4_harmonic_decomposition.py
B	numerics/op12_theta/m4_scaling/NOTE_OP1_m4_harmonic_decomp_2026-06-12.md	NOTE_OP1_m4_harmonic_decomp_2026-06-12.md
B	numerics/op12_theta/m4_scaling/NOTE_OP1_m4_scaling_2026-06-12.md	NOTE_OP1_m4_scaling_2026-06-12.md
B	numerics/op12_theta/m4_scaling/CERT_OP1_m4_scaling_tables.json	CERT_OP1_m4_scaling_tables.json
B	numerics/op12_theta/m4_scaling/ENGINE_OP1_m4_scaling_tables.py	ENGINE_OP1_m4_scaling_tables.py
B	numerics/op12_theta/m4_scaling/CERT_OP1_m4_sparsity_interface.json	CERT_OP1_m4_sparsity_interface.json
B	numerics/op12_theta/m4_scaling/ENGINE_OP1_m4_sparsity_interface.py	ENGINE_OP1_m4_sparsity_interface.py
B	numerics/op12_theta/m4_scaling/NOTE_OP1_m4_tc_asymptotics_2026-06-12.md	NOTE_OP1_m4_tc_asymptotics_2026-06-12.md
B	numerics/op12_theta/m4_scaling/CERT_OP1_m4_tc_closed_form.json	CERT_OP1_m4_tc_closed_form.json
B	numerics/op12_theta/m4_scaling/NOTE_OP1_m4_tc_closed_form_2026-06-12.md	NOTE_OP1_m4_tc_closed_form_2026-06-12.md
B	numerics/op12_theta/m4_scaling/CERT_OP1_m4_tc_fourier.json	CERT_OP1_m4_tc_fourier.json
B	numerics/op12_theta/m4_scaling/ENGINE_OP1_m4_tc_fourier.py	ENGINE_OP1_m4_tc_fourier.py
B	numerics/op12_theta/m4_scaling/CERT_OP1_m4_tc_realspace_check.json	CERT_OP1_m4_tc_realspace_check.json
B	numerics/op12_theta/m4_scaling/ENGINE_OP1_m4_tc_realspace_check.py	ENGINE_OP1_m4_tc_realspace_check.py
B	numerics/op12_theta/m4_scaling/CERT_OP1_m5b_region.json	CERT_OP1_m5b_region.json
B	numerics/op12_theta/m4_scaling/ENGINE_OP1_m5b_region.py	ENGINE_OP1_m5b_region.py
B	numerics/op12_theta/m4_scaling/NB_OP1_m5_3_cover_domination_closure_route.ipynb	NB_OP1_m5_3_cover_domination_closure_route.ipynb
B	numerics/op12_theta/m4_scaling/NB_OP1_m5_4_warning_free_limit_constant_audit.ipynb	NB_OP1_m5_4_warning_free_limit_constant_audit.ipynb
B	numerics/op12_theta/m4_scaling/AUDIT_OP1_m5.json	AUDIT_OP1_m5.json
B	numerics/op12_theta/m4_scaling/ENGINE_OP1_m5_audit.py	ENGINE_OP1_m5_audit.py
B	numerics/op12_theta/m4_scaling/NB_OP1_m5_1_heat_kernel_bessel_finite_certificate.ipynb	NB_OP1_m5_1_heat_kernel_bessel_finite_certificate.ipynb
B	numerics/op12_theta/m4_scaling/NB_OP1_m5_tier_2_ceiling_pin_auditor.ipynb	NB_OP1_m5_tier_2_ceiling_pin_auditor.ipynb
B	numerics/op12_theta/m4_scaling/opcache/DATA_OP1_d0_l16.npz	DATA_OP1_d0_l16.npz
B	numerics/op12_theta/m4_scaling/opcache/DATA_OP1_d0_l24.npz	DATA_OP1_d0_l24.npz
B	numerics/op12_theta/m4_scaling/opcache/DATA_OP1_d0_l8.npz	DATA_OP1_d0_l8.npz
B	numerics/op12_theta/m4_scaling/opcache/DATA_OP1_d1_l16.npz	DATA_OP1_d1_l16.npz
B	numerics/op12_theta/m4_scaling/opcache/DATA_OP1_d1_l24.npz	DATA_OP1_d1_l24.npz
B	numerics/op12_theta/m4_scaling/opcache/DATA_OP1_d1_l8.npz	DATA_OP1_d1_l8.npz
B	numerics/op12_theta/m4_scaling/opcache/DATA_OP1_l0_l16.npz	DATA_OP1_l0_l16.npz
B	numerics/op12_theta/m4_scaling/opcache/DATA_OP1_l0_l24.npz	DATA_OP1_l0_l24.npz
B	numerics/op12_theta/m4_scaling/opcache/DATA_OP1_l0_l8.npz	DATA_OP1_l0_l8.npz
B	numerics/op12_theta/m4_scaling/opcache/DATA_OP1_l1up_l16.npz	DATA_OP1_l1up_l16.npz
B	numerics/op12_theta/m4_scaling/opcache/DATA_OP1_l1up_l24.npz	DATA_OP1_l1up_l24.npz
B	numerics/op12_theta/m4_scaling/opcache/DATA_OP1_l1up_l8.npz	DATA_OP1_l1up_l8.npz
B	numerics/op12_theta/op12_state/CERT_OP1_meta_l4_b5.6.json	CERT_OP1_meta_l4_b5.6.json
B	numerics/op12_theta/op12_state/CERT_OP1_meta_l4_b6.0.json	CERT_OP1_meta_l4_b6.0.json
B	numerics/op12_theta/op12_state/CERT_OP1_meta_l4_b6.4.json	CERT_OP1_meta_l4_b6.4.json
B	numerics/op12_theta/op12_state/CERT_OP1_meta_l4_b6.8.json	CERT_OP1_meta_l4_b6.8.json
B	numerics/op12_theta/op12_state/CERT_OP1_meta_l4_b7.2.json	CERT_OP1_meta_l4_b7.2.json
B	numerics/op12_theta/op12_state/CERT_OP1_meta_l6_b5.6.json	CERT_OP1_meta_l6_b5.6.json
B	numerics/op12_theta/op12_state/CERT_OP1_meta_l6_b6.4.json	CERT_OP1_meta_l6_b6.4.json
B	numerics/op12_theta/op12_state/CERT_OP1_meta_l6_b7.2.json	CERT_OP1_meta_l6_b7.2.json
B	numerics/op12_theta/op12_state/CERT_OP1_results_l4_b5.6.json	CERT_OP1_results_l4_b5.6.json
B	numerics/op12_theta/op12_state/CERT_OP1_results_l4_b6.0.json	CERT_OP1_results_l4_b6.0.json
B	numerics/op12_theta/op12_state/CERT_OP1_results_l4_b6.4.json	CERT_OP1_results_l4_b6.4.json
B	numerics/op12_theta/op12_state/CERT_OP1_results_l4_b6.8.json	CERT_OP1_results_l4_b6.8.json
B	numerics/op12_theta/op12_state/CERT_OP1_results_l4_b7.2.json	CERT_OP1_results_l4_b7.2.json
B	numerics/op12_theta/op12_state/CERT_OP1_results_l6_b5.6.json	CERT_OP1_results_l6_b5.6.json
B	numerics/op12_theta/op12_state/CERT_OP1_results_l6_b6.4.json	CERT_OP1_results_l6_b6.4.json
B	numerics/op12_theta/op12_state/CERT_OP1_results_l6_b7.2.json	CERT_OP1_results_l6_b7.2.json
B	numerics/op12_theta/op12_state/DATA_OP1_state_l4_b5.6.npz	DATA_OP1_state_l4_b5.6.npz
B	numerics/op12_theta/op12_state/DATA_OP1_state_l4_b6.0.npz	DATA_OP1_state_l4_b6.0.npz
B	numerics/op12_theta/op12_state/DATA_OP1_state_l4_b6.4.npz	DATA_OP1_state_l4_b6.4.npz
B	numerics/op12_theta/op12_state/DATA_OP1_state_l4_b6.8.npz	DATA_OP1_state_l4_b6.8.npz
B	numerics/op12_theta/op12_state/DATA_OP1_state_l4_b7.2.npz	DATA_OP1_state_l4_b7.2.npz
B	numerics/op12_theta/op12_state/DATA_OP1_state_l6_b5.6.npz	DATA_OP1_state_l6_b5.6.npz
B	numerics/op12_theta/op12_state/DATA_OP1_state_l6_b6.4.npz	DATA_OP1_state_l6_b6.4.npz
B	numerics/op12_theta/op12_state/DATA_OP1_state_l6_b7.2.npz	DATA_OP1_state_l6_b7.2.npz
B	numerics/op12_theta/results/CERT_OP1_results_l4_b5.6.json	CERT_OP1_results_l4_b5.6.json
B	numerics/op12_theta/results/CERT_OP1_results_l4_b6.0.json	CERT_OP1_results_l4_b6.0.json
B	numerics/op12_theta/results/CERT_OP1_results_l4_b6.4.json	CERT_OP1_results_l4_b6.4.json
B	numerics/op12_theta/results/CERT_OP1_results_l4_b6.8.json	CERT_OP1_results_l4_b6.8.json
B	numerics/op12_theta/results/CERT_OP1_results_l4_b7.2.json	CERT_OP1_results_l4_b7.2.json
B	numerics/op12_theta/results/CERT_OP1_results_l6_b5.6.json	CERT_OP1_results_l6_b5.6.json
B	numerics/op12_theta/results/CERT_OP1_results_l6_b6.4.json	CERT_OP1_results_l6_b6.4.json
B	numerics/op12_theta/results/CERT_OP1_results_l6_b7.2.json	CERT_OP1_results_l6_b7.2.json
B	numerics/op12_theta/s_chessboard/CERT_OP1_delta_max_curvature.json	CERT_OP1_delta_max_curvature.json
B	numerics/op12_theta/s_chessboard/ENGINE_OP1_delta_max_curvature.py	ENGINE_OP1_delta_max_curvature.py
B	numerics/op12_theta/s_chessboard/CERT_OP1_delta_max_curvature_2026-06-13.json	CERT_OP1_delta_max_curvature_2026-06-13.json
B	numerics/op12_theta/s_chessboard/DATA_OP1_delta_window.png	DATA_OP1_delta_window.png
B	numerics/op12_theta/s_chessboard/CERT_OP1_delta_window_summary.json	CERT_OP1_delta_window_summary.json
B	numerics/op12_theta/s_chessboard/RUN_OP1_dmax.py	RUN_OP1_dmax.py
B	numerics/op12_theta/s_chessboard/ENGINE_OP1_op12_delta_window.py	ENGINE_OP1_op12_delta_window.py
B	numerics/op12_theta/s_chessboard/CERT_OP1_s_chessboard_rate.json	CERT_OP1_s_chessboard_rate.json
B	numerics/op12_theta/s_chessboard/ENGINE_OP1_s_chessboard_rate.py	ENGINE_OP1_s_chessboard_rate.py
B	numerics/op12_theta/s_chessboard/CERT_OP1_z_prime_mc.json	CERT_OP1_z_prime_mc.json
B	numerics/op12_theta/s_chessboard/ENGINE_OP1_z_prime_mc.py	ENGINE_OP1_z_prime_mc.py
B	numerics/op12_theta/s_chessboard/dw_state/dwCERT_OP1_meta_l4_b5.6.json	CERT_OP1_dwmeta_l4_b5.6.json
B	numerics/op12_theta/s_chessboard/dw_state/dwCERT_OP1_meta_l4_b6.0.json	CERT_OP1_dwmeta_l4_b6.0.json
B	numerics/op12_theta/s_chessboard/dw_state/dwCERT_OP1_meta_l4_b6.4.json	CERT_OP1_dwmeta_l4_b6.4.json
B	numerics/op12_theta/s_chessboard/dw_state/dwCERT_OP1_meta_l4_b6.8.json	CERT_OP1_dwmeta_l4_b6.8.json
B	numerics/op12_theta/s_chessboard/dw_state/dwCERT_OP1_meta_l4_b7.2.json	CERT_OP1_dwmeta_l4_b7.2.json
B	numerics/op12_theta/s_chessboard/dw_state/dwCERT_OP1_meta_l6_b5.6.json	CERT_OP1_dwmeta_l6_b5.6.json
B	numerics/op12_theta/s_chessboard/dw_state/dwCERT_OP1_meta_l6_b6.4.json	CERT_OP1_dwmeta_l6_b6.4.json
B	numerics/op12_theta/s_chessboard/dw_state/dwCERT_OP1_meta_l6_b7.2.json	CERT_OP1_dwmeta_l6_b7.2.json
B	numerics/op12_theta/s_chessboard/dw_state/CERT_OP1_dwres_l4_b5.6.json	CERT_OP1_dwres_l4_b5.6.json
B	numerics/op12_theta/s_chessboard/dw_state/CERT_OP1_dwres_l4_b6.0.json	CERT_OP1_dwres_l4_b6.0.json
B	numerics/op12_theta/s_chessboard/dw_state/CERT_OP1_dwres_l4_b6.4.json	CERT_OP1_dwres_l4_b6.4.json
B	numerics/op12_theta/s_chessboard/dw_state/CERT_OP1_dwres_l4_b6.8.json	CERT_OP1_dwres_l4_b6.8.json
B	numerics/op12_theta/s_chessboard/dw_state/CERT_OP1_dwres_l4_b7.2.json	CERT_OP1_dwres_l4_b7.2.json
B	numerics/op12_theta/s_chessboard/dw_state/CERT_OP1_dwres_l6_b5.6.json	CERT_OP1_dwres_l6_b5.6.json
B	numerics/op12_theta/s_chessboard/dw_state/CERT_OP1_dwres_l6_b6.4.json	CERT_OP1_dwres_l6_b6.4.json
B	numerics/op12_theta/s_chessboard/dw_state/CERT_OP1_dwres_l6_b7.2.json	CERT_OP1_dwres_l6_b7.2.json
B	numerics/op12_theta/s_chessboard/dw_state/DATA_OP1_dw_l4_b5.6.npz	DATA_OP1_dw_l4_b5.6.npz
B	numerics/op12_theta/s_chessboard/dw_state/DATA_OP1_dw_l4_b6.0.npz	DATA_OP1_dw_l4_b6.0.npz
B	numerics/op12_theta/s_chessboard/dw_state/DATA_OP1_dw_l4_b6.4.npz	DATA_OP1_dw_l4_b6.4.npz
B	numerics/op12_theta/s_chessboard/dw_state/DATA_OP1_dw_l4_b6.8.npz	DATA_OP1_dw_l4_b6.8.npz
B	numerics/op12_theta/s_chessboard/dw_state/DATA_OP1_dw_l4_b7.2.npz	DATA_OP1_dw_l4_b7.2.npz
B	numerics/op12_theta/s_chessboard/dw_state/DATA_OP1_dw_l6_b5.6.npz	DATA_OP1_dw_l6_b5.6.npz
B	numerics/op12_theta/s_chessboard/dw_state/DATA_OP1_dw_l6_b6.4.npz	DATA_OP1_dw_l6_b6.4.npz
B	numerics/op12_theta/s_chessboard/dw_state/DATA_OP1_dw_l6_b7.2.npz	DATA_OP1_dw_l6_b7.2.npz
B	numerics/results/CERT_FLUX_d3_certificate_results.md	CERT_FLUX_d3_certificate_results.md
B	numerics/results/NOTE_PMBSF_m3a_stage_c_preliminary_result_2026-06-12.md	NOTE_PMBSF_m3a_stage_c_preliminary_result_2026-06-12.md
B	numerics/results/NOTE_SHELL6_first_order_codd_result_2026-06-13.md	NOTE_SHELL6_first_order_codd_result_2026-06-13.md
B	numerics/scratch_tmp/RUN_TROM_d3_results.json	RUN_TROM_d3_results.json
B	numerics/scratch_tmp/pdfs/log_potential/DATA_Y6_contact.jpg	DATA_Y6_contact.jpg
B	numerics/scratch_tmp/pdfs/log_potential/DATA_MISC_page_1.png	DATA_MISC_page_1.png
B	numerics/scratch_tmp/pdfs/log_potential/DATA_O4_page_2.png	DATA_O4_page_2.png
B	numerics/scratch_tmp/pdfs/log_potential/DATA_Y6_page_3.png	DATA_Y6_page_3.png
B	numerics/scratch_tmp/pdfs/log_potential/DATA_Y6_page_4.png	DATA_Y6_page_4.png
B	numerics/scratch_tmp/pdfs/log_potential/AUDIT_Y6_preview_1.jpg	AUDIT_Y6_preview_1.jpg
B	numerics/scratch_tmp/pdfs/log_potential/AUDIT_Y5_preview_2.jpg	AUDIT_Y5_preview_2.jpg
B	numerics/scratch_tmp/pdfs/log_potential/AUDIT_O4_preview_3.jpg	AUDIT_O4_preview_3.jpg
B	numerics/scratch_tmp/pdfs/log_potential/AUDIT_Y5_preview_4.jpg	AUDIT_Y5_preview_4.jpg
B	numerics/scratch_tmp/y4_sos_repro/Y4_REAL_SPACE_SOS_PACKAGE/PAPER_Y4_glueball_flat_band_v0_5.pdf	PAPER_Y4_glueball_flat_band_v0_5.pdf
B	numerics/scratch_tmp/y4_sos_repro/Y4_REAL_SPACE_SOS_PACKAGE/PAPER_Y4_glueball_flat_band_v0_5.tex	PAPER_Y4_glueball_flat_band_v0_5.tex
B	numerics/scratch_tmp/y4_sos_repro/Y4_REAL_SPACE_SOS_PACKAGE/DOC_Y4_glueball_flat_band_paper_v0_5_changelog.md	DOC_Y4_glueball_flat_band_paper_v0_5_changelog.md
B	numerics/scratch_tmp/y4_sos_repro/Y4_REAL_SPACE_SOS_PACKAGE/ENGINE_Y4_exact_real_space_sos_certificate.py	ENGINE_Y4_exact_real_space_sos_certificate.py
B	numerics/scratch_tmp/y4_sos_repro/Y4_REAL_SPACE_SOS_PACKAGE/RUN_Y4_exact_real_space_sos.log	RUN_Y4_exact_real_space_sos.log
B	numerics/scratch_tmp/y4_sos_repro/Y4_REAL_SPACE_SOS_PACKAGE/DATA_Y4_full_real_space_h4_kernel.json.gz	DATA_Y4_full_real_space_h4_kernel.json.gz
B	numerics/scratch_tmp/y4_sos_repro/Y4_REAL_SPACE_SOS_PACKAGE/CERT_Y4_real_space_sos_certificate.json	CERT_Y4_real_space_sos_certificate.json
B	numerics/scratch_tmp/y4_sos_repro/Y4_REAL_SPACE_SOS_PACKAGE/CERT_Y4_real_space_sos_stencil.json	CERT_Y4_real_space_sos_stencil.json
B	numerics/scratch_tmp/y4_sos_repro/Y4_REAL_SPACE_SOS_PACKAGE/THM_Y4_real_space_sos_theorem.md	THM_Y4_real_space_sos_theorem.md
B	numerics/scratch_tmp/y4_sos_repro/Y4_REAL_SPACE_SOS_PACKAGE/RUN_Y4_sos_a100_cpu_test.log	RUN_Y4_sos_a100_cpu_test.log
B	numerics/scratch_tmp/y4_sos_repro/Y4_REAL_SPACE_SOS_PACKAGE/ENGINE_Y4_sos_a100_validation.py	ENGINE_Y4_sos_a100_validation.py
B	numerics/scratch_tmp/y4_sos_repro/Y4_REAL_SPACE_SOS_PACKAGE/CERT_Y4_sos_cpu_test_summary.json	CERT_Y4_sos_cpu_test_summary.json
B	papers/flat_band/PAPER_FLUX_fig_bands.pdf	PAPER_FLUX_fig_bands.pdf
B	papers/flat_band/PAPER_FLUX_fig_c4.pdf	PAPER_FLUX_fig_c4.pdf
B	papers/flat_band/PAPER_SUN_fig_largen.pdf	PAPER_SUN_fig_largen.pdf
B	papers/flat_band/PAPER_FLUX_glueball_flat_band_v1_1.pdf	PAPER_FLUX_glueball_flat_band_v1_1.pdf
B	papers/flat_band/PAPER_FLUX_manuscript_section6_patch.pdf	PAPER_FLUX_manuscript_section6_patch.pdf
B	papers/flat_band/THM_FLUX_theorem_md5sums.txt	THM_FLUX_theorem_md5sums.txt
B	papers/flat_band/MAN_FLUX_v1_0_md5sums.txt	MAN_FLUX_v1_0_md5sums.txt
B	papers/flat_band/MAN_FLUX_v1_1_md5sums.txt	MAN_FLUX_v1_1_md5sums.txt
B	papers/gauge_constrained_spectral_geometry/PAPER_FLUX_gauge_constrained_spectral_geometry_unified_v1_4_2026-08-08.pdf	PAPER_FLUX_gauge_constrained_spectral_geometry_unified_v1_4_2026-08-08.pdf
B	papers/gauge_constrained_spectral_geometry/PAPER_FLUX_gauge_constrained_spectral_geometry_unified_v1_4_2026-08-08.zip	PAPER_FLUX_gauge_constrained_spectral_geometry_unified_v1_4_2026-08-08.zip
B	papers/source_docx/PAPER_SUN_canonical_su_n_wilson_spectral_theory_derivation.docx	PAPER_SUN_canonical_su_n_wilson_spectral_theory_derivation.docx
B	papers/source_docx/PAPER_SUN_canonical_su_n_wilson_theory_full_derivations.docx	PAPER_SUN_canonical_su_n_wilson_theory_full_derivations.docx
B	papers/source_docx/PAPER_SU3_exact_fourth_order_coefficient_su_alt3_t.docx	PAPER_SU3_exact_fourth_order_coefficient_su_alt3_t.docx
B	papers/source_docx/PAPER_SUN_su_n_homological_flat_bands_rank_cubic.docx	PAPER_SUN_su_n_homological_flat_bands_rank_cubic.docx
B	programs/hodge_haar_krylov/NB_HAAR_hodge_anchored_graph_krylov_production_v1.ipynb	NB_HAAR_hodge_anchored_graph_krylov_production_v1.ipynb
B	programs/hodge_haar_krylov/NB_HAAR_hodge_glueball_feshbach_krylov_production_v2.ipynb	NB_HAAR_hodge_glueball_feshbach_krylov_production_v2.ipynb
B	programs/hodge_haar_krylov/ENGINE_HAAR_hodge_glueball_globalq_vacuum_character_v8.py	ENGINE_HAAR_hodge_glueball_globalq_vacuum_character_v8.py
B	programs/hodge_haar_krylov/NB_HAAR_hodge_electric_resolvent_v06c_alt.ipynb	NB_HAAR_hodge_electric_resolvent_v06c_alt.ipynb
B	programs/hodge_haar_krylov/NB_HAAR_hodge_electric_resolvent_v06c.ipynb	NB_HAAR_hodge_electric_resolvent_v06c.ipynb
B	programs/hodge_haar_krylov/NB_HAAR_hodge_explicit_intertwiner_v04.ipynb	NB_HAAR_hodge_explicit_intertwiner_v04.ipynb
B	programs/hodge_haar_krylov/NB_HAAR_hodge_mixed_determinant_v05c.ipynb	NB_HAAR_hodge_mixed_determinant_v05c.ipynb
B	programs/hodge_haar_krylov/NB_HAAR_hodge_mass_string_globalq_krylov_v5_a100.ipynb	NB_HAAR_hodge_mass_string_globalq_krylov_v5_a100.ipynb
B	programs/hodge_haar_krylov/ENGINE_HAAR_hodge_mass_string_linked_cubic_v9.py	ENGINE_HAAR_hodge_mass_string_linked_cubic_v9.py
B	programs/hodge_haar_krylov/ENGINE_HAAR_hodge_mass_string_linked_cubic_v9_1.py	ENGINE_HAAR_hodge_mass_string_linked_cubic_v9_1.py
B	programs/hodge_haar_krylov/NB_HAAR_hodge_mass_string_nestedq_moment_v7_a100.ipynb	NB_HAAR_hodge_mass_string_nestedq_moment_v7_a100.ipynb
B	programs/hodge_haar_krylov/NB_HAAR_hodge_mass_string_nestedq_moment_v7_a100.ipynb	NB_HAAR_hodge_mass_string_nestedq_moment_v7_a100.ipynb
B	programs/hodge_haar_krylov/NB_HAAR_hodge_electric_resolvent_engine_v0_6.ipynb	NB_HAAR_hodge_electric_resolvent_engine_v0_6.ipynb
B	programs/hodge_o4_adjudication/data/CERT_O4_next14.json	CERT_O4_next14.json
B	programs/hodge_o4_adjudication/notebooks/NB_O4_hodge_rootface_occurrence_preflight_colab.ipynb	NB_O4_hodge_rootface_occurrence_preflight_colab.ipynb
B	programs/hodge_o4_adjudication/notebooks/NB_O4_hodge_su3_exact_markedcluster_m4_colab.ipynb	NB_O4_hodge_su3_exact_markedcluster_m4_colab.ipynb
B	programs/hodge_o4_adjudication/notebooks/NB_O4_hodge_v10a18_arithmetic_geometry_prime_provenance.ipynb	NB_O4_hodge_v10a18_arithmetic_geometry_prime_provenance.ipynb
B	programs/hodge_o4_adjudication/notebooks/NB_O4_hodge_v10a20b_denominatorlift_exact_da_m4_a100.ipynb	NB_O4_hodge_v10a20b_denominatorlift_exact_da_m4_a100.ipynb
B	programs/hodge_o4_adjudication/notebooks/NB_O4_hodge_v10a20b_resume_after_heapq_failure.ipynb	NB_O4_hodge_v10a20b_resume_after_heapq_failure.ipynb
B	programs/hodge_o4_adjudication/notebooks/NB_O4_hodge_v10a20_denominatorlift_exact_da_m4_a100.ipynb	NB_O4_hodge_v10a20_denominatorlift_exact_da_m4_a100.ipynb
B	programs/hodge_o4_adjudication/notebooks/NB_O4_hodge_v10a21r_adjudicator_only_same_kernel.ipynb	NB_O4_hodge_v10a21r_adjudicator_only_same_kernel.ipynb
B	programs/hodge_o4_adjudication/notebooks/NB_O4_hodge_v10a21_exact_rooted_cluster_adjudicator_a100.ipynb	NB_O4_hodge_v10a21_exact_rooted_cluster_adjudicator_a100.ipynb
B	programs/hodge_o4_adjudication/notebooks/NB_O4_hodge_v10a22_independent_finitecluster_oracle_a100.ipynb	NB_O4_hodge_v10a22_independent_finitecluster_oracle_a100.ipynb
B	programs/hodge_o4_adjudication/notebooks/NB_O4_hodge_v10a23_dualcoldoracle_fullt1_a100.ipynb	NB_O4_hodge_v10a23_dualcoldoracle_fullt1_a100.ipynb
B	programs/hodge_o4_adjudication/notebooks/NB_O4_hodge_v10a23_fullt1_operatorfold_k4_a100.ipynb	NB_O4_hodge_v10a23_fullt1_operatorfold_k4_a100.ipynb
B	programs/hodge_o4_adjudication/notebooks/NB_O4_hodge_v10a24b_resume_after_d_interrupt_same.ipynb	NB_O4_hodge_v10a24b_resume_after_d_interrupt_same.ipynb
B	programs/hodge_o4_adjudication/notebooks/NB_O4_hodge_v10a24b_rootedfullt1_dualcoldoracle_a100.ipynb	NB_O4_hodge_v10a24b_rootedfullt1_dualcoldoracle_a100.ipynb
B	programs/hodge_o4_adjudication/notebooks/NB_O4_hodge_v10a24c_production_no_watchdog_a100.ipynb	NB_O4_hodge_v10a24c_production_no_watchdog_a100.ipynb
B	programs/hodge_o4_adjudication/notebooks/NB_O4_hodge_v10a24c_rootedfullt1_dualcoldoracle_a100.ipynb	NB_O4_hodge_v10a24c_rootedfullt1_dualcoldoracle_a100.ipynb
B	programs/hodge_o4_adjudication/notebooks/NB_O4_hodge_v10a24c_section15_reduced_gpu_benchmark_fresh.ipynb	NB_O4_hodge_v10a24c_section15_reduced_gpu_benchmark_fresh.ipynb
B	programs/hodge_o4_adjudication/notebooks/NB_O4_hodge_v10a24_rootedfullt1_dualcoldoracle_a100.ipynb	NB_O4_hodge_v10a24_rootedfullt1_dualcoldoracle_a100.ipynb
B	programs/hodge_o4_adjudication/notebooks/NB_O4_hodge_v10a25_hamer_gelfand_a100.ipynb	NB_O4_hodge_v10a25_hamer_gelfand_a100.ipynb
B	programs/hodge_o4_adjudication/notebooks/NB_O4_hodge_v10a26_factor52complete_exactsw_rootedoracle_a100_alt2.ipynb	NB_O4_hodge_v10a26_factor52complete_exactsw_rootedoracle_a100_alt2.ipynb
B	programs/hodge_o4_adjudication/notebooks/NB_O4_hodge_v10a26_factor52complete_exactsw_rootedoracle_a100.ipynb	NB_O4_hodge_v10a26_factor52complete_exactsw_rootedoracle_a100.ipynb
B	programs/hodge_o4_adjudication/notebooks/NB_O4_hodge_v10a29b_m5_first_no_m4_rerun.ipynb	NB_O4_hodge_v10a29b_m5_first_no_m4_rerun.ipynb
B	programs/hodge_o4_adjudication/notebooks/NB_O4_hodge_v10a29_blind_m5_m7_a100_runner.ipynb	NB_O4_hodge_v10a29_blind_m5_m7_a100_runner.ipynb
B	programs/hodge_o4_adjudication/notebooks/NB_O4_hodge_v10a2_fullt1_k2_q2_frontier_a100.ipynb	NB_O4_hodge_v10a2_fullt1_k2_q2_frontier_a100.ipynb
B	programs/hodge_o4_adjudication/notebooks/NB_O4_hodge_v10a2_fullt1_k2_q2_frontier_a100.ipynb	NB_O4_hodge_v10a2_fullt1_k2_q2_frontier_a100.ipynb
B	programs/hodge_o4_adjudication/notebooks/NB_O4_hodge_v10a30_m5_first_no_m4_rerun.ipynb	NB_O4_hodge_v10a30_m5_first_no_m4_rerun.ipynb
B	programs/hodge_o4_adjudication/notebooks/NB_O4_hodge_v10a31_m5_m7_math_only_a100.ipynb	NB_O4_hodge_v10a31_m5_m7_math_only_a100.ipynb
B	programs/hodge_o4_adjudication/notebooks/NB_O4_hodge_v10a31_m5_only_no_m4_anything.ipynb	NB_O4_hodge_v10a31_m5_only_no_m4_anything.ipynb
B	programs/hodge_o4_adjudication/notebooks/NB_O4_hodge_v10a32_m5_only_canonicalprovider_no_m4.ipynb	NB_O4_hodge_v10a32_m5_only_canonicalprovider_no_m4.ipynb
B	programs/hodge_o4_adjudication/notebooks/NB_O4_hodge_v10a7_marked_linked_scalar_colab.ipynb	NB_O4_hodge_v10a7_marked_linked_scalar_colab.ipynb
B	programs/hodge_o4_adjudication/notebooks/NB_Y4_hodge_canonical_o4_production_colab.ipynb	NB_Y4_hodge_canonical_o4_production_colab.ipynb
B	programs/hodge_o4_adjudication/src/CERT_O4_hodge_fullt1_occurrence_preflight.json	CERT_O4_hodge_fullt1_occurrence_preflight.json
B	programs/hodge_o4_adjudication/src/ENGINE_O4_hodge_rootface_occurrence_preflight_colab.py	ENGINE_O4_hodge_rootface_occurrence_preflight_colab.py
B	programs/hodge_o4_adjudication/src/ENGINE_O4_hodge_rootonly_firewall_v1.py	ENGINE_O4_hodge_rootonly_firewall_v1.py
B	programs/hodge_o4_adjudication/src/ENGINE_O4_hodge_v10a21r_adjudicator_only_same_kernel.py	ENGINE_O4_hodge_v10a21r_adjudicator_only_same_kernel.py
B	programs/hodge_o4_adjudication/src/ENGINE_O4_hodge_v10a24c_rootedfullt1_dualcoldoracle_a100.py	ENGINE_O4_hodge_v10a24c_rootedfullt1_dualcoldoracle_a100.py
B	programs/hodge_o4_adjudication/src/ENGINE_O4_hodge_v10a27_m5_m7_frontier_extension_a100.py	ENGINE_O4_hodge_v10a27_m5_m7_frontier_extension_a100.py
B	programs/hodge_o4_adjudication/src/ENGINE_O4_hodge_v10a28_orderaware_gram_firewall_a100.py	ENGINE_O4_hodge_v10a28_orderaware_gram_firewall_a100.py
B	programs/hodge_o4_adjudication/src/ENGINE_O4_hodge_v10a3_physicalq2_order4_certificate.py	ENGINE_O4_hodge_v10a3_physicalq2_order4_certificate.py
B	programs/hodge_o4_adjudication/src/ENGINE_O4_hodge_v10a3_physicalq2_order4_firewall_a100.py	ENGINE_O4_hodge_v10a3_physicalq2_order4_firewall_a100.py
B	programs/hodge_o4_adjudication/src/ENGINE_O4_hodge_v10a6_gamma_q1_zero_scalar_ledger.py	ENGINE_O4_hodge_v10a6_gamma_q1_zero_scalar_ledger.py
B	programs/hodge_o4_adjudication/src/ENGINE_O4_hodge_v10a7_marked_linked_scalar.py	ENGINE_O4_hodge_v10a7_marked_linked_scalar.py
B	programs/hodge_o4_adjudication/src/ENGINE_O4_hodge_v10a_physicalq_certificate.py	ENGINE_O4_hodge_v10a_physicalq_certificate.py
B	programs/hodge_o4_adjudication/src/ENGINE_Y4_hodge_canonical_o4_production_colab.py	ENGINE_Y4_hodge_canonical_o4_production_colab.py
B	programs/hodge_o4_adjudication/src/ENGINE_O4_test_hodge_orderschedule_occurrence_preflight_cpu.py	ENGINE_O4_test_hodge_orderschedule_occurrence_preflight_cpu.py
B	programs/hodge_o4_adjudication/src/test_ENGINE_O4_hodge_rootface_occurrence_preflight_colab.py	ENGINE_O4_test_hodge_rootface_occurrence_preflight_colab.py
B	programs/hodge_o4_adjudication/src/ENGINE_O4_test_hodge_su3_exact_markedcluster_m4_colab.py	ENGINE_O4_test_hodge_su3_exact_markedcluster_m4_colab.py
B	programs/hodge_o4_adjudication/src/test_ENGINE_Y4_hodge_canonical_o4_production_colab.py	ENGINE_Y4_test_hodge_canonical_o4_production_colab.py
B	programs/one_plaquette/ENGINE_FLUX_cls_flat_band_certificate.py	ENGINE_FLUX_cls_flat_band_certificate.py
B	programs/one_plaquette/ENGINE_FLUX_cls_flat_band_certificate_v1_1.py	ENGINE_FLUX_cls_flat_band_certificate_v1_1.py
B	programs/one_plaquette/NB_FLUX_flat_band_checks_fixed.ipynb	NB_FLUX_flat_band_checks_fixed.ipynb
B	programs/one_plaquette/ENGINE_FLUX_glueball_band_certificate.py	ENGINE_FLUX_glueball_band_certificate.py
B	programs/one_plaquette/ENGINE_FLUX_glueball_band_certificate_v2.py	ENGINE_FLUX_glueball_band_certificate_v2.py
B	programs/one_plaquette/ENGINE_FLUX_master_v2_regression_certificate.py	ENGINE_FLUX_master_v2_regression_certificate.py
B	programs/one_plaquette/ENGINE_SUN_codd_local_gap_exact.py	ENGINE_SUN_codd_local_gap_exact.py
B	programs/one_plaquette/NB_RCAP_wilson_su3_rare_defect_peierls_probe_v2.ipynb	NB_RCAP_wilson_su3_rare_defect_peierls_probe_v2.ipynb
B	programs/one_plaquette/glueball_mass_prediction/MAN_SUN_md5sums.txt	MAN_FLUX_md5sums.txt
B	programs/one_plaquette/lattice_glueball_data/DATA_FLUX_at_continuum_spectrum.csv	DATA_FLUX_at_continuum_spectrum.csv
B	programs/one_plaquette/lattice_glueball_data/DATA_FLUX_glueball_lattice.xlsx	DATA_FLUX_glueball_lattice.xlsx
B	programs/one_plaquette/lattice_glueball_data/DATA_FLUX_glueball_lattice_v2.xlsx	DATA_FLUX_glueball_lattice_v2.xlsx
B	programs/one_plaquette/lattice_glueball_data/DATA_FLUX_glueball_masses.csv	DATA_FLUX_glueball_masses.csv
B	programs/one_plaquette/lattice_glueball_data/CERT_FLUX_glueball_masses.json	CERT_FLUX_glueball_masses.json
B	programs/one_plaquette/lattice_glueball_data/ENGINE_FLUX_lattice_onset_homology.py	ENGINE_FLUX_lattice_onset_homology.py
B	programs/one_plaquette/lattice_glueball_data/ENGINE_SUN_realworld_predictions.py	ENGINE_SUN_realworld_predictions.py
B	programs/one_plaquette/lattice_glueball_data/ENGINE_SUN_verify.py	ENGINE_SUN_verify.py
B	programs/one_plaquette/lattice_glueball_data/DATA_Y4_1pm_band_structure.png	DATA_Y4_1pm_band_structure.png
B	programs/one_plaquette/lattice_glueball_data/ENGINE_Y4_band_structure.py	ENGINE_Y4_band_structure.py
B	programs/one_plaquette/lattice_glueball_data/~$DATA_FLUX_glueball_lattice.xlsx	DATA_FLUX_glueball_lattice.xlsx
B	programs/one_plaquette/shell6_o2/ENGINE_SHELL6_corner_probe.py	ENGINE_SHELL6_corner_probe.py
B	programs/one_plaquette/shell6_o2/ENGINE_SHELL6_link_calculus_validate.py	ENGINE_SHELL6_link_calculus_validate.py
B	programs/one_plaquette/shell6_o2/ENGINE_SHELL6_link_o2.py	ENGINE_SHELL6_link_o2.py
B	programs/one_plaquette/shell6_o2/ENGINE_SHELL6_certify.py	ENGINE_SHELL6_certify.py
B	programs/one_plaquette/shell6_o2/ENGINE_SHELL6_item.py	ENGINE_SHELL6_item.py
B	programs/one_plaquette/shell6_o2/ENGINE_SHELL6_final4.py	ENGINE_SHELL6_final4.py
B	programs/one_plaquette/shell6_o2/ENGINE_SHELL6_firstorder_corrected.py	ENGINE_SHELL6_firstorder_corrected.py
B	programs/one_plaquette/shell6_o2/ENGINE_SHELL6_haar_loops.py	ENGINE_SHELL6_haar_loops.py
B	programs/one_plaquette/shell6_o2/ENGINE_SHELL6_o2_compute.py	ENGINE_SHELL6_o2_compute.py
B	programs/one_plaquette/shell6_o2/ENGINE_SHELL6_o2.py	ENGINE_SHELL6_o2.py
B	programs/one_plaquette/shell6_o2/ENGINE_SHELL6_o2_skeleton.py	ENGINE_SHELL6_o2_skeleton.py
B	programs/one_plaquette/shell6_o2/ENGINE_SHELL6_orbit1.py	ENGINE_SHELL6_orbit1.py
B	programs/one_plaquette/shell6_o2/RUN_SHELL6_item.py	RUN_SHELL6_item.py
B	programs/one_plaquette/shell6_o2/ENGINE_SHELL6_run2.py	ENGINE_SHELL6_run2.py
B	programs/one_plaquette/shell6_o2/v2_authoritative/MAN_SUN_md5sums.txt	MAN_SHELL6_md5sums.txt
B	programs/one_plaquette/shell6_o2/v2_authoritative/ENGINE_STRING_reproduce.sh	ENGINE_SHELL6_reproduce.sh
B	programs/one_plaquette/shell6_o2/v2_authoritative/ENGINE_SHELL6_exact_channels_shell46_coupling_v2.py	ENGINE_SHELL6_exact_channels_shell46_coupling_v2.py
B	programs/one_plaquette/shell6_o2/v2_authoritative/CERT_SHELL6_o2_exact_channel_certificate_v2.json	CERT_SHELL6_o2_exact_channel_certificate_v2.json
B	programs/one_plaquette/shell6_o2/v2_authoritative/CERT_SHELL6_o2_matrix_v2.json	CERT_SHELL6_o2_matrix_v2.json
B	programs/one_plaquette/shell6_o2/v2_authoritative/CERT_SHELL6_o2_representatives_v2.json	CERT_SHELL6_o2_representatives_v2.json
B	programs/one_plaquette/shell6_o2/v2_authoritative/ENGINE_SHELL6_o2_symmetry_reduced_v2.py	ENGINE_SHELL6_o2_symmetry_reduced_v2.py
B	programs/one_plaquette/shell6_o2/v2_authoritative/ENGINE_SHELL6_verify_release.py	ENGINE_SHELL6_verify_release.py
B	programs/one_plaquette/su3_o5_consolidated_y6/MAN_SUN_md5sums.txt	MAN_SU3_md5sums.txt
B	programs/one_plaquette/su3_o5_consolidated_y6/CERT_SU3_o5_consolidated_certificate.json	CERT_SU3_o5_consolidated_certificate.json
B	programs/one_plaquette/su3_o5_consolidated_y6/RUN_SU3_verify_o5_consolidated.log	RUN_SU3_verify_o5_consolidated.log
B	programs/one_plaquette/su3_o5_consolidated_y6/ENGINE_SU3_verify_o5_consolidated.py	ENGINE_SU3_verify_o5_consolidated.py
B	programs/one_plaquette/su3_o5_consolidated_y6/RUN_Y6_folded_descloizeaux_preflight.log	RUN_Y6_folded_descloizeaux_preflight.log
B	programs/one_plaquette/su3_o5_consolidated_y6/ENGINE_Y6_folded_descloizeaux_preflight.py	ENGINE_Y6_folded_descloizeaux_preflight.py
B	programs/one_plaquette/su3_o5_consolidated_y6/CERT_Y6_folded_descloizeaux_preflight_certificate.json	CERT_Y6_folded_descloizeaux_preflight_certificate.json
B	programs/one_plaquette/su3_o5_consolidated_y6/RUN_Y6_local_fusion_path_preflight.log	RUN_Y6_local_fusion_path_preflight.log
B	programs/one_plaquette/su3_o5_consolidated_y6/ENGINE_Y6_local_fusion_path_preflight.py	ENGINE_Y6_local_fusion_path_preflight.py
B	programs/one_plaquette/su3_o5_consolidated_y6/CERT_Y6_local_fusion_path_preflight_certificate.json	CERT_Y6_local_fusion_path_preflight_certificate.json
B	programs/one_plaquette/su3_o5_consolidated_y6/sources/CERT_STRING_su3_tension_o4_certificate_normalized_v2.json	CERT_STRING_su3_tension_o4_certificate_normalized_v2.json
B	programs/one_plaquette/su3_o5_consolidated_y6/sources/CERT_Y5_su3_fifth_order_certificate.json	CERT_Y5_su3_fifth_order_certificate.json
B	programs/one_plaquette/su3_string_tension/MAN_SUN_md5sums.txt	MAN_STRING_md5sums.txt
B	programs/one_plaquette/su3_string_tension/RUN_STRING_physical_verify_coldrun.log	RUN_STRING_physical_verify_coldrun.log
B	programs/one_plaquette/su3_string_tension/ENGINE_STRING_reproduce.sh	ENGINE_STRING_reproduce.sh
B	programs/one_plaquette/su3_string_tension/CERT_STRING_su3_tension_physical_o6_certificate.json	CERT_STRING_su3_tension_physical_o6_certificate.json
B	programs/one_plaquette/su3_string_tension/src/ENGINE_STRING_canonicalize_logs.py	ENGINE_STRING_canonicalize_logs.py
B	programs/one_plaquette/su3_string_tension/src/ENGINE_STRING_canonicalize_raw_outputs.py	ENGINE_STRING_canonicalize_raw_outputs.py
B	programs/one_plaquette/su3_string_tension/src/ENGINE_STRING_make_manifest.py	ENGINE_STRING_make_manifest.py
B	programs/one_plaquette/su3_string_tension/src/ENGINE_STRING_su3_tension_local.py	ENGINE_STRING_su3_tension_local.py
B	programs/one_plaquette/su3_string_tension/src/ENGINE_STRING_su3_tension_physical_verify.py	ENGINE_STRING_su3_tension_physical_verify.py
B	programs/one_plaquette/su3_string_tension/src/ENGINE_STRING_su3_tension_sigma4.py	ENGINE_STRING_su3_tension_sigma4.py
B	programs/one_plaquette/su3_string_tension/src/ENGINE_STRING_su3_tension_support_scan.py	ENGINE_STRING_su3_tension_support_scan.py
B	programs/one_plaquette/su3_string_tension_native_o5/ft2.py	ENGINE_STRING_ft2.py
B	programs/one_plaquette/su3_string_tension_native_o5/ENGINE_STRING_ftmod.py	ENGINE_STRING_ftmod.py
B	programs/one_plaquette/su3_string_tension_native_o5/ftw.py	ENGINE_STRING_ftw.py
B	programs/one_plaquette/su3_string_tension_native_o5/MAN_SUN_md5sums.txt	MAN_STRING_md5sums.txt
B	programs/one_plaquette/su3_string_tension_native_o5/CERT_STRING_native_o5_tension_certificate.json	CERT_STRING_native_o5_tension_certificate.json
B	programs/one_plaquette/su3_string_tension_native_o5/CERT_STRING_sigma5_exact_certificate.json	CERT_STRING_sigma5_exact_certificate.json
B	programs/one_plaquette/su3_string_tension_native_o5/ENGINE_STRING_sigma5_full_certificate.py	ENGINE_STRING_sigma5_full_certificate.py
B	programs/one_plaquette/su3_string_tension_native_o5/ENGINE_STRING_sigma5_gate_certificate.py	ENGINE_STRING_sigma5_gate_certificate.py
B	programs/one_plaquette/su3_string_tension_native_o5/ENGINE_STRING_sigma5_reconstruct.py	ENGINE_STRING_sigma5_reconstruct.py
B	programs/one_plaquette/su3_string_tension_native_o5/ENGINE_STRING_su3lib.py	ENGINE_STRING_su3lib.py
B	programs/one_plaquette/su3_string_tension_native_o5/ENGINE_STRING_su3_torelon.py	ENGINE_STRING_su3_torelon.py
B	programs/one_plaquette/su3_y5_fifth_order/MAN_SUN_md5sums.txt	MAN_Y5_md5sums.txt
B	programs/one_plaquette/su3_y5_fifth_order/CERT_Y5_su3_fifth_order_certificate.json	CERT_Y5_su3_fifth_order_certificate.json
B	programs/one_plaquette/su3_y5_fifth_order/ENGINE_Y5_verify_su3.py	ENGINE_Y5_verify_su3.py
B	programs/one_plaquette/su3_y5_fifth_order/RUN_Y5_verify_su3_bundle.log	RUN_Y5_verify_su3_bundle.log
B	programs/one_plaquette/su3_y5_fifth_order/ENGINE_Y5_verify_stage2_stage3g_span.py	ENGINE_Y5_verify_stage2_stage3g_span.py
B	programs/one_plaquette/su3_y5_fifth_order/CERT_Y5_summary.json	CERT_Y5_summary.json
B	programs/one_plaquette/su3_y5_fifth_order/CERT_Y5_stage0_summary.json	CERT_Y5_stage0_summary.json
B	programs/one_plaquette/su3_y5_fifth_order/CERT_Y5_stage2_summary.json	CERT_Y5_stage2_summary.json
B	programs/one_plaquette/su3_y5_fifth_order/CERT_Y5_stage3b_summary.json	CERT_Y5_stage3b_summary.json
B	programs/one_plaquette/su3_y5_fifth_order/CERT_Y5_stage3c_summary.json	CERT_Y5_stage3c_summary.json
B	programs/one_plaquette/su3_y5_fifth_order/CERT_Y5_stage3g_summary.json	CERT_Y5_stage3g_summary.json
B	programs/one_plaquette/su3_y6_m6/ENGINE_Y6_energy_validate.py	ENGINE_Y6_energy_validate.py
B	programs/one_plaquette/su3_y6_m6/ftw.py	ENGINE_Y6_ftw.py
B	programs/one_plaquette/su3_y6_m6/ENGINE_HAAR_validate.py	ENGINE_HAAR_validate.py
B	programs/one_plaquette/su3_y6_m6/CERT_HAAR_m6_compiler_certificate.json	CERT_HAAR_m6_compiler_certificate.json
B	programs/one_plaquette/su3_y6_m6/ENGINE_HAAR_m6_compiler_certificate.py	ENGINE_HAAR_m6_compiler_certificate.py
B	programs/one_plaquette/su3_y6_m6/ENGINE_Y6_m6_independent_fold_check.py	ENGINE_Y6_m6_independent_fold_check.py
B	programs/one_plaquette/su3_y6_m6/MAN_SUN_md5sums.txt	MAN_Y6_md5sums.txt
B	programs/one_plaquette/su3_y6_m6/MAN_Y6_md5sums_py.txt	MAN_Y6_md5sums_py.txt
B	programs/one_plaquette/su3_y6_m6/ENGINE_Y6_su3_local_channel_census.py	ENGINE_Y6_su3_local_channel_census.py
B	programs/one_plaquette/su3_y6_m6/NB_Y6_su3_m6_colab.ipynb	NB_Y6_su3_m6_colab.ipynb
B	programs/one_plaquette/su3_y6_m6/ENGINE_Y6_su3_m6_colab.py	ENGINE_Y6_su3_m6_colab.py
B	programs/one_plaquette/su3_y6_m6/ENGINE_Y6_su3_m6_pipeline.py	ENGINE_Y6_su3_m6_pipeline.py
B	programs/one_plaquette/su3_y6_m6/NB_Y6_su3_m6_pipeline_corrected.ipynb	NB_Y6_su3_m6_pipeline_corrected.ipynb
B	programs/one_plaquette/su3_y6_m6/ENGINE_Y6_su3_scalar_fold_formula.py	ENGINE_Y6_su3_scalar_fold_formula.py
B	programs/one_plaquette/su3_y6_m6/DATA_Y6_y4_reference_local_path_tensors.json.gz	DATA_Y6_y4_reference_local_path_tensors.json.gz
B	programs/one_plaquette/sun_band_shape/MAN_SUN_md5sums.txt	MAN_SUN_md5sums.txt
B	programs/one_plaquette/sun_band_shape/RUN_SUN_symbolic_result.txt	RUN_SUN_symbolic_result.txt
B	programs/one_plaquette/sun_band_shape/ENGINE_Y4_sun_all_n_ge3_band_shape_verify.py	ENGINE_Y4_sun_all_n_ge3_band_shape_verify.py
B	programs/one_plaquette/sun_band_shape/CERT_Y4_sun_all_n_ge_3_band_shape_2026-06-14.json	CERT_Y4_sun_all_n_ge_3_band_shape_2026-06-14.json
B	programs/one_plaquette/sun_band_shape/NOTE_Y4_sun_b_structured_expression.txt	NOTE_Y4_sun_b_structured_expression.txt
B	programs/one_plaquette/sun_band_shape/ENGINE_Y4_sun_largen_asymptotic_verify.py	ENGINE_Y4_sun_largen_asymptotic_verify.py
B	programs/one_plaquette/sun_band_shape/NOTE_Y4_sun_q_compact_z_formula.txt	NOTE_Y4_sun_q_compact_z_formula.txt
B	programs/one_plaquette/sun_band_shape/NOTE_Y4_sun_q_rational_expression.txt	NOTE_Y4_sun_q_rational_expression.txt
B	programs/one_plaquette/sun_band_shape/ENGINE_Y4_sun_symbolic_qab_verify.py	ENGINE_Y4_sun_symbolic_qab_verify.py
B	programs/one_plaquette/sun_band_shape/CERT_Y4_sun_walled_brauer_full_symbolic_certificate_2026-06-14.json	CERT_Y4_sun_walled_brauer_full_symbolic_certificate_2026-06-14.json
B	programs/one_plaquette/sun_band_shape/completion_2026-06-14/MAN_SUN_md5sums.txt	MAN_SUN_md5sums.txt
B	programs/one_plaquette/sun_band_shape/independent_rerun_kernels/CERT_Y4_sun_full_symbolic_independent_rerun_2026-06-14.json	CERT_Y4_sun_full_symbolic_independent_rerun_2026-06-14.json
B	programs/one_plaquette/sun_band_shape/independent_rerun_kernels/CERT_Y4_sun_walled_brauer_n10_rerun.json	CERT_Y4_sun_walled_brauer_n10_rerun.json
B	programs/one_plaquette/sun_band_shape/independent_rerun_kernels/CERT_Y4_sun_walled_brauer_n11_rerun.json	CERT_Y4_sun_walled_brauer_n11_rerun.json
B	programs/one_plaquette/sun_band_shape/independent_rerun_kernels/CERT_Y4_sun_walled_brauer_n12_rerun.json	CERT_Y4_sun_walled_brauer_n12_rerun.json
B	programs/one_plaquette/sun_band_shape/independent_rerun_kernels/CERT_Y4_sun_walled_brauer_n13_rerun.json	CERT_Y4_sun_walled_brauer_n13_rerun.json
B	programs/one_plaquette/sun_band_shape/independent_rerun_kernels/CERT_Y4_sun_walled_brauer_n14_rerun.json	CERT_Y4_sun_walled_brauer_n14_rerun.json
B	programs/one_plaquette/sun_band_shape/independent_rerun_kernels/CERT_Y4_sun_walled_brauer_n15_rerun.json	CERT_Y4_sun_walled_brauer_n15_rerun.json
B	programs/one_plaquette/sun_band_shape/independent_rerun_kernels/CERT_Y4_sun_walled_brauer_n16_rerun.json	CERT_Y4_sun_walled_brauer_n16_rerun.json
B	programs/one_plaquette/sun_band_shape/independent_rerun_kernels/CERT_Y4_sun_walled_brauer_n17_rerun.json	CERT_Y4_sun_walled_brauer_n17_rerun.json
B	programs/one_plaquette/sun_band_shape/independent_rerun_kernels/CERT_Y4_sun_walled_brauer_n18_rerun.json	CERT_Y4_sun_walled_brauer_n18_rerun.json
B	programs/one_plaquette/sun_band_shape/independent_rerun_kernels/CERT_Y4_sun_walled_brauer_n7_rerun.json	CERT_Y4_sun_walled_brauer_n7_rerun.json
B	programs/one_plaquette/sun_band_shape/independent_rerun_kernels/CERT_Y4_sun_walled_brauer_n8_rerun.json	CERT_Y4_sun_walled_brauer_n8_rerun.json
B	programs/one_plaquette/sun_band_shape/independent_rerun_kernels/CERT_Y4_sun_walled_brauer_n9_rerun.json	CERT_Y4_sun_walled_brauer_n9_rerun.json
B	programs/one_plaquette/tromino_o3/ENGINE_TROM_su3_moment_4_1.py	ENGINE_TROM_su3_moment_4_1.py
B	programs/one_plaquette/tromino_o3/ENGINE_TROM_su3_o3_tromino_weight_extractor_v1.py	ENGINE_TROM_su3_o3_tromino_weight_extractor_v1.py
B	programs/one_plaquette/tromino_o3/ENGINE_TROM_su3_o3_tromino_weight_extractor_v1_1.py	ENGINE_TROM_su3_o3_tromino_weight_extractor_v1_1.py
B	programs/one_plaquette/tromino_o3/ENGINE_TROM_tromino_candidate_closed_form_check.py	ENGINE_TROM_tromino_candidate_closed_form_check.py
B	programs/one_plaquette/tromino_o3/ENGINE_TROM_tromino_contract_independent_check.py	ENGINE_TROM_tromino_contract_independent_check.py
B	programs/one_plaquette/tromino_o3/ENGINE_TROM_tromino_o3_candidate_lift_diagnostic.py	ENGINE_TROM_tromino_o3_candidate_lift_diagnostic.py
B	programs/one_plaquette/tromino_o3/CERT_TROM_tromino_o3_su3_weight_cards.json	CERT_TROM_tromino_o3_su3_weight_cards.json
B	programs/one_plaquette/tromino_o3/ENGINE_TROM_tromino_o3_su3_weight_cards.py	ENGINE_TROM_tromino_o3_su3_weight_cards.py
B	programs/one_plaquette/tromino_o3/ENGINE_TROM_tromino_weight_constraint_certificate.py	ENGINE_TROM_tromino_weight_constraint_certificate.py
B	programs/one_plaquette/y4_o3_flatband_verification/AUDIT_Y4_curvature.log	AUDIT_Y4_curvature.log
B	programs/one_plaquette/y4_o3_flatband_verification/ENGINE_Y4_indep_cert_check.py	ENGINE_Y4_indep_cert_check.py
B	programs/one_plaquette/y4_o3_flatband_verification/ENGINE_Y4_rep_check.py	ENGINE_Y4_rep_check.py
B	programs/one_plaquette/y4_o3_flatband_verification/ENGINE_Y5_verify_oy5_numeric.py	ENGINE_Y5_verify_oy5_numeric.py
B	programs/one_plaquette/y4_o3_flatband_verification/NB_Y4_d3_vertex_singlet_dictionary_generator.ipynb	NB_Y4_d3_vertex_singlet_dictionary_generator.ipynb
B	programs/one_plaquette/y4_o3_flatband_verification/DATA_Y4_full_real_space_h4_kernel.json.gz	DATA_Y4_full_real_space_h4_kernel.json.gz
B	programs/one_plaquette/y4_o3_flatband_verification/ENGINE_Y4_global_band_edge_certificate.py	ENGINE_Y4_global_band_edge_certificate.py
B	programs/one_plaquette/y4_o3_flatband_verification/ENGINE_Y4_independent_verification.py	ENGINE_Y4_independent_verification.py
B	programs/one_plaquette/y4_o3_flatband_verification/CERT_Y4_stage3j_verdict.json	CERT_Y4_stage3j_verdict.json
B	programs/one_plaquette/y4_o3_flatband_verification/CERT_Y4_full_real_space_h4_kernel.json/CERT_Y4_full_real_space_h4_kernel.json	CERT_Y4_full_real_space_h4_kernel.json
B	programs/op1_defect_sparsity/PAPER_OP1_m5_deterministic_tier2_comparator_ceiling.docx	PAPER_OP1_m5_deterministic_tier2_comparator_ceiling.docx
B	programs/op1_defect_sparsity/farsource_gpu/CERT_OP1_defect_mass.json	CERT_OP1_defect_mass.json
B	programs/op1_defect_sparsity/farsource_gpu/ENGINE_OP1_defect_mass.py	ENGINE_OP1_defect_mass.py
B	programs/op1_defect_sparsity/farsource_gpu/ENGINE_OP1_defect_mass_gpu.py	ENGINE_OP1_defect_mass_gpu.py
B	programs/op1_defect_sparsity/farsource_gpu/ENGINE_OP1_farsource_jdecay.py	ENGINE_OP1_farsource_jdecay.py
B	programs/op1_defect_sparsity/farsource_gpu/ENGINE_OP1_farsource_jdecay_colab.py	ENGINE_OP1_farsource_jdecay_colab.py
B	programs/op1_defect_sparsity/farsource_gpu/CERT_OP1_farsource_jdecay_v2.json	CERT_OP1_farsource_jdecay_v2.json
B	programs/op1_defect_sparsity/farsource_gpu/ENGINE_OP1_farsource_jdecay_v2.py	ENGINE_OP1_farsource_jdecay_v2.py
B	programs/op1_defect_sparsity/za_cap_geometry/DATA_OP1_feasible_amp.png	DATA_OP1_feasible_amp.png
B	programs/op1_defect_sparsity/za_cap_geometry/CERT_OP1_feasible_l4.json	CERT_OP1_feasible_l4.json
B	programs/op1_defect_sparsity/za_cap_geometry/CERT_OP1_feasible_l8.json	CERT_OP1_feasible_l8.json
B	programs/op1_defect_sparsity/za_cap_geometry/CERT_OP1_lfull_l4.json	CERT_OP1_lfull_l4.json
B	programs/op1_defect_sparsity/za_cap_geometry/DATA_OP1_overlap_amp_vs_keff.png	DATA_OP1_overlap_amp_vs_keff.png
B	programs/op1_defect_sparsity/za_cap_geometry/CERT_OP1_overlap_l16.json	CERT_OP1_overlap_l16.json
B	programs/op1_defect_sparsity/za_cap_geometry/CERT_OP1_overlap_l4.json	CERT_OP1_overlap_l4.json
B	programs/op1_defect_sparsity/za_cap_geometry/CERT_OP1_overlap_l8.json	CERT_OP1_overlap_l8.json
B	programs/op1_defect_sparsity/za_cap_geometry/DATA_OP1_rooted_tilt_amp.png	DATA_OP1_rooted_tilt_amp.png
B	programs/op1_defect_sparsity/za_cap_geometry/CERT_OP1_rooted_tilt_l16.json	CERT_OP1_rooted_tilt_l16.json
B	programs/op1_defect_sparsity/za_cap_geometry/CERT_OP1_rooted_tilt_l4.json	CERT_OP1_rooted_tilt_l4.json
B	programs/op1_defect_sparsity/za_cap_geometry/CERT_OP1_rooted_tilt_l8.json	CERT_OP1_rooted_tilt_l8.json
B	programs/op1_defect_sparsity/za_cap_geometry/ENGINE_OP1_su2_hb_v2.py	ENGINE_OP1_su2_hb_v2.py
B	programs/op1_defect_sparsity/za_cap_geometry/ENGINE_OP1_su2_hb_vec.py	ENGINE_OP1_su2_hb_vec.py
B	programs/op1_defect_sparsity/za_cap_geometry/CERT_OP1_vsl_meta_l16.json	CERT_OP1_vsl_meta_l16.json
B	programs/op1_defect_sparsity/za_cap_geometry/CERT_OP1_vsl_meta_l8.json	CERT_OP1_vsl_meta_l8.json
B	programs/op1_defect_sparsity/za_cap_geometry/CERT_OP1_vsl_result_l16.json	CERT_OP1_vsl_result_l16.json
B	programs/op1_defect_sparsity/za_cap_geometry/CERT_OP1_vsl_result_l8.json	CERT_OP1_vsl_result_l8.json
B	programs/op1_defect_sparsity/za_cap_geometry/DATA_OP1_vsl_state_l16.npz	DATA_OP1_vsl_state_l16.npz
B	programs/op1_defect_sparsity/za_cap_geometry/DATA_OP1_vsl_state_l8.npz	DATA_OP1_vsl_state_l8.npz
B	programs/op1_defect_sparsity/za_cap_geometry/CERT_OP1_za_cap.json	CERT_OP1_za_cap.json
B	programs/op1_defect_sparsity/za_cap_geometry/ENGINE_OP1_za_cap_cert.py	ENGINE_OP1_za_cap_cert.py
B	programs/op1_defect_sparsity/za_cap_geometry/RUN_OP1_za_cert.py	RUN_OP1_za_cert.py
B	programs/op1_defect_sparsity/za_cap_geometry/ENGINE_OP1_za_cert_v2.py	ENGINE_OP1_za_cert_v2.py
B	programs/op1_defect_sparsity/za_cap_geometry/ENGINE_OP1_za_cert_v3.py	ENGINE_OP1_za_cert_v3.py
B	programs/op1_defect_sparsity/za_cap_geometry/ENGINE_OP1_za_cert_v4.py	ENGINE_OP1_za_cert_v4.py
B	programs/op1_defect_sparsity/za_cap_geometry/ENGINE_OP1_za_cert_v5.py	ENGINE_OP1_za_cert_v5.py
B	programs/op1_defect_sparsity/za_cap_geometry/CERT_OP1_za_dp_typicality.json	CERT_OP1_za_dp_typicality.json
B	programs/op1_defect_sparsity/za_cap_geometry/ENGINE_OP1_za_dp_typicality.py	ENGINE_OP1_za_dp_typicality.py
B	programs/op1_defect_sparsity/za_cap_geometry/ENGINE_OP1_za_dp_v2.py	ENGINE_OP1_za_dp_v2.py
B	programs/op1_defect_sparsity/za_cap_geometry/ENGINE_OP1_za_dp_v3.py	ENGINE_OP1_za_dp_v3.py
B	programs/op1_defect_sparsity/za_cap_geometry/ENGINE_OP1_za_dp_vsl.py	ENGINE_OP1_za_dp_vsl.py
B	programs/op1_defect_sparsity/za_cap_geometry/ENGINE_OP1_za_feasible_f043.py	ENGINE_OP1_za_feasible_f043.py
B	programs/op1_defect_sparsity/za_cap_geometry/ENGINE_OP1_za_lfull_f043.py	ENGINE_OP1_za_lfull_f043.py
B	programs/op1_defect_sparsity/za_cap_geometry/ENGINE_OP1_za_lfull_f043b.py	ENGINE_OP1_za_lfull_f043b.py
B	programs/op1_defect_sparsity/za_cap_geometry/CERT_OP1_za_multicap.json	CERT_OP1_za_multicap.json
B	programs/op1_defect_sparsity/za_cap_geometry/RUN_OP1_za_multicap.py	RUN_OP1_za_multicap.py
B	programs/op1_defect_sparsity/za_cap_geometry/ENGINE_OP1_za_multicap_v2.py	ENGINE_OP1_za_multicap_v2.py
B	programs/op1_defect_sparsity/za_cap_geometry/ENGINE_OP1_za_overlap_f042.py	ENGINE_OP1_za_overlap_f042.py
B	programs/op1_defect_sparsity/za_cap_geometry/ENGINE_OP1_za_rooted_tilt.py	ENGINE_OP1_za_rooted_tilt.py
B	programs/op1_defect_sparsity/za_cap_geometry/RUN_OP1_za_rooted_tilt.py	ENGINE_OP1_za_rooted_tilt.py
B	programs/op1_defect_sparsity/za_cap_geometry/ENGINE_OP1_za_rt_f041.py	ENGINE_OP1_za_rt_f041.py
B	programs/op1_defect_sparsity/za_cap_geometry/ENGINE_OP1_za_rt_f041b.py	ENGINE_OP1_za_rt_f041b.py
B	programs/pmbsf/DATA_PMBSF_cavity_ratio_by_distance.csv	DATA_PMBSF_cavity_ratio_by_distance.csv
B	programs/pmbsf/PAPER_PMBSF_master_one_plaquette_bridge.pdf	PAPER_PMBSF_master_one_plaquette_bridge.pdf
B	programs/pmbsf/ENGINE_PMBSF_su2_lemmaq_block_conditional.py	ENGINE_PMBSF_su2_lemmaq_block_conditional.py
B	programs/pmbsf/ENGINE_PMBSF_su2_lemmaq_exact_heatbath_side8.py	ENGINE_PMBSF_su2_lemmaq_exact_heatbath_side8.py
B	programs/pmbsf/ENGINE_PMBSF_su2_lemmaq_stageb_geometry.py	ENGINE_PMBSF_su2_lemmaq_stageb_geometry.py
B	programs/pmbsf/ENGINE_PMBSF_v17b_eta_extension_real.py	ENGINE_ENGINE_PMBSF_v17b_eta_extension_real.py
B	programs/pmbsf/ENGINE_PMBSF_v17b_eta_extension_working.py	ENGINE_PMBSF_v17b_eta_extension_working.py
B	programs/pmbsf/PAPER_PMBSF_v17_bs_smooth_source_connected_cumulants.pdf	PAPER_PMBSF_v17_bs_smooth_source_connected_cumulants.pdf
B	programs/pmbsf/rooted_DATA_PMBSF_cavity_ratio_by_distance.csv	DATA_PMBSF_rooted_DATA_PMBSF_cavity_ratio_by_distance.csv
B	programs/rooted_capacity_program/THM_RCAP_logical_status_theorem_map_alt.docx	THM_RCAP_logical_status_theorem_map_alt.docx
B	programs/rooted_capacity_program/PAPER_RCAP_rooted_projected_capacity_source_stability_alt.docx	PAPER_RCAP_rooted_projected_capacity_source_stability_alt.docx
B	programs/rooted_capacity_program/NOTE_RCAP_rooted_raw_extract.txt	NOTE_RCAP_rooted_raw_extract.txt
B	programs/rooted_capacity_program/PAPER_RCAP_su_alt3_three_term_local_gap_alt.docx	PAPER_RCAP_su_alt3_three_term_local_gap_alt.docx
B	programs/y4_allrank/data/CERT_Y4_exact_analytic_factorization_certificate.json	CERT_Y4_exact_analytic_factorization_certificate.json
B	programs/y4_allrank/data/AUDIT_Y4_independent.json	AUDIT_Y4_independent.json
B	programs/y4_allrank/data/CERT_Y4_global_band_edge_certificate.json	CERT_Y4_global_band_edge_certificate.json
B	programs/y4_allrank/data/AUDIT_Y4_local_execution_report_2026-06-13.txt	AUDIT_Y4_local_execution_report_2026-06-13.txt
B	programs/y4_allrank/data/CERT_Y4_required_30_fusion_edges.json	CERT_Y4_required_30_fusion_edges.json
B	programs/y4_allrank/data/MAN_Y4_sos_stage3g_target_manifest.json	MAN_Y4_sos_stage3g_target_manifest.json
B	programs/y4_allrank/data/AUDIT_Y4_sun_stable_stage1_independent_2026-06-14.json	AUDIT_Y4_sun_stable_stage1_independent_2026-06-14.json
B	programs/y4_allrank/data/CERT_Y4_sun_stable_stage1_summary_alt.json	CERT_Y4_sun_stable_stage1_summary_alt.json
B	programs/y4_allrank/data/CERT_Y4_sun_stable_stage1_summary.json	CERT_Y4_sun_stable_stage1_summary.json
B	programs/y4_allrank/data/CERT_Y4_sun_walled_brauer_full_symbolic_certificate_2026-06-14.json	CERT_Y4_sun_walled_brauer_full_symbolic_certificate_2026-06-14.json
B	programs/y4_allrank/src/NB_Y4_from_scratch_alt.ipynb	NB_Y4_from_scratch_alt.ipynb
B	programs/y4_allrank/src/NB_Y4_from_scratch.ipynb	NB_Y4_from_scratch.ipynb
B	programs/y4_allrank/src/NB_Y4_d3_vertex_singlet_dictionary_generator.ipynb	NB_Y4_d3_vertex_singlet_dictionary_generator.ipynb
B	programs/y4_allrank/src/ENGINE_Y4_exact_analytic_factorization_certificate.py	ENGINE_Y4_exact_analytic_factorization_certificate.py
B	programs/y4_allrank/src/NB_Y4_endgame_autobundle_alt.ipynb	NB_Y4_endgame_autobundle_alt.ipynb
B	programs/y4_allrank/src/NB_Y4_endgame_autobundle_alt2.ipynb	NB_Y4_endgame_autobundle_alt2.ipynb
B	programs/y4_allrank/src/NB_Y4_endgame_autobundle.ipynb	NB_Y4_endgame_autobundle.ipynb
B	programs/y4_allrank/src/NB_Y4_su4_exceptional_enumerator_v1.ipynb	NB_Y4_su4_exceptional_enumerator_v1.ipynb
B	programs/y4_allrank/src/NB_Y4_su4_hybrid_adapter_audit_v1.ipynb	NB_Y4_su4_hybrid_adapter_audit_v1.ipynb
B	programs/y4_allrank/src/NB_Y4_su4_local_algebra_v1.ipynb	NB_Y4_su4_local_algebra_v1.ipynb
B	programs/y4_allrank/src/ENGINE_Y4_su4_local_algebra_v1.py	ENGINE_Y4_su4_local_algebra_v1.py
B	programs/y4_allrank/src/NB_Y4_su4_persistent_pipeline_v1.ipynb	NB_Y4_su4_persistent_pipeline_v1.ipynb
B	programs/y4_allrank/src/ENGINE_Y4_su6_determinant.py	ENGINE_Y4_su6_determinant.py
B	programs/y4_allrank/src/NB_Y4_su6_determinant_stage0.ipynb	NB_Y4_su6_determinant_stage0.ipynb
B	programs/y4_allrank/src/NB_Y4_su6_determinant_stage0_v2.ipynb	NB_Y4_su6_determinant_stage0_v2.ipynb
B	programs/y4_allrank/src/ENGINE_Y4_su6_determinant_stage0_v2.py	ENGINE_Y4_su6_determinant_stage0_v2.py
B	programs/y4_allrank/src/ENGINE_Y4_su6_single_orbit_contraction_v1.py	ENGINE_Y4_su6_single_orbit_contraction_v1.py
B	programs/y4_allrank/src/ENGINE_Y4_su6_source_contract_v1.py	ENGINE_Y4_su6_source_contract_v1.py
B	programs/y4_allrank/src/ENGINE_Y4_su6_word_enumerator_v1.py	ENGINE_Y4_su6_word_enumerator_v1.py
B	programs/y4_allrank/src/ENGINE_Y4_sun_symbolic_qab_verify.py	ENGINE_Y4_sun_symbolic_qab_verify.py
C	CLAUDE.md	(exempt: root governance file)
C	DECISIONS.md	(exempt: root governance file)
C	INDEX.md	(exempt: root governance file)
C	NAMING_CONVENTION.md	(exempt: root governance file)
C	README.md	(exempt: structural name (README etc.) — tools depend on it)
C	SOURCES.md	(exempt: root governance file)
C	STATE.md	(exempt: root governance file)
C	archive/MAN_FLUX_manifest.md	(exempt: structural name (README etc.) — tools depend on it)
C	archive/README.md	(exempt: structural name (README etc.) — tools depend on it)
C	archive/bundles/README.md	(exempt: structural name (README etc.) — tools depend on it)
C	archive/bundles/pentagonal_verification_bundle/pentagonal_verification_bundle/audit_run.stderr.txt	(exempt: append-only history / hash-pinned authority)
C	archive/bundles/pentagonal_verification_bundle/pentagonal_verification_bundle/audit_run.stdout.txt	(exempt: append-only history / hash-pinned authority)
C	archive/bundles/pentagonal_verification_bundle/pentagonal_verification_bundle/h4_backend_required_schema.json	(exempt: append-only history / hash-pinned authority)
C	archive/bundles/pentagonal_verification_bundle/pentagonal_verification_bundle/h4_contract_negative_test.stderr.txt	(exempt: append-only history / hash-pinned authority)
C	archive/bundles/pentagonal_verification_bundle/pentagonal_verification_bundle/h4_contract_negative_test.stdout.txt	(exempt: append-only history / hash-pinned authority)
C	archive/bundles/pentagonal_verification_bundle/pentagonal_verification_bundle/h4_import_only_fixture.json	(exempt: append-only history / hash-pinned authority)
C	archive/bundles/pentagonal_verification_bundle/pentagonal_verification_bundle/h4_import_only_fixture_verification.json	(exempt: append-only history / hash-pinned authority)
C	archive/bundles/pentagonal_verification_bundle/pentagonal_verification_bundle/pentagonal_o4_reproducibility_audit.json	(exempt: append-only history / hash-pinned authority)
C	archive/bundles/pentagonal_verification_bundle/pentagonal_verification_bundle/pentagonal_o4_reproducibility_audit.py	(exempt: append-only history / hash-pinned authority)
C	archive/bundles/pentagonal_verification_bundle/pentagonal_verification_bundle/pentagonal_o4_reproducibility_audit.txt	(exempt: append-only history / hash-pinned authority)
C	archive/bundles/pentagonal_verification_bundle/pentagonal_verification_bundle/README.md	(exempt: structural name (README etc.) — tools depend on it)
C	archive/bundles/pentagonal_verification_bundle/pentagonal_verification_bundle/NOTE_MISC_requirements.txt	(exempt: structural name (README etc.) — tools depend on it)
C	archive/bundles/pentagonal_verification_bundle/pentagonal_verification_bundle/run_pentagonal_verification_suite.py	(exempt: append-only history / hash-pinned authority)
C	archive/bundles/pentagonal_verification_bundle/pentagonal_verification_bundle/suite_run.stderr.txt	(exempt: append-only history / hash-pinned authority)
C	archive/bundles/pentagonal_verification_bundle/pentagonal_verification_bundle/suite_run.stdout.txt	(exempt: append-only history / hash-pinned authority)
C	archive/bundles/pentagonal_verification_bundle/pentagonal_verification_bundle/verification_suite_manifest.json	(exempt: append-only history / hash-pinned authority)
C	archive/bundles/pentagonal_verification_bundle/pentagonal_verification_bundle/verification_suite_report.txt	(exempt: append-only history / hash-pinned authority)
C	archive/bundles/pentagonal_verification_bundle/pentagonal_verification_bundle/verify_h4_backend_contract.py	(exempt: append-only history / hash-pinned authority)
C	archive/bundles/pentagonal_verification_bundle/pentagonal_verification_bundle/source_snapshot/Pentagonal-Prism SU(3) Center-Assisted Fourth-Order Periodic Operator Theorem.txt	(exempt: append-only history / hash-pinned authority)
C	archive/bundles/pentagonal_verification_bundle/pentagonal_verification_bundle/source_snapshot/pentagonal_o4_independent_test.py	(exempt: append-only history / hash-pinned authority)
C	archive/bundles/pentagonal_verification_bundle/pentagonal_verification_bundle/source_snapshot/pentagonal_o4_independent_test_results.json	(exempt: append-only history / hash-pinned authority)
C	archive/bundles/pentagonal_verification_bundle/pentagonal_verification_bundle/source_snapshot/pentagonal_o4_independent_test_results.txt	(exempt: append-only history / hash-pinned authority)
C	archive/bundles/pentagonal_verification_bundle/pentagonal_verification_bundle/suite_logs/import_only_backend_rejection.stderr.txt	(exempt: append-only history / hash-pinned authority)
C	archive/bundles/pentagonal_verification_bundle/pentagonal_verification_bundle/suite_logs/import_only_backend_rejection.stdout.txt	(exempt: append-only history / hash-pinned authority)
C	archive/bundles/pentagonal_verification_bundle/pentagonal_verification_bundle/suite_logs/legacy_o4_audit.stderr.txt	(exempt: append-only history / hash-pinned authority)
C	archive/bundles/pentagonal_verification_bundle/pentagonal_verification_bundle/suite_logs/legacy_o4_audit.stdout.txt	(exempt: append-only history / hash-pinned authority)
C	archive/bundles/pentagonal_verification_bundle/pentagonal_verification_bundle/suite_logs/new_exact_audit.stderr.txt	(exempt: append-only history / hash-pinned authority)
C	archive/bundles/pentagonal_verification_bundle/pentagonal_verification_bundle/suite_logs/new_exact_audit.stdout.txt	(exempt: append-only history / hash-pinned authority)
C	archive/bundles/pentagonal_verification_bundle/pentagonal_verification_bundle/suite_logs/new_strict_audit.stderr.txt	(exempt: append-only history / hash-pinned authority)
C	archive/bundles/pentagonal_verification_bundle/pentagonal_verification_bundle/suite_logs/new_strict_audit.stdout.txt	(exempt: append-only history / hash-pinned authority)
C	archive/bundles/SU5_COMPLETE_FOURTH_ORDER_BUNDLE/SU5_COMPLETE_FOURTH_ORDER/q_z_polynomial_ledger.json	(exempt: append-only history / hash-pinned authority)
C	archive/bundles/SU5_COMPLETE_FOURTH_ORDER_BUNDLE/SU5_COMPLETE_FOURTH_ORDER/README.md	(exempt: structural name (README etc.) — tools depend on it)
C	archive/bundles/SU5_COMPLETE_FOURTH_ORDER_BUNDLE/SU5_COMPLETE_FOURTH_ORDER/SHA256SUMS.txt	(exempt: append-only history / hash-pinned authority)
C	archive/bundles/SU5_COMPLETE_FOURTH_ORDER_BUNDLE/SU5_COMPLETE_FOURTH_ORDER/SOURCE_PROVENANCE.json	(exempt: append-only history / hash-pinned authority)
C	archive/bundles/SU5_COMPLETE_FOURTH_ORDER_BUNDLE/SU5_COMPLETE_FOURTH_ORDER/stage0.py	(exempt: append-only history / hash-pinned authority)
C	archive/bundles/SU5_COMPLETE_FOURTH_ORDER_BUNDLE/SU5_COMPLETE_FOURTH_ORDER/SU5_BALANCED_N5_CERTIFICATE.json	(exempt: append-only history / hash-pinned authority)
C	archive/bundles/SU5_COMPLETE_FOURTH_ORDER_BUNDLE/SU5_COMPLETE_FOURTH_ORDER/SU5_COMPLETE_FOURTH_ORDER_CERTIFICATE.json	(exempt: append-only history / hash-pinned authority)
C	archive/bundles/SU5_COMPLETE_FOURTH_ORDER_BUNDLE/SU5_COMPLETE_FOURTH_ORDER/SU5_COMPLETE_FOURTH_ORDER_THEOREM.md	(exempt: append-only history / hash-pinned authority)
C	archive/bundles/SU5_COMPLETE_FOURTH_ORDER_BUNDLE/SU5_COMPLETE_FOURTH_ORDER/SU5_EXCEPTIONAL_MOD5_SCAN_CERTIFICATE.json	(exempt: append-only history / hash-pinned authority)
C	archive/bundles/SU5_COMPLETE_FOURTH_ORDER_BUNDLE/SU5_COMPLETE_FOURTH_ORDER/y4_connected_supports.json.gz	(exempt: append-only history / hash-pinned authority)
C	archive/bundles/SU5_COMPLETE_FOURTH_ORDER_BUNDLE/SU5_COMPLETE_FOURTH_ORDER/y4_extracted_sources.zip	(exempt: append-only history / hash-pinned authority)
C	archive/bundles/SU5_COMPLETE_FOURTH_ORDER_BUNDLE/SU5_COMPLETE_FOURTH_ORDER/y4_su5_full_kernel_189.json	(exempt: append-only history / hash-pinned authority)
C	archive/bundles/SU5_COMPLETE_FOURTH_ORDER_BUNDLE/SU5_COMPLETE_FOURTH_ORDER/NOTE_Y4_sun_b_structured_expression.txt	(exempt: append-only history / hash-pinned authority)
C	archive/bundles/SU5_COMPLETE_FOURTH_ORDER_BUNDLE/SU5_COMPLETE_FOURTH_ORDER/y4_sun_stable_ordered_words.json.gz	(exempt: append-only history / hash-pinned authority)
C	archive/bundles/SU5_COMPLETE_FOURTH_ORDER_BUNDLE/SU5_COMPLETE_FOURTH_ORDER/y4_sun_stable_rank_stage1.py	(exempt: append-only history / hash-pinned authority)
C	archive/bundles/SU5_COMPLETE_FOURTH_ORDER_BUNDLE/SU5_COMPLETE_FOURTH_ORDER/y4_sun_walled_brauer_fixed_rank.py	(exempt: append-only history / hash-pinned authority)
C	archive/bundles/SU5_COMPLETE_FOURTH_ORDER_BUNDLE/SU5_COMPLETE_FOURTH_ORDER/logs/01_mod5_scan.log	(exempt: append-only history / hash-pinned authority)
C	archive/bundles/SU5_COMPLETE_FOURTH_ORDER_BUNDLE/SU5_COMPLETE_FOURTH_ORDER/logs/02_balanced_N5.log	(exempt: append-only history / hash-pinned authority)
C	archive/bundles/SU5_COMPLETE_FOURTH_ORDER_BUNDLE/SU5_COMPLETE_FOURTH_ORDER/logs/03_finalize.log	(exempt: append-only history / hash-pinned authority)
C	archive/bundles/SU5_COMPLETE_FOURTH_ORDER_BUNDLE/SU5_COMPLETE_FOURTH_ORDER/logs/04_verify.log	(exempt: append-only history / hash-pinned authority)
C	archive/bundles/SU5_COMPLETE_FOURTH_ORDER_BUNDLE/SU5_COMPLETE_FOURTH_ORDER/sources/su5_stage_balanced.py	(exempt: append-only history / hash-pinned authority)
C	archive/bundles/SU5_COMPLETE_FOURTH_ORDER_BUNDLE/SU5_COMPLETE_FOURTH_ORDER/sources/su5_stage_finalize.py	(exempt: append-only history / hash-pinned authority)
C	archive/bundles/SU5_COMPLETE_FOURTH_ORDER_BUNDLE/SU5_COMPLETE_FOURTH_ORDER/sources/su5_stage_scan.py	(exempt: append-only history / hash-pinned authority)
C	archive/bundles/SU5_COMPLETE_FOURTH_ORDER_BUNDLE/SU5_COMPLETE_FOURTH_ORDER/sources/verify_su5_complete.py	(exempt: append-only history / hash-pinned authority)
C	archive/simulations/NB_SU3_15_cw_extractor_alt.ipynb	(exempt: append-only history / hash-pinned authority)
C	archive/simulations/15_CW_extractor.ipynb	(exempt: append-only history / hash-pinned authority)
C	archive/simulations/ENGINE_FLUX_cls_flat_band_certificate.py	(exempt: append-only history / hash-pinned authority)
C	archive/simulations/Copy of trg_ising_colab.ipynb	(exempt: append-only history / hash-pinned authority)
C	archive/simulations/Copy of Untitled176.ipynb	(exempt: append-only history / hash-pinned authority)
C	archive/simulations/Copy of Untitled178.ipynb	(exempt: append-only history / hash-pinned authority)
C	archive/simulations/Copy of Untitled29.ipynb	(exempt: append-only history / hash-pinned authority)
C	archive/simulations/Copy of Untitled76.ipynb	(exempt: append-only history / hash-pinned authority)
C	archive/simulations/Copy of Untitled89.ipynb	(exempt: append-only history / hash-pinned authority)
C	archive/simulations/Copy of Untitled90.ipynb	(exempt: append-only history / hash-pinned authority)
C	archive/simulations/Copy of Untitled92.ipynb	(exempt: append-only history / hash-pinned authority)
C	archive/simulations/FINDINGS_C1_feshbach_attempt.md	(exempt: append-only history / hash-pinned authority)
C	archive/simulations/folded5_derivation (1).py	(exempt: append-only history / hash-pinned authority)
C	archive/simulations/folded5_derivation.py	(exempt: append-only history / hash-pinned authority)
C	archive/simulations/GALAXY RUNS.ipynb	(exempt: append-only history / hash-pinned authority)
C	archive/simulations/gauge_theory_theta_scan(1).ipynb	(exempt: append-only history / hash-pinned authority)
C	archive/simulations/gauge_theory_trg_colab.ipynb	(exempt: append-only history / hash-pinned authority)
C	archive/simulations/ENGINE_FLUX_glueball_band_certificate.py	(exempt: append-only history / hash-pinned authority)
C	archive/simulations/ENGINE_FLUX_glueball_band_certificate_v2.py	(exempt: append-only history / hash-pinned authority)
C	archive/simulations/GOODRESULTS1.ipynb	(exempt: append-only history / hash-pinned authority)
C	archive/simulations/GOODRESULTS2.ipynb	(exempt: append-only history / hash-pinned authority)
C	archive/simulations/GOODRESULTS3.ipynb	(exempt: append-only history / hash-pinned authority)
C	archive/simulations/GOODRESULTS4.ipynb	(exempt: append-only history / hash-pinned authority)
C	archive/simulations/GOODRESULTS5.ipynb	(exempt: append-only history / hash-pinned authority)
C	archive/simulations/m3a_stage_c_exact_hb_lci_probe.py	(exempt: append-only history / hash-pinned authority)
C	archive/simulations/m3a_stage_d_cap_support_certificate_standalone.py	(exempt: append-only history / hash-pinned authority)
C	archive/simulations/m3a_stage_d_cap_support_certificate_standalone_v2.py	(exempt: append-only history / hash-pinned authority)
C	archive/simulations/m3a_stage_e_implication_geometry_standalone.py	(exempt: append-only history / hash-pinned authority)
C	archive/simulations/m3a_stage_f_escape_gap_certificate_standalone.py	(exempt: append-only history / hash-pinned authority)
C	archive/simulations/m3a_stage_f_escape_gap_certificate_standalone_v2.py	(exempt: append-only history / hash-pinned authority)
C	archive/simulations/m5_cform_full_channel_certificate_reconstructed.py	(exempt: append-only history / hash-pinned authority)
C	archive/simulations/m5_region_a_certificate_reconstructed.py	(exempt: append-only history / hash-pinned authority)
C	archive/simulations/ENGINE_FLUX_master_v2_regression_certificate.py	(exempt: append-only history / hash-pinned authority)
C	archive/simulations/NOTE_FLUX_novel_derivations.md	(exempt: append-only history / hash-pinned authority)
C	archive/simulations/Omega_Area_Law_A100.ipynb	(exempt: append-only history / hash-pinned authority)
C	archive/simulations/Phase2_Integration(1).ipynb	(exempt: append-only history / hash-pinned authority)
C	archive/simulations/PREREGISTRATION_mass_gap_connection.md	(exempt: append-only history / hash-pinned authority)
C	archive/simulations/PREREGISTRATION_v2_mass_gap_connection.md	(exempt: append-only history / hash-pinned authority)
C	archive/simulations/README.md	(exempt: structural name (README etc.) — tools depend on it)
C	archive/simulations/rooted_capacity_peierls_path.ipynb	(exempt: append-only history / hash-pinned authority)
C	archive/simulations/sc_extrap2.py	(exempt: append-only history / hash-pinned authority)
C	archive/simulations/shell6_first_order_codd_band.py	(exempt: append-only history / hash-pinned authority)
C	archive/simulations/ENGINE_FLUX_shell6_o2_engine2.py	(exempt: append-only history / hash-pinned authority)
C	archive/simulations/Step2 SigmaGeom A100.ipynb	(exempt: append-only history / hash-pinned authority)
C	archive/simulations/step3 3d su2 massgap.ipynb	(exempt: append-only history / hash-pinned authority)
C	archive/simulations/su2_4d_complete_FOURIER(1).ipynb	(exempt: append-only history / hash-pinned authority)
C	archive/simulations/su2_4d_complete_FOURIER.ipynb	(exempt: append-only history / hash-pinned authority)
C	archive/simulations/su2_4d_complete_standalone.ipynb	(exempt: append-only history / hash-pinned authority)
C	archive/simulations/su2_4d_complete_standalone_FIXED.ipynb	(exempt: append-only history / hash-pinned authority)
C	archive/simulations/su2_4d_JAX_PRODUCTION.ipynb	(exempt: append-only history / hash-pinned authority)
C	archive/simulations/SU2_4D_PHASE2_FINAL(1).ipynb	(exempt: append-only history / hash-pinned authority)
C	archive/simulations/SU2_4D_Phase2_FINAL_WORKING.ipynb	(exempt: append-only history / hash-pinned authority)
C	archive/simulations/SU2_4D_PHASE2_FIXED.ipynb	(exempt: append-only history / hash-pinned authority)
C	archive/simulations/SU2_4D_Phase2_qDeformed(1).ipynb	(exempt: append-only history / hash-pinned authority)
C	archive/simulations/SU2_4D_Phase2_qDeformed.ipynb	(exempt: append-only history / hash-pinned authority)
C	archive/simulations/SU2_4D_Phase2_WORKING(1).ipynb	(exempt: append-only history / hash-pinned authority)
C	archive/simulations/SU2_4D_PHASE2_WORKING.ipynb	(exempt: append-only history / hash-pinned authority)
C	archive/simulations/SU2_4D_Rank8_FINAL.ipynb	(exempt: append-only history / hash-pinned authority)
C	archive/simulations/SU2_4D_SELFCONTAINED.ipynb	(exempt: append-only history / hash-pinned authority)
C	archive/simulations/su2_gauge_theory_complete(1).ipynb	(exempt: append-only history / hash-pinned authority)
C	archive/simulations/SU3_d3_corrected_full_notebook.ipynb	(exempt: append-only history / hash-pinned authority)
C	archive/simulations/SU3_d3_corrected_full_notebook_EXECUTED.ipynb	(exempt: append-only history / hash-pinned authority)
C	archive/simulations/su3_domino_d3 (1).py	(exempt: append-only history / hash-pinned authority)
C	archive/simulations/ENGINE_FLUX_su3_domino_d3.py	(exempt: append-only history / hash-pinned authority)
C	archive/simulations/ENGINE_FLUX_su3_haar_tromino_primitives.py	(exempt: append-only history / hash-pinned authority)
C	archive/simulations/su3_moments_ext (1).py	(exempt: append-only history / hash-pinned authority)
C	archive/simulations/ENGINE_FLUX_su3_moments_ext.py	(exempt: append-only history / hash-pinned authority)
C	archive/simulations/ENGINE_TROM_su3_o3_tromino_weight_extractor_v1.py	(exempt: append-only history / hash-pinned authority)
C	archive/simulations/ENGINE_TROM_su3_o3_tromino_weight_extractor_v1_1.py	(exempt: append-only history / hash-pinned authority)
C	archive/simulations/ENGINE_SUN_realworld_predictions.py	(exempt: append-only history / hash-pinned authority)
C	archive/simulations/Theorem B Test v5 Hybrid(1).ipynb	(exempt: append-only history / hash-pinned authority)
C	archive/simulations/Theorem B Test v5 Hybrid.ipynb	(exempt: append-only history / hash-pinned authority)
C	archive/simulations/Theorem_B_Comprehensive_v6.ipynb	(exempt: append-only history / hash-pinned authority)
C	archive/simulations/Theorem_B_Test.ipynb	(exempt: append-only history / hash-pinned authority)
C	archive/simulations/Theorem_B_Test_GPU(1).ipynb	(exempt: append-only history / hash-pinned authority)
C	archive/simulations/Theorem_B_Test_v2.ipynb	(exempt: append-only history / hash-pinned authority)
C	archive/simulations/Theorem_B_Test_v4.ipynb	(exempt: append-only history / hash-pinned authority)
C	archive/simulations/Theorem_B_Test_v7.ipynb	(exempt: append-only history / hash-pinned authority)
C	archive/simulations/Theorem_B_v10.ipynb	(exempt: append-only history / hash-pinned authority)
C	archive/simulations/Theorem_B_v11(1).ipynb	(exempt: append-only history / hash-pinned authority)
C	archive/simulations/Theorem_B_v11(2).ipynb	(exempt: append-only history / hash-pinned authority)
C	archive/simulations/Theorem_B_v11(3).ipynb	(exempt: append-only history / hash-pinned authority)
C	archive/simulations/Theorem_B_v11.ipynb	(exempt: append-only history / hash-pinned authority)
C	archive/simulations/Theorem_B_v12(10).ipynb	(exempt: append-only history / hash-pinned authority)
C	archive/simulations/Theorem_B_v12(11).ipynb	(exempt: append-only history / hash-pinned authority)
C	archive/simulations/Theorem_B_v12(12).ipynb	(exempt: append-only history / hash-pinned authority)
C	archive/simulations/Theorem_B_v12(2).ipynb	(exempt: append-only history / hash-pinned authority)
C	archive/simulations/Theorem_B_v12(4).ipynb	(exempt: append-only history / hash-pinned authority)
C	archive/simulations/Theorem_B_v12(5).ipynb	(exempt: append-only history / hash-pinned authority)
C	archive/simulations/Theorem_B_v12(6).ipynb	(exempt: append-only history / hash-pinned authority)
C	archive/simulations/Theorem_B_v12(7).ipynb	(exempt: append-only history / hash-pinned authority)
C	archive/simulations/Theorem_B_v12(8).ipynb	(exempt: append-only history / hash-pinned authority)
C	archive/simulations/Theorem_B_v12(9)(1).ipynb	(exempt: append-only history / hash-pinned authority)
C	archive/simulations/Theorem_B_v12(9).ipynb	(exempt: append-only history / hash-pinned authority)
C	archive/simulations/Theorem_B_v12.ipynb	(exempt: append-only history / hash-pinned authority)
C	archive/simulations/Theorem_B_v12_10.ipynb	(exempt: append-only history / hash-pinned authority)
C	archive/simulations/Theorem_B_v12_11.ipynb	(exempt: append-only history / hash-pinned authority)
C	archive/simulations/Theorem_B_v12_14(1).ipynb	(exempt: append-only history / hash-pinned authority)
C	archive/simulations/Theorem_B_v12_14(5).ipynb	(exempt: append-only history / hash-pinned authority)
C	archive/simulations/Theorem_B_v12_15(1).ipynb	(exempt: append-only history / hash-pinned authority)
C	archive/simulations/Theorem_B_v12_16(1).ipynb	(exempt: append-only history / hash-pinned authority)
C	archive/simulations/Theorem_B_v12_16.ipynb	(exempt: append-only history / hash-pinned authority)
C	archive/simulations/Theorem_B_v12_5(1).ipynb	(exempt: append-only history / hash-pinned authority)
C	archive/simulations/Theorem_B_v12_6.ipynb	(exempt: append-only history / hash-pinned authority)
C	archive/simulations/Theorem_B_v12_7.ipynb	(exempt: append-only history / hash-pinned authority)
C	archive/simulations/Theorem_B_v12_8(1).ipynb	(exempt: append-only history / hash-pinned authority)
C	archive/simulations/Theorem_B_v12_9(1).ipynb	(exempt: append-only history / hash-pinned authority)
C	archive/simulations/Theorem_B_v12_9(2).ipynb	(exempt: append-only history / hash-pinned authority)
C	archive/simulations/Theorem_B_v12_9_80GB.ipynb	(exempt: append-only history / hash-pinned authority)
C	archive/simulations/Theorem_B_v13.ipynb	(exempt: append-only history / hash-pinned authority)
C	archive/simulations/Theorem_B_v15(4).ipynb	(exempt: append-only history / hash-pinned authority)
C	archive/simulations/Theorem_B_v7.ipynb	(exempt: append-only history / hash-pinned authority)
C	archive/simulations/Theorem_B_v9(1).ipynb	(exempt: append-only history / hash-pinned authority)
C	archive/simulations/trg_ising_colab.ipynb	(exempt: append-only history / hash-pinned authority)
C	archive/simulations/ENGINE_TROM_tromino_candidate_closed_form_check.py	(exempt: append-only history / hash-pinned authority)
C	archive/simulations/ENGINE_TROM_tromino_contract_independent_check.py	(exempt: append-only history / hash-pinned authority)
C	archive/simulations/ENGINE_TROM_tromino_o3_candidate_lift_diagnostic.py	(exempt: append-only history / hash-pinned authority)
C	archive/simulations/ENGINE_TROM_tromino_o3_su3_weight_cards.py	(exempt: append-only history / hash-pinned authority)
C	archive/simulations/ENGINE_TROM_tromino_weight_constraint_certificate.py	(exempt: append-only history / hash-pinned authority)
C	archive/simulations/Untitled10.ipynb	(exempt: append-only history / hash-pinned authority)
C	archive/simulations/Untitled100.ipynb	(exempt: append-only history / hash-pinned authority)
C	archive/simulations/Untitled101.ipynb	(exempt: append-only history / hash-pinned authority)
C	archive/simulations/Untitled102.ipynb	(exempt: append-only history / hash-pinned authority)
C	archive/simulations/Untitled103.ipynb	(exempt: append-only history / hash-pinned authority)
C	archive/simulations/Untitled104.ipynb	(exempt: append-only history / hash-pinned authority)
C	archive/simulations/Untitled105.ipynb	(exempt: append-only history / hash-pinned authority)
C	archive/simulations/Untitled106.ipynb	(exempt: append-only history / hash-pinned authority)
C	archive/simulations/Untitled107.ipynb	(exempt: append-only history / hash-pinned authority)
C	archive/simulations/Untitled108.ipynb	(exempt: append-only history / hash-pinned authority)
C	archive/simulations/Untitled109.ipynb	(exempt: append-only history / hash-pinned authority)
C	archive/simulations/Untitled11.ipynb	(exempt: append-only history / hash-pinned authority)
C	archive/simulations/Untitled110.ipynb	(exempt: append-only history / hash-pinned authority)
C	archive/simulations/Untitled111.ipynb	(exempt: append-only history / hash-pinned authority)
C	archive/simulations/Untitled112.ipynb	(exempt: append-only history / hash-pinned authority)
C	archive/simulations/Untitled113.ipynb	(exempt: append-only history / hash-pinned authority)
C	archive/simulations/Untitled114.ipynb	(exempt: append-only history / hash-pinned authority)
C	archive/simulations/Untitled115.ipynb	(exempt: append-only history / hash-pinned authority)
C	archive/simulations/Untitled116.ipynb	(exempt: append-only history / hash-pinned authority)
C	archive/simulations/Untitled117.ipynb	(exempt: append-only history / hash-pinned authority)
C	archive/simulations/Untitled118.ipynb	(exempt: append-only history / hash-pinned authority)
C	archive/simulations/Untitled119.ipynb	(exempt: append-only history / hash-pinned authority)
C	archive/simulations/Untitled12.ipynb	(exempt: append-only history / hash-pinned authority)
C	archive/simulations/Untitled120.ipynb	(exempt: append-only history / hash-pinned authority)
C	archive/simulations/Untitled121.ipynb	(exempt: append-only history / hash-pinned authority)
C	archive/simulations/Untitled122.ipynb	(exempt: append-only history / hash-pinned authority)
C	archive/simulations/Untitled123.ipynb	(exempt: append-only history / hash-pinned authority)
C	archive/simulations/Untitled124.ipynb	(exempt: append-only history / hash-pinned authority)
C	archive/simulations/Untitled125.ipynb	(exempt: append-only history / hash-pinned authority)
C	archive/simulations/Untitled126.ipynb	(exempt: append-only history / hash-pinned authority)
C	archive/simulations/Untitled127.ipynb	(exempt: append-only history / hash-pinned authority)
C	archive/simulations/Untitled128.ipynb	(exempt: append-only history / hash-pinned authority)
C	archive/simulations/Untitled129.ipynb	(exempt: append-only history / hash-pinned authority)
C	archive/simulations/Untitled13.ipynb	(exempt: append-only history / hash-pinned authority)
C	archive/simulations/Untitled130.ipynb	(exempt: append-only history / hash-pinned authority)
C	archive/simulations/Untitled131.ipynb	(exempt: append-only history / hash-pinned authority)
C	archive/simulations/Untitled132.ipynb	(exempt: append-only history / hash-pinned authority)
C	archive/simulations/Untitled133.ipynb	(exempt: append-only history / hash-pinned authority)
C	archive/simulations/Untitled134.ipynb	(exempt: append-only history / hash-pinned authority)
C	archive/simulations/Untitled135.ipynb	(exempt: append-only history / hash-pinned authority)
C	archive/simulations/Untitled136.ipynb	(exempt: append-only history / hash-pinned authority)
C	archive/simulations/Untitled137.ipynb	(exempt: append-only history / hash-pinned authority)
C	archive/simulations/Untitled138.ipynb	(exempt: append-only history / hash-pinned authority)
C	archive/simulations/Untitled139.ipynb	(exempt: append-only history / hash-pinned authority)
C	archive/simulations/Untitled14.ipynb	(exempt: append-only history / hash-pinned authority)
C	archive/simulations/Untitled140.ipynb	(exempt: append-only history / hash-pinned authority)
C	archive/simulations/Untitled141.ipynb	(exempt: append-only history / hash-pinned authority)
C	archive/simulations/Untitled142.ipynb	(exempt: append-only history / hash-pinned authority)
C	archive/simulations/Untitled143.ipynb	(exempt: append-only history / hash-pinned authority)
C	archive/simulations/Untitled144.ipynb	(exempt: append-only history / hash-pinned authority)
C	archive/simulations/Untitled145.ipynb	(exempt: append-only history / hash-pinned authority)
C	archive/simulations/Untitled146.ipynb	(exempt: append-only history / hash-pinned authority)
C	archive/simulations/Untitled147.ipynb	(exempt: append-only history / hash-pinned authority)
C	archive/simulations/Untitled148.ipynb	(exempt: append-only history / hash-pinned authority)
C	archive/simulations/Untitled149.ipynb	(exempt: append-only history / hash-pinned authority)
C	archive/simulations/Untitled15.ipynb	(exempt: append-only history / hash-pinned authority)
C	archive/simulations/Untitled150.ipynb	(exempt: append-only history / hash-pinned authority)
C	archive/simulations/Untitled151.ipynb	(exempt: append-only history / hash-pinned authority)
C	archive/simulations/Untitled152.ipynb	(exempt: append-only history / hash-pinned authority)
C	archive/simulations/Untitled153.ipynb	(exempt: append-only history / hash-pinned authority)
C	archive/simulations/Untitled154.ipynb	(exempt: append-only history / hash-pinned authority)
C	archive/simulations/Untitled155.ipynb	(exempt: append-only history / hash-pinned authority)
C	archive/simulations/Untitled156.ipynb	(exempt: append-only history / hash-pinned authority)
C	archive/simulations/Untitled157.ipynb	(exempt: append-only history / hash-pinned authority)
C	archive/simulations/Untitled158.ipynb	(exempt: append-only history / hash-pinned authority)
C	archive/simulations/Untitled159.ipynb	(exempt: append-only history / hash-pinned authority)
C	archive/simulations/Untitled16.ipynb	(exempt: append-only history / hash-pinned authority)
C	archive/simulations/Untitled160.ipynb	(exempt: append-only history / hash-pinned authority)
C	archive/simulations/Untitled161.ipynb	(exempt: append-only history / hash-pinned authority)
C	archive/simulations/Untitled162.ipynb	(exempt: append-only history / hash-pinned authority)
C	archive/simulations/Untitled163.ipynb	(exempt: append-only history / hash-pinned authority)
C	archive/simulations/Untitled164.ipynb	(exempt: append-only history / hash-pinned authority)
C	archive/simulations/Untitled165.ipynb	(exempt: append-only history / hash-pinned authority)
C	archive/simulations/Untitled166.ipynb	(exempt: append-only history / hash-pinned authority)
C	archive/simulations/Untitled167.ipynb	(exempt: append-only history / hash-pinned authority)
C	archive/simulations/Untitled168.ipynb	(exempt: append-only history / hash-pinned authority)
C	archive/simulations/Untitled169.ipynb	(exempt: append-only history / hash-pinned authority)
C	archive/simulations/Untitled17.ipynb	(exempt: append-only history / hash-pinned authority)
C	archive/simulations/Untitled170.ipynb	(exempt: append-only history / hash-pinned authority)
C	archive/simulations/Untitled171.ipynb	(exempt: append-only history / hash-pinned authority)
C	archive/simulations/Untitled172.ipynb	(exempt: append-only history / hash-pinned authority)
C	archive/simulations/Untitled173.ipynb	(exempt: append-only history / hash-pinned authority)
C	archive/simulations/Untitled174.ipynb	(exempt: append-only history / hash-pinned authority)
C	archive/simulations/Untitled175.ipynb	(exempt: append-only history / hash-pinned authority)
C	archive/simulations/Untitled176.ipynb	(exempt: append-only history / hash-pinned authority)
C	archive/simulations/Untitled177.ipynb	(exempt: append-only history / hash-pinned authority)
C	archive/simulations/Untitled178.ipynb	(exempt: append-only history / hash-pinned authority)
C	archive/simulations/Untitled179.ipynb	(exempt: append-only history / hash-pinned authority)
C	archive/simulations/Untitled18.ipynb	(exempt: append-only history / hash-pinned authority)
C	archive/simulations/Untitled180.ipynb	(exempt: append-only history / hash-pinned authority)
C	archive/simulations/Untitled181.ipynb	(exempt: append-only history / hash-pinned authority)
C	archive/simulations/Untitled182.ipynb	(exempt: append-only history / hash-pinned authority)
C	archive/simulations/Untitled185.ipynb	(exempt: append-only history / hash-pinned authority)
C	archive/simulations/Untitled19.ipynb	(exempt: append-only history / hash-pinned authority)
C	archive/simulations/Untitled193.ipynb	(exempt: append-only history / hash-pinned authority)
C	archive/simulations/Untitled20.ipynb	(exempt: append-only history / hash-pinned authority)
C	archive/simulations/Untitled206.ipynb	(exempt: append-only history / hash-pinned authority)
C	archive/simulations/Untitled21.ipynb	(exempt: append-only history / hash-pinned authority)
C	archive/simulations/Untitled22.ipynb	(exempt: append-only history / hash-pinned authority)
C	archive/simulations/Untitled221 (1).ipynb	(exempt: append-only history / hash-pinned authority)
C	archive/simulations/Untitled221 (2).ipynb	(exempt: append-only history / hash-pinned authority)
C	archive/simulations/Untitled221.ipynb	(exempt: append-only history / hash-pinned authority)
C	archive/simulations/Untitled222.ipynb	(exempt: append-only history / hash-pinned authority)
C	archive/simulations/Untitled222_fixed.ipynb	(exempt: append-only history / hash-pinned authority)
C	archive/simulations/Untitled23.ipynb	(exempt: append-only history / hash-pinned authority)
C	archive/simulations/Untitled24.ipynb	(exempt: append-only history / hash-pinned authority)
C	archive/simulations/Untitled25.ipynb	(exempt: append-only history / hash-pinned authority)
C	archive/simulations/Untitled26.ipynb	(exempt: append-only history / hash-pinned authority)
C	archive/simulations/Untitled27.ipynb	(exempt: append-only history / hash-pinned authority)
C	archive/simulations/Untitled28.ipynb	(exempt: append-only history / hash-pinned authority)
C	archive/simulations/Untitled29.ipynb	(exempt: append-only history / hash-pinned authority)
C	archive/simulations/Untitled30.ipynb	(exempt: append-only history / hash-pinned authority)
C	archive/simulations/Untitled31.ipynb	(exempt: append-only history / hash-pinned authority)
C	archive/simulations/Untitled32.ipynb	(exempt: append-only history / hash-pinned authority)
C	archive/simulations/Untitled33.ipynb	(exempt: append-only history / hash-pinned authority)
C	archive/simulations/Untitled34.ipynb	(exempt: append-only history / hash-pinned authority)
C	archive/simulations/Untitled35.ipynb	(exempt: append-only history / hash-pinned authority)
C	archive/simulations/Untitled36.ipynb	(exempt: append-only history / hash-pinned authority)
C	archive/simulations/Untitled37.ipynb	(exempt: append-only history / hash-pinned authority)
C	archive/simulations/Untitled38.ipynb	(exempt: append-only history / hash-pinned authority)
C	archive/simulations/Untitled39.ipynb	(exempt: append-only history / hash-pinned authority)
C	archive/simulations/Untitled40.ipynb	(exempt: append-only history / hash-pinned authority)
C	archive/simulations/Untitled41.ipynb	(exempt: append-only history / hash-pinned authority)
C	archive/simulations/Untitled42.ipynb	(exempt: append-only history / hash-pinned authority)
C	archive/simulations/Untitled43.ipynb	(exempt: append-only history / hash-pinned authority)
C	archive/simulations/Untitled44.ipynb	(exempt: append-only history / hash-pinned authority)
C	archive/simulations/Untitled45.ipynb	(exempt: append-only history / hash-pinned authority)
C	archive/simulations/Untitled46.ipynb	(exempt: append-only history / hash-pinned authority)
C	archive/simulations/Untitled47.ipynb	(exempt: append-only history / hash-pinned authority)
C	archive/simulations/Untitled48.ipynb	(exempt: append-only history / hash-pinned authority)
C	archive/simulations/Untitled49.ipynb	(exempt: append-only history / hash-pinned authority)
C	archive/simulations/Untitled50.ipynb	(exempt: append-only history / hash-pinned authority)
C	archive/simulations/Untitled51.ipynb	(exempt: append-only history / hash-pinned authority)
C	archive/simulations/Untitled52.ipynb	(exempt: append-only history / hash-pinned authority)
C	archive/simulations/Untitled53.ipynb	(exempt: append-only history / hash-pinned authority)
C	archive/simulations/Untitled54.ipynb	(exempt: append-only history / hash-pinned authority)
C	archive/simulations/Untitled55.ipynb	(exempt: append-only history / hash-pinned authority)
C	archive/simulations/Untitled56.ipynb	(exempt: append-only history / hash-pinned authority)
C	archive/simulations/Untitled57.ipynb	(exempt: append-only history / hash-pinned authority)
C	archive/simulations/Untitled58.ipynb	(exempt: append-only history / hash-pinned authority)
C	archive/simulations/Untitled59.ipynb	(exempt: append-only history / hash-pinned authority)
C	archive/simulations/Untitled60.ipynb	(exempt: append-only history / hash-pinned authority)
C	archive/simulations/Untitled61.ipynb	(exempt: append-only history / hash-pinned authority)
C	archive/simulations/Untitled62.ipynb	(exempt: append-only history / hash-pinned authority)
C	archive/simulations/Untitled63.ipynb	(exempt: append-only history / hash-pinned authority)
C	archive/simulations/Untitled64.ipynb	(exempt: append-only history / hash-pinned authority)
C	archive/simulations/Untitled65.ipynb	(exempt: append-only history / hash-pinned authority)
C	archive/simulations/Untitled66.ipynb	(exempt: append-only history / hash-pinned authority)
C	archive/simulations/Untitled67.ipynb	(exempt: append-only history / hash-pinned authority)
C	archive/simulations/Untitled68.ipynb	(exempt: append-only history / hash-pinned authority)
C	archive/simulations/Untitled69.ipynb	(exempt: append-only history / hash-pinned authority)
C	archive/simulations/Untitled70.ipynb	(exempt: append-only history / hash-pinned authority)
C	archive/simulations/Untitled71.ipynb	(exempt: append-only history / hash-pinned authority)
C	archive/simulations/Untitled72.ipynb	(exempt: append-only history / hash-pinned authority)
C	archive/simulations/Untitled73.ipynb	(exempt: append-only history / hash-pinned authority)
C	archive/simulations/Untitled74.ipynb	(exempt: append-only history / hash-pinned authority)
C	archive/simulations/Untitled75.ipynb	(exempt: append-only history / hash-pinned authority)
C	archive/simulations/Untitled76.ipynb	(exempt: append-only history / hash-pinned authority)
C	archive/simulations/Untitled77.ipynb	(exempt: append-only history / hash-pinned authority)
C	archive/simulations/Untitled78.ipynb	(exempt: append-only history / hash-pinned authority)
C	archive/simulations/Untitled79.ipynb	(exempt: append-only history / hash-pinned authority)
C	archive/simulations/Untitled8.ipynb	(exempt: append-only history / hash-pinned authority)
C	archive/simulations/Untitled80.ipynb	(exempt: append-only history / hash-pinned authority)
C	archive/simulations/Untitled81.ipynb	(exempt: append-only history / hash-pinned authority)
C	archive/simulations/Untitled82.ipynb	(exempt: append-only history / hash-pinned authority)
C	archive/simulations/Untitled83.ipynb	(exempt: append-only history / hash-pinned authority)
C	archive/simulations/Untitled84.ipynb	(exempt: append-only history / hash-pinned authority)
C	archive/simulations/Untitled85.ipynb	(exempt: append-only history / hash-pinned authority)
C	archive/simulations/Untitled86.ipynb	(exempt: append-only history / hash-pinned authority)
C	archive/simulations/Untitled87.ipynb	(exempt: append-only history / hash-pinned authority)
C	archive/simulations/Untitled88.ipynb	(exempt: append-only history / hash-pinned authority)
C	archive/simulations/Untitled89.ipynb	(exempt: append-only history / hash-pinned authority)
C	archive/simulations/Untitled9.ipynb	(exempt: append-only history / hash-pinned authority)
C	archive/simulations/Untitled90.ipynb	(exempt: append-only history / hash-pinned authority)
C	archive/simulations/Untitled91.ipynb	(exempt: append-only history / hash-pinned authority)
C	archive/simulations/Untitled92.ipynb	(exempt: append-only history / hash-pinned authority)
C	archive/simulations/Untitled93.ipynb	(exempt: append-only history / hash-pinned authority)
C	archive/simulations/Untitled94.ipynb	(exempt: append-only history / hash-pinned authority)
C	archive/simulations/Untitled95.ipynb	(exempt: append-only history / hash-pinned authority)
C	archive/simulations/Untitled96.ipynb	(exempt: append-only history / hash-pinned authority)
C	archive/simulations/Untitled97.ipynb	(exempt: append-only history / hash-pinned authority)
C	archive/simulations/Untitled98.ipynb	(exempt: append-only history / hash-pinned authority)
C	archive/simulations/Untitled99.ipynb	(exempt: append-only history / hash-pinned authority)
C	archive/simulations/v16 MATRIX PASS.ipynb	(exempt: append-only history / hash-pinned authority)
C	archive/simulations/NB_RCAP_wilson_su3_rare_defect_peierls_probe_v2.ipynb	(exempt: append-only history / hash-pinned authority)
C	archive/simulations/wilson_su3_rooted_defect_peierls_probe (1).ipynb	(exempt: append-only history / hash-pinned authority)
C	archive/simulations/wilson_su3_rooted_defect_peierls_probe.ipynb	(exempt: append-only history / hash-pinned authority)
C	archive/simulations/y4_band_curvature_exact.py	(exempt: append-only history / hash-pinned authority)
C	archive/simulations/y4_corrected_global_minimum_certificate (1).ipynb	(exempt: append-only history / hash-pinned authority)
C	archive/simulations/y4_corrected_global_minimum_certificate.ipynb	(exempt: append-only history / hash-pinned authority)
C	archive/simulations/y4_final_endgame_autobundle.py	(exempt: append-only history / hash-pinned authority)
C	archive/simulations/y4_global_band_edge_certificate_final.py	(exempt: append-only history / hash-pinned authority)
C	archive/simulations/y4_stage0_geometry_manifest.py	(exempt: append-only history / hash-pinned authority)
C	archive/simulations/y4_stage1_stage2_autobundle (1).py	(exempt: append-only history / hash-pinned authority)
C	archive/simulations/y4_stage1_stage2_autobundle.py	(exempt: append-only history / hash-pinned authority)
C	archive/simulations/y4_stage2_exact_haar_library.py	(exempt: append-only history / hash-pinned authority)
C	archive/simulations/y4_stage3a_domino_recoupling_firewall.py	(exempt: append-only history / hash-pinned authority)
C	archive/simulations/y4_stage3b_stage3c_autobundle.py	(exempt: append-only history / hash-pinned authority)
C	archive/simulations/y4_stage3d_domino_raw_trace_contraction.py	(exempt: append-only history / hash-pinned authority)
C	archive/simulations/y4_stage3e_trace_wiring_compiler.py	(exempt: append-only history / hash-pinned authority)
C	archive/simulations/y4_stage3f_safe_nonresonant_evaluator.py	(exempt: append-only history / hash-pinned authority)
C	archive/simulations/y4_stage3g_checkpointed.py	(exempt: append-only history / hash-pinned authority)
C	archive/simulations/y4_stage3h_complete_nonresonant_contraction.py	(exempt: append-only history / hash-pinned authority)
C	archive/zips/files (1).zip	(exempt: append-only history / hash-pinned authority)
C	archive/zips/files (2).zip	(exempt: append-only history / hash-pinned authority)
C	archive/zips/files (3).zip	(exempt: append-only history / hash-pinned authority)
C	archive/zips/GLUEBALL_FLAT_BAND_SOURCE_RELEASE_V0_7.zip	(exempt: append-only history / hash-pinned authority)
C	archive/zips/GLUEBALL_FLAT_BAND_SOURCE_RELEASE_V0_8.zip	(exempt: append-only history / hash-pinned authority)
C	archive/zips/GLUEBALL_STRING_NORMALIZATION_CORRECTION_V2.zip	(exempt: append-only history / hash-pinned authority)
C	archive/zips/M5_10_LEMMA_A_COMPACT_PACKAGE.zip	(exempt: append-only history / hash-pinned authority)
C	archive/zips/M5_FINAL_TIER2_VERIFIED_PACKAGE_2026-06-12.zip	(exempt: append-only history / hash-pinned authority)
C	archive/zips/pentagonal_o4_dual_cold_verification_bundle.zip	(exempt: append-only history / hash-pinned authority)
C	archive/zips/pentagonal_verification_bundle.zip	(exempt: append-only history / hash-pinned authority)
C	archive/zips/README.md	(exempt: structural name (README etc.) — tools depend on it)
C	archive/zips/SHELL6_O2_FULL_INTERMEDIATE_V1_BUNDLE.zip	(exempt: append-only history / hash-pinned authority)
C	archive/zips/SHELL6_O2_SYMMETRY_REDUCED_V2_COMPLETE_RELEASE.zip	(exempt: append-only history / hash-pinned authority)
C	archive/zips/SU3_KPS_STRING_COEFFICIENT_EXTRACTION_2026-06-14.zip	(exempt: append-only history / hash-pinned authority)
C	archive/zips/SU3_O5_CONSOLIDATED_AND_Y6_PREFLIGHT_2026-06-14.zip	(exempt: append-only history / hash-pinned authority)
C	archive/zips/SU3_STRING_TENSION_O4_COMPLETE_BUNDLE (1).zip	(exempt: append-only history / hash-pinned authority)
C	archive/zips/SU3_STRING_TENSION_O4_COMPLETE_BUNDLE.zip	(exempt: append-only history / hash-pinned authority)
C	archive/zips/SU3_STRING_TENSION_PHYSICAL_O6_RELEASE_V2.zip	(exempt: append-only history / hash-pinned authority)
C	archive/zips/SU3_Y5_COMPLETE_FIFTH_ORDER_BUNDLE.zip	(exempt: append-only history / hash-pinned authority)
C	archive/zips/SU3_Y5_Y6_HISTORICAL_RECOVERY_R2_RESULTS (1).zip	(exempt: append-only history / hash-pinned authority)
C	archive/zips/SU3_Y5_Y6_HISTORICAL_RECOVERY_RESULTS.zip	(exempt: append-only history / hash-pinned authority)
C	archive/zips/SU3_Y6_LOCAL_INPUTS_AUDIT_2026-06-14.zip	(exempt: append-only history / hash-pinned authority)
C	archive/zips/SU3_Y6_M6_ALL_IN_ONE_V3.zip	(exempt: append-only history / hash-pinned authority)
C	archive/zips/SU3_Y6_M6_COMPLETE_DRIVER_V2.zip	(exempt: append-only history / hash-pinned authority)
C	archive/zips/SU3_Y6_M6_EXACT_INTERNAL_V1_RELEASE.zip	(exempt: append-only history / hash-pinned authority)
C	archive/zips/SU3_Y6_M6_SAFE_AUDIT_V5_BUNDLE.zip	(exempt: append-only history / hash-pinned authority)
C	archive/zips/SU3_Y6_M6_SCRATCH_PROOF_RESULTS_V1.zip	(exempt: append-only history / hash-pinned authority)
C	archive/zips/SU3_Y6_SCRATCH_STAGES1_2_ALL_IN_ONE_V2.zip	(exempt: append-only history / hash-pinned authority)
C	archive/zips/SU3_Y6_SCRATCH_STAGES1_2_RESULTS.zip	(exempt: append-only history / hash-pinned authority)
C	archive/zips/SU3_Y6_STAGE0_ESSENTIAL_RESULTS.zip	(exempt: append-only history / hash-pinned authority)
C	archive/zips/SU3_Y6_STAGE0_EXTERNAL_MEMORY_V1_RELEASE.zip	(exempt: append-only history / hash-pinned authority)
C	archive/zips/SU3_Y6_STAGE0_LAUNCH_BUNDLE_2026-06-14.zip	(exempt: append-only history / hash-pinned authority)
C	archive/zips/SU3_Y6_STAGE0_RESUMABLE_V2_RELEASE.zip	(exempt: append-only history / hash-pinned authority)
C	archive/zips/SU3_Y6_STAGE0_VALIDATION_AUDIT_2026-06-14.zip	(exempt: append-only history / hash-pinned authority)
C	archive/zips/SU3_Y6_STAGE1_LOCAL_EXACT_V1_RELEASE.zip	(exempt: append-only history / hash-pinned authority)
C	archive/zips/SU4_CLEAN_NO_EDIT_REPRODUCED.zip	(exempt: append-only history / hash-pinned authority)
C	archive/zips/SU4_COMPLETE_FOURTH_ORDER_BUNDLE (1).zip	(exempt: append-only history / hash-pinned authority)
C	archive/zips/SU4_COMPLETE_FOURTH_ORDER_BUNDLE.zip	(exempt: append-only history / hash-pinned authority)
C	archive/zips/SU4_DETERMINANT_COMPLETE_RELEASE.zip	(exempt: append-only history / hash-pinned authority)
C	archive/zips/SU4_EXCEPTIONAL_ENUMERATOR_V1_LAUNCH_BUNDLE.zip	(exempt: append-only history / hash-pinned authority)
C	archive/zips/SU4_HYBRID_ADAPTER_AUDIT_V1_LAUNCH_BUNDLE.zip	(exempt: append-only history / hash-pinned authority)
C	archive/zips/SU4_HYBRID_COMPLETE_V2_BUNDLE.zip	(exempt: append-only history / hash-pinned authority)
C	archive/zips/SU4_LOCAL_ALGEBRA_V1_LAUNCH_BUNDLE.zip	(exempt: append-only history / hash-pinned authority)
C	archive/zips/SU4_PERSISTENT_RESULTS_2026-06-14.zip	(exempt: append-only history / hash-pinned authority)
C	archive/zips/SU5_COMPLETE_FOURTH_ORDER_BUNDLE.zip	(exempt: append-only history / hash-pinned authority)
C	archive/zips/SU5_FOURTH_ORDER_COMPLETE_RELEASE.zip	(exempt: append-only history / hash-pinned authority)
C	archive/zips/SU6_DETERMINANT_ARCHIVAL_V2_BUNDLE.zip	(exempt: append-only history / hash-pinned authority)
C	archive/zips/SU6_DETERMINANT_COMPLETE_BUNDLE.zip	(exempt: append-only history / hash-pinned authority)
C	archive/zips/SU6_DETERMINANT_STAGE0_BUNDLE.zip	(exempt: append-only history / hash-pinned authority)
C	archive/zips/SU6_SINGLE_ORBIT_CONTRACTION_V1_LAUNCH_BUNDLE.zip	(exempt: append-only history / hash-pinned authority)
C	archive/zips/SU_N_STAGE3G_WIRING_BUNDLE.zip	(exempt: append-only history / hash-pinned authority)
C	archive/zips/SU_N_WALLED_BRAUER_STAGE2A_BUNDLE.zip	(exempt: append-only history / hash-pinned authority)
C	archive/zips/Y4_D3_VERTEX_SINGLET_GENERATOR.zip	(exempt: append-only history / hash-pinned authority)
C	archive/zips/y4_extracted_sources.zip	(exempt: append-only history / hash-pinned authority)
C	archive/zips/Y4_FINAL_ARCHIVE_2026-06-13.zip	(exempt: append-only history / hash-pinned authority)
C	archive/zips/Y4_GLOBAL_BAND_CERTIFICATE_FINAL.zip	(exempt: append-only history / hash-pinned authority)
C	archive/zips/Y4_REAL_SPACE_SOS_PACKAGE.zip	(exempt: append-only history / hash-pinned authority)
C	archive/zips/Y4_SOS_TARGETED_STAGE3G_REDUCTION_BUNDLE.zip	(exempt: append-only history / hash-pinned authority)
C	archive/zips/Y4_SUN_ALL_N_GE_3_BAND_SHAPE_BUNDLE_2026-06-14.zip	(exempt: append-only history / hash-pinned authority)
C	archive/zips/Y4_SUN_FULL_SYMBOLIC_INDEPENDENT_RERUN_2026-06-14.zip	(exempt: append-only history / hash-pinned authority)
C	archive/zips/y4_sun_stable_ordered_words.json.gz	(exempt: append-only history / hash-pinned authority)
C	archive/zips/Y4_SUN_SYMBOLIC_QAB_COMPACT_BUNDLE.zip	(exempt: append-only history / hash-pinned authority)
C	archive/zips/Y4_SUN_WALLED_BRAUER_FULL_SYMBOLIC_BUNDLE_2026-06-14.zip	(exempt: append-only history / hash-pinned authority)
C	archive/zips/Y4_SUN_WALLED_BRAUER_FULL_SYMBOLIC_BUNDLE_2026-06-14_V2.zip	(exempt: append-only history / hash-pinned authority)
C	archive/zips/Y4_YMCIRC_PYCLEBSCH_MICROSCOPIC_AUDIT.zip	(exempt: append-only history / hash-pinned authority)
C	archive/zips/Y6_M6_SECTOR.zip	(exempt: append-only history / hash-pinned authority)
C	archive/zips/ZIP_ARCHIVE_REVIEW_2026-06-14.md	(exempt: append-only history / hash-pinned authority)
C	archive/zips/_quarantine_dups_2026-06-14/README.md	(exempt: structural name (README etc.) — tools depend on it)
C	archive/zips/_quarantine_dups_2026-06-14/SU3_Y5_Y6_HISTORICAL_RECOVERY_R2_RESULTS.zip	(exempt: append-only history / hash-pinned authority)
C	corpus/GLUEBALL_CANONICAL_SOURCE_MANIFEST_2026-08-20_v3.csv	(exempt: append-only history / hash-pinned authority)
C	corpus/GLUEBALL_DETAILED_FORMULA_DOCUMENT_2026-08-20_v3_1.md	(exempt: append-only history / hash-pinned authority)
C	corpus/GLUEBALL_SOURCE_CONSOLIDATION_GUIDE_2026-08-20_v3.md	(exempt: append-only history / hash-pinned authority)
C	corpus/MASTER_THEORY_UNIFIED_2026-08-20_v3.md	(exempt: append-only history / hash-pinned authority)
C	corpus/README.md	(exempt: structural name (README etc.) — tools depend on it)
C	export/README.md	(exempt: structural name (README etc.) — tools depend on it)
C	literature/README.md	(exempt: structural name (README etc.) — tools depend on it)
C	numerics/README.md	(exempt: structural name (README etc.) — tools depend on it)
C	numerics/certificates/README.md	(exempt: structural name (README etc.) — tools depend on it)
C	numerics/clay_verify/README.md	(exempt: structural name (README etc.) — tools depend on it)
C	numerics/cw_extractor/README.md	(exempt: structural name (README etc.) — tools depend on it)
C	numerics/data/README.md	(exempt: structural name (README etc.) — tools depend on it)
C	numerics/engines/ENGINE_FLUX_gram_cold.py	(exempt: imported as a python module)
C	numerics/engines/README.md	(exempt: structural name (README etc.) — tools depend on it)
C	numerics/notebooks/README.md	(exempt: structural name (README etc.) — tools depend on it)
C	numerics/op12_theta/MAN_FLUX_manifest.md	(exempt: structural name (README etc.) — tools depend on it)
C	numerics/op12_theta/README.md	(exempt: structural name (README etc.) — tools depend on it)
C	numerics/op12_theta/m2_certificates/README.md	(exempt: structural name (README etc.) — tools depend on it)
C	numerics/op12_theta/m2_certificates/m2_ensemble/README.md	(exempt: structural name (README etc.) — tools depend on it)
C	numerics/op12_theta/m2_certificates/m2_kernel/README.md	(exempt: structural name (README etc.) — tools depend on it)
C	numerics/op12_theta/m4_scaling/ENGINE_OP1_m4_tc_closed_form.py	(exempt: imported as a python module)
C	numerics/op12_theta/m4_scaling/README.md	(exempt: structural name (README etc.) — tools depend on it)
C	numerics/op12_theta/op12_state/README.md	(exempt: structural name (README etc.) — tools depend on it)
C	numerics/op12_theta/results/README.md	(exempt: structural name (README etc.) — tools depend on it)
C	numerics/op12_theta/s_chessboard/README.md	(exempt: structural name (README etc.) — tools depend on it)
C	numerics/results/README.md	(exempt: structural name (README etc.) — tools depend on it)
C	numerics/scratch_tmp/README.md	(exempt: structural name (README etc.) — tools depend on it)
C	numerics/scratch_tmp/y4_sos_repro/Y4_REAL_SPACE_SOS_PACKAGE/README.md	(exempt: structural name (README etc.) — tools depend on it)
C	papers/README.md	(exempt: structural name (README etc.) — tools depend on it)
C	papers/flat_band/README.md	(exempt: structural name (README etc.) — tools depend on it)
C	papers/gauge_constrained_spectral_geometry/README.md	(exempt: structural name (README etc.) — tools depend on it)
C	papers/pmbsf_su2/README.md	(exempt: structural name (README etc.) — tools depend on it)
C	papers/pmbsf_su3/README.md	(exempt: structural name (README etc.) — tools depend on it)
C	papers/source_docx/README.md	(exempt: structural name (README etc.) — tools depend on it)
C	programs/README.md	(exempt: structural name (README etc.) — tools depend on it)
C	programs/hodge_haar_krylov/README.md	(exempt: structural name (README etc.) — tools depend on it)
C	programs/hodge_o4_adjudication/README.md	(exempt: structural name (README etc.) — tools depend on it)
C	programs/hodge_o4_adjudication/src/DATA_O4_OrderSchedule_Occurrence_Preflight_CPU.py	(exempt: imported as a python module)
C	programs/hodge_o4_adjudication/src/DATA_SU3_Exact_MarkedCluster_m4_Colab.py	(exempt: imported as a python module)
C	programs/one_plaquette/README.md	(exempt: structural name (README etc.) — tools depend on it)
C	programs/one_plaquette/ENGINE_FLUX_su3_domino_d3.py	(exempt: imported as a python module)
C	programs/one_plaquette/ENGINE_FLUX_su3_moments_ext.py	(exempt: imported as a python module)
C	programs/one_plaquette/glueball_mass_prediction/README.md	(exempt: structural name (README etc.) — tools depend on it)
C	programs/one_plaquette/lattice_glueball_data/.~lock.DATA_FLUX_glueball_lattice.xlsx#	(exempt: editor lock file — delete, do not rename)
C	programs/one_plaquette/lattice_glueball_data/MAN_FLUX_manifest.md	(exempt: structural name (README etc.) — tools depend on it)
C	programs/one_plaquette/lattice_glueball_data/README.md	(exempt: structural name (README etc.) — tools depend on it)
C	programs/one_plaquette/shell6_o2/ENGINE_FLUX_cluster_pt.py	(exempt: imported as a python module)
C	programs/one_plaquette/shell6_o2/ENGINE_HAAR_fast_haar.py	(exempt: imported as a python module)
C	programs/one_plaquette/shell6_o2/DATA_HAAR_o2_v2.py	(exempt: imported as a python module)
C	programs/one_plaquette/shell6_o2/README.md	(exempt: structural name (README etc.) — tools depend on it)
C	programs/one_plaquette/shell6_o2/ENGINE_SHELL6_shell6_analyze.py	(exempt: imported as a python module)
C	programs/one_plaquette/shell6_o2/ENGINE_HAAR_shell6_final2.py	(exempt: imported as a python module)
C	programs/one_plaquette/shell6_o2/ENGINE_HAAR_shell6_final3.py	(exempt: imported as a python module)
C	programs/one_plaquette/shell6_o2/ENGINE_FLUX_shell6_o2_engine2.py	(exempt: imported as a python module)
C	programs/one_plaquette/shell6_o2/v2_authoritative/README.md	(exempt: structural name (README etc.) — tools depend on it)
C	programs/one_plaquette/shell6_o2/v2_authoritative/NOTE_MISC_requirements.txt	(exempt: structural name (README etc.) — tools depend on it)
C	programs/one_plaquette/shell6_o2/v2_authoritative/ENGINE_FLUX_su3_moments_ext.py	(exempt: imported as a python module)
C	programs/one_plaquette/su3_o5_consolidated_y6/README.md	(exempt: structural name (README etc.) — tools depend on it)
C	programs/one_plaquette/su3_string_tension/README.md	(exempt: structural name (README etc.) — tools depend on it)
C	programs/one_plaquette/su3_string_tension_native_o5/README.md	(exempt: structural name (README etc.) — tools depend on it)
C	programs/one_plaquette/su3_y5_fifth_order/README.md	(exempt: structural name (README etc.) — tools depend on it)
C	programs/one_plaquette/su3_y6_m6/README.md	(exempt: structural name (README etc.) — tools depend on it)
C	programs/one_plaquette/sun_band_shape/README.md	(exempt: structural name (README etc.) — tools depend on it)
C	programs/one_plaquette/sun_band_shape/completion_2026-06-14/README.md	(exempt: structural name (README etc.) — tools depend on it)
C	programs/one_plaquette/tromino_o3/README.md	(exempt: structural name (README etc.) — tools depend on it)
C	programs/one_plaquette/tromino_o3/ENGINE_FLUX_su3_haar_tromino_primitives.py	(exempt: imported as a python module)
C	programs/op1_defect_sparsity/README.md	(exempt: structural name (README etc.) — tools depend on it)
C	programs/op1_defect_sparsity/defect_gas_docs/README.md	(exempt: structural name (README etc.) — tools depend on it)
C	programs/op1_defect_sparsity/farsource_gpu/README.md	(exempt: structural name (README etc.) — tools depend on it)
C	programs/op1_defect_sparsity/red_davies_toolkit/README.md	(exempt: structural name (README etc.) — tools depend on it)
C	programs/op1_defect_sparsity/za_cap_geometry/README.md	(exempt: structural name (README etc.) — tools depend on it)
C	programs/op1_defect_sparsity/za_cap_geometry/ENGINE_PMBSF_su2hb_f041.py	(exempt: imported as a python module)
C	programs/op1_defect_sparsity/za_cap_geometry/ENGINE_PMBSF_su2_hb_v3.py	(exempt: imported as a python module)
C	programs/pmbsf/ENGINE_FLUX_lci_typicality_diagnostic.py	(exempt: imported as a python module)
C	programs/pmbsf/README.md	(exempt: structural name (README etc.) — tools depend on it)
C	programs/rooted_capacity_program/README.md	(exempt: structural name (README etc.) — tools depend on it)
C	programs/y4_allrank/README.md	(exempt: structural name (README etc.) — tools depend on it)
C	QUARANTINE/README.md	(exempt: structural name (README etc.) — tools depend on it)
C	QUARANTINE/RESTORE_MANIFEST.tsv	(exempt: append-only history / hash-pinned authority)
C	QUARANTINE/duplicates_exact/AUDIT_STRING_batch_verification_sigma_reconciliation_2026-06-14.md	(exempt: append-only history / hash-pinned authority)
C	QUARANTINE/duplicates_exact/B_newton_coefficients (1).json	(exempt: append-only history / hash-pinned authority)
C	QUARANTINE/duplicates_exact/ENGINE_FLUX_cls_flat_band_certificate.py	(exempt: append-only history / hash-pinned authority)
C	QUARANTINE/duplicates_exact/RUN_FLUX_cls_flat_band_results.md	(exempt: append-only history / hash-pinned authority)
C	QUARANTINE/duplicates_exact/AUDIT_Y4_curvature.log	(exempt: append-only history / hash-pinned authority)
C	QUARANTINE/duplicates_exact/d3_results (1).json	(exempt: append-only history / hash-pinned authority)
C	QUARANTINE/duplicates_exact/folded5_derivation (1).py	(exempt: append-only history / hash-pinned authority)
C	QUARANTINE/duplicates_exact/folded5_derivation.py	(exempt: append-only history / hash-pinned authority)
C	QUARANTINE/duplicates_exact/THM_Y5_fourth_order_t1pm_band_theorem_v0_8.md	(exempt: append-only history / hash-pinned authority)
C	QUARANTINE/duplicates_exact/ENGINE_FLUX_glueball_band_certificate_v2.py	(exempt: append-only history / hash-pinned authority)
C	QUARANTINE/duplicates_exact/glueball_band_results_v2 (1).md	(exempt: append-only history / hash-pinned authority)
C	QUARANTINE/duplicates_exact/NOTE_FLUX_glueball_band_results_v2.md	(exempt: append-only history / hash-pinned authority)
C	QUARANTINE/duplicates_exact/AUDIT_SU3_glueball_coupling_normalization_2026-06-14.md	(exempt: append-only history / hash-pinned authority)
C	QUARANTINE/duplicates_exact/glueball_flat_band_paper_v0_7 (1).pdf	(exempt: append-only history / hash-pinned authority)
C	QUARANTINE/duplicates_exact/glueball_flat_band_patch_v0_2 (1).md	(exempt: append-only history / hash-pinned authority)
C	QUARANTINE/duplicates_exact/GLUEBALL_FLAT_BAND_SOURCE_RELEASE_V0_7.zip	(exempt: append-only history / hash-pinned authority)
C	QUARANTINE/duplicates_exact/GLUEBALL_FLAT_BAND_SOURCE_RELEASE_V0_8.zip	(exempt: append-only history / hash-pinned authority)
C	QUARANTINE/duplicates_exact/NOTE_FLUX_glueball_highn_predictions_2026-06-14.md	(exempt: append-only history / hash-pinned authority)
C	QUARANTINE/duplicates_exact/AUDIT_SU3_glueball_mass_prediction_report_v1.md	(exempt: append-only history / hash-pinned authority)
C	QUARANTINE/duplicates_exact/NOTE_SU3_glueball_ratio_continuum_diagnostic_2026-06-14.md	(exempt: append-only history / hash-pinned authority)
C	QUARANTINE/duplicates_exact/GLUEBALL_STRING_NORMALIZATION_CORRECTION_V2.zip	(exempt: append-only history / hash-pinned authority)
C	QUARANTINE/duplicates_exact/hhc_circuit_bridge_audit (1).txt	(exempt: append-only history / hash-pinned authority)
C	QUARANTINE/duplicates_exact/Hodge_Mass_String_GlobalQ_Krylov_v5_A100 (1).ipynb	(exempt: append-only history / hash-pinned authority)
C	QUARANTINE/duplicates_exact/Hodge_v10a24c_SECTION15_REDUCED_GPU_BENCHMARK_FRESH_A100 (1).ipynb	(exempt: append-only history / hash-pinned authority)
C	QUARANTINE/duplicates_exact/Hodge_v10a26_Factor52Complete_ExactSW_RootedOracle_A100 (1).ipynb	(exempt: append-only history / hash-pinned authority)
C	QUARANTINE/duplicates_exact/Hodge_v10a7_Marked_Linked_O4_Scalar_Colab (1).ipynb	(exempt: append-only history / hash-pinned authority)
C	QUARANTINE/duplicates_exact/THM_RCAP_logical_status_theorem_map_alt.docx	(exempt: append-only history / hash-pinned authority)
C	QUARANTINE/duplicates_exact/Logical Status and Theorem Map (1) (2).docx	(exempt: append-only history / hash-pinned authority)
C	QUARANTINE/duplicates_exact/Logical Status and Theorem Map (1) (3).docx	(exempt: append-only history / hash-pinned authority)
C	QUARANTINE/duplicates_exact/Logical Status and Theorem Map (1) (4).docx	(exempt: append-only history / hash-pinned authority)
C	QUARANTINE/duplicates_exact/Logical Status and Theorem Map (1) (5).docx	(exempt: append-only history / hash-pinned authority)
C	QUARANTINE/duplicates_exact/m3a_stage_c_exact_hb_lci_probe.py	(exempt: append-only history / hash-pinned authority)
C	QUARANTINE/duplicates_exact/m3a_stage_d_cap_support_certificate_standalone.py	(exempt: append-only history / hash-pinned authority)
C	QUARANTINE/duplicates_exact/m3a_stage_d_cap_support_certificate_standalone_v2.py	(exempt: append-only history / hash-pinned authority)
C	QUARANTINE/duplicates_exact/m3a_stage_e_implication_geometry_standalone.py	(exempt: append-only history / hash-pinned authority)
C	QUARANTINE/duplicates_exact/m3a_stage_f_escape_gap_certificate_standalone.py	(exempt: append-only history / hash-pinned authority)
C	QUARANTINE/duplicates_exact/m3a_stage_f_escape_gap_certificate_standalone_v2.py	(exempt: append-only history / hash-pinned authority)
C	QUARANTINE/duplicates_exact/CERT_OP1_m4_tc_closed_form.json	(exempt: append-only history / hash-pinned authority)
C	QUARANTINE/duplicates_exact/ENGINE_OP1_m4_tc_closed_form.py	(exempt: append-only history / hash-pinned authority)
C	QUARANTINE/duplicates_exact/NOTE_OP1_m4_tc_closed_form_2026-06-12.md	(exempt: append-only history / hash-pinned authority)
C	QUARANTINE/duplicates_exact/M5 Deterministic Tier-2 Comparator Ceiling.docx	(exempt: append-only history / hash-pinned authority)
C	QUARANTINE/duplicates_exact/CERT_OP1_m5b_region.json	(exempt: append-only history / hash-pinned authority)
C	QUARANTINE/duplicates_exact/ENGINE_OP1_m5b_region.py	(exempt: append-only history / hash-pinned authority)
C	QUARANTINE/duplicates_exact/M5_3_—_COVER_DOMINATION_CLOSURE_ROUTE.ipynb	(exempt: append-only history / hash-pinned authority)
C	QUARANTINE/duplicates_exact/AUDIT_OP1_m5_4_region_2026-06-12.md	(exempt: append-only history / hash-pinned authority)
C	QUARANTINE/duplicates_exact/M5_4_—_WARNING_FREE_LIMIT_CONSTANT_AUDIT_FOR_LEMMA_B.ipynb	(exempt: append-only history / hash-pinned authority)
C	QUARANTINE/duplicates_exact/AUDIT_OP1_m5.json	(exempt: append-only history / hash-pinned authority)
C	QUARANTINE/duplicates_exact/ENGINE_OP1_m5_audit.py	(exempt: append-only history / hash-pinned authority)
C	QUARANTINE/duplicates_exact/AUDIT_OP1_m5_lemmas_2026-06-12.md	(exempt: append-only history / hash-pinned authority)
C	QUARANTINE/duplicates_exact/m5_cform_full_channel_certificate_reconstructed.py	(exempt: append-only history / hash-pinned authority)
C	QUARANTINE/duplicates_exact/m5_region_a_certificate_reconstructed.py	(exempt: append-only history / hash-pinned authority)
C	QUARANTINE/duplicates_exact/AUDIT_STRING_m6_sigma56_execution_report_2026-06-14.md	(exempt: append-only history / hash-pinned authority)
C	QUARANTINE/duplicates_exact/PAPER_FLUX_manuscript_section6_patch.tex	(exempt: append-only history / hash-pinned authority)
C	QUARANTINE/duplicates_exact/MASTER_one_plaquette_program_v2_2 (1).md	(exempt: append-only history / hash-pinned authority)
C	QUARANTINE/duplicates_exact/MASTER_one_plaquette_program_v2_2 (2).md	(exempt: append-only history / hash-pinned authority)
C	QUARANTINE/duplicates_exact/MASTER_one_plaquette_program_v2_5 (1).md	(exempt: append-only history / hash-pinned authority)
C	QUARANTINE/duplicates_exact/NOTE_FLUX_master_one_plaquette_program_v2_7.md	(exempt: append-only history / hash-pinned authority)
C	QUARANTINE/duplicates_exact/ENGINE_FLUX_master_v2_regression_certificate.py	(exempt: append-only history / hash-pinned authority)
C	QUARANTINE/duplicates_exact/Monte Carlo study of glueball masses in the Hamiltonian limit of SU(3) lattice gauge.pdf	(exempt: append-only history / hash-pinned authority)
C	QUARANTINE/duplicates_exact/Novelty-and-Priors Literature Check C-odd SU(N) Plaquette Observables, Trigonometric Factorizations, and One-Plaquette Gap Asymptotics.md	(exempt: append-only history / hash-pinned authority)
C	QUARANTINE/duplicates_exact/PROJECT_FILE_REVIEW_AND_PAPER_UPDATE_PLAN_2026-06-14.md	(exempt: append-only history / hash-pinned authority)
C	QUARANTINE/duplicates_exact/q_z_polynomial_ledger.json	(exempt: append-only history / hash-pinned authority)
C	QUARANTINE/duplicates_exact/NOTE_SUN_realworld_predictions_2026-06-13.md	(exempt: append-only history / hash-pinned authority)
C	QUARANTINE/duplicates_exact/ENGINE_STRING_reproduce.sh	(exempt: append-only history / hash-pinned authority)
C	QUARANTINE/duplicates_exact/PAPER_RCAP_rooted_projected_capacity_source_stability_alt.docx	(exempt: append-only history / hash-pinned authority)
C	QUARANTINE/duplicates_exact/rooted_capacity_peierls_path.ipynb	(exempt: append-only history / hash-pinned authority)
C	QUARANTINE/duplicates_exact/sc_extrap2.py	(exempt: append-only history / hash-pinned authority)
C	QUARANTINE/duplicates_exact/THM_SHELL6_shell46_theorem_v2.md	(exempt: append-only history / hash-pinned authority)
C	QUARANTINE/duplicates_exact/shell6_first_order_codd_band.py	(exempt: append-only history / hash-pinned authority)
C	QUARANTINE/duplicates_exact/ENGINE_FLUX_shell6_o2_engine2.py	(exempt: append-only history / hash-pinned authority)
C	QUARANTINE/duplicates_exact/CERT_SHELL6_o2_exact_channel_certificate_v2.json	(exempt: append-only history / hash-pinned authority)
C	QUARANTINE/duplicates_exact/SHELL6_O2_FULL_INTERMEDIATE_V1_BUNDLE.zip	(exempt: append-only history / hash-pinned authority)
C	QUARANTINE/duplicates_exact/CERT_SHELL6_o2_matrix_v2.json	(exempt: append-only history / hash-pinned authority)
C	QUARANTINE/duplicates_exact/SHELL6_O2_SYMMETRY_REDUCED_V2_COMPLETE_RELEASE.zip	(exempt: append-only history / hash-pinned authority)
C	QUARANTINE/duplicates_exact/AUDIT_SHELL6_o2_symmetry_reduced_v2_completion_report.md	(exempt: append-only history / hash-pinned authority)
C	QUARANTINE/duplicates_exact/SOURCE_FILE_REVIEW_2026-06-14.md	(exempt: append-only history / hash-pinned authority)
C	QUARANTINE/duplicates_exact/STATUS_fourth_order_build (1).md	(exempt: append-only history / hash-pinned authority)
C	QUARANTINE/duplicates_exact/PAPER_RCAP_su_alt3_three_term_local_gap_alt.docx	(exempt: append-only history / hash-pinned authority)
C	QUARANTINE/duplicates_exact/SU2_CODD_SECTOR_EXCLUSION_THEOREM_2026-06-14 (1).md	(exempt: append-only history / hash-pinned authority)
C	QUARANTINE/duplicates_exact/THM_SU2_codd_sector_exclusion_theorem_2026-06-14.md	(exempt: append-only history / hash-pinned authority)
C	QUARANTINE/duplicates_exact/SU3_d3_corrected_full_notebook.ipynb	(exempt: append-only history / hash-pinned authority)
C	QUARANTINE/duplicates_exact/SU3_d3_corrected_full_notebook_EXECUTED.ipynb	(exempt: append-only history / hash-pinned authority)
C	QUARANTINE/duplicates_exact/su3_domino_d3 (1).py	(exempt: append-only history / hash-pinned authority)
C	QUARANTINE/duplicates_exact/ENGINE_FLUX_su3_domino_d3.py	(exempt: append-only history / hash-pinned authority)
C	QUARANTINE/duplicates_exact/ENGINE_FLUX_su3_haar_tromino_primitives.py	(exempt: append-only history / hash-pinned authority)
C	QUARANTINE/duplicates_exact/SU3_KPS_STRING_COEFFICIENT_EXTRACTION_2026-06-14.zip	(exempt: append-only history / hash-pinned authority)
C	QUARANTINE/duplicates_exact/su3_moments_ext (1).py	(exempt: append-only history / hash-pinned authority)
C	QUARANTINE/duplicates_exact/ENGINE_FLUX_su3_moments_ext.py	(exempt: append-only history / hash-pinned authority)
C	QUARANTINE/duplicates_exact/ENGINE_TROM_su3_o3_tromino_weight_extractor_v1.py	(exempt: append-only history / hash-pinned authority)
C	QUARANTINE/duplicates_exact/ENGINE_TROM_su3_o3_tromino_weight_extractor_v1_1.py	(exempt: append-only history / hash-pinned authority)
C	QUARANTINE/duplicates_exact/SU3_O5_CONSOLIDATED_AND_Y6_PREFLIGHT_2026-06-14.zip	(exempt: append-only history / hash-pinned authority)
C	QUARANTINE/duplicates_exact/SU3_STRING_TENSION_O4_COMPLETE_BUNDLE (1).zip	(exempt: append-only history / hash-pinned authority)
C	QUARANTINE/duplicates_exact/SU3_STRING_TENSION_O4_COMPLETE_BUNDLE.zip	(exempt: append-only history / hash-pinned authority)
C	QUARANTINE/duplicates_exact/SU3_STRING_TENSION_PHYSICAL_O6_RELEASE_V2.zip	(exempt: append-only history / hash-pinned authority)
C	QUARANTINE/duplicates_exact/SU3_T1pm_spatial_MC_HARDENED_v2 (1).py	(exempt: append-only history / hash-pinned authority)
C	QUARANTINE/duplicates_exact/SU3_T1pm_spatial_MC_HARDENED_v2 (2).py	(exempt: append-only history / hash-pinned authority)
C	QUARANTINE/duplicates_exact/SU3_T1pm_spatial_MC_POLARIZATION_v3 (1).py	(exempt: append-only history / hash-pinned authority)
C	QUARANTINE/duplicates_exact/SU3_Y5_COMPLETE_FIFTH_ORDER_BUNDLE.zip	(exempt: append-only history / hash-pinned authority)
C	QUARANTINE/duplicates_exact/THM_Y5_su3_m5_theorem_2026-06-14.md	(exempt: append-only history / hash-pinned authority)
C	QUARANTINE/duplicates_exact/SU3_Y5_Y6_HISTORICAL_RECOVERY_R2_RESULTS (1).zip	(exempt: append-only history / hash-pinned authority)
C	QUARANTINE/duplicates_exact/SU3_Y5_Y6_HISTORICAL_RECOVERY_R2_RESULTS.zip	(exempt: append-only history / hash-pinned authority)
C	QUARANTINE/duplicates_exact/SU3_Y5_Y6_HISTORICAL_RECOVERY_RESULTS.zip	(exempt: append-only history / hash-pinned authority)
C	QUARANTINE/duplicates_exact/SU3_Y6_M6_SAFE_AUDIT_V5 (1).ipynb	(exempt: append-only history / hash-pinned authority)
C	QUARANTINE/duplicates_exact/SU3_Y6_M6_SAFE_AUDIT_V5_BUNDLE (1).zip	(exempt: append-only history / hash-pinned authority)
C	QUARANTINE/duplicates_exact/SU3_Y6_M6_SAFE_AUDIT_V5_BUNDLE (2).zip	(exempt: append-only history / hash-pinned authority)
C	QUARANTINE/duplicates_exact/SU3_Y6_SCRATCH_STAGES1_2_ALL_IN_ONE_V2 (1).zip	(exempt: append-only history / hash-pinned authority)
C	QUARANTINE/duplicates_exact/SU3_Y6_STAGE0_COMPLETE_2026-06-15.tar.zst	(exempt: append-only history / hash-pinned authority)
C	QUARANTINE/duplicates_exact/SU3_Y6_STAGE0_RESUMABLE_V2_RELEASE (1) (1).zip	(exempt: append-only history / hash-pinned authority)
C	QUARANTINE/duplicates_exact/SU3_Y6_STAGE0_RESUMABLE_V2_RELEASE (1).zip	(exempt: append-only history / hash-pinned authority)
C	QUARANTINE/duplicates_exact/SU4_CLEAN_NO_EDIT_REPRODUCED.zip	(exempt: append-only history / hash-pinned authority)
C	QUARANTINE/duplicates_exact/SU4_COMPLETE_FOURTH_ORDER_BUNDLE (1).zip	(exempt: append-only history / hash-pinned authority)
C	QUARANTINE/duplicates_exact/SU4_COMPLETE_FOURTH_ORDER_BUNDLE.zip	(exempt: append-only history / hash-pinned authority)
C	QUARANTINE/duplicates_exact/SU4_DETERMINANT_COMPLETE_RELEASE.zip	(exempt: append-only history / hash-pinned authority)
C	QUARANTINE/duplicates_exact/THM_SU4_determinant_theorem.md	(exempt: append-only history / hash-pinned authority)
C	QUARANTINE/duplicates_exact/SU4_EXCEPTIONAL_ENUMERATOR_V1_LAUNCH_BUNDLE.zip	(exempt: append-only history / hash-pinned authority)
C	QUARANTINE/duplicates_exact/SU4_HYBRID_ADAPTER_AUDIT_V1_LAUNCH_BUNDLE (1).zip	(exempt: append-only history / hash-pinned authority)
C	QUARANTINE/duplicates_exact/SU4_HYBRID_ADAPTER_AUDIT_V1_LAUNCH_BUNDLE (1)__2.zip	(exempt: append-only history / hash-pinned authority)
C	QUARANTINE/duplicates_exact/SU4_HYBRID_ADAPTER_AUDIT_V1_LAUNCH_BUNDLE.zip	(exempt: append-only history / hash-pinned authority)
C	QUARANTINE/duplicates_exact/SU4_HYBRID_COMPLETE_CERTIFICATE_V2 (1).json	(exempt: append-only history / hash-pinned authority)
C	QUARANTINE/duplicates_exact/SU4_HYBRID_COMPLETE_THEOREM_V2 (1).md	(exempt: append-only history / hash-pinned authority)
C	QUARANTINE/duplicates_exact/SU4_HYBRID_COMPLETE_THEOREM_V2 (2).md	(exempt: append-only history / hash-pinned authority)
C	QUARANTINE/duplicates_exact/SU4_HYBRID_COMPLETE_THEOREM_V2 (3).md	(exempt: append-only history / hash-pinned authority)
C	QUARANTINE/duplicates_exact/THM_SU4_hybrid_theorem_v2.md	(exempt: append-only history / hash-pinned authority)
C	QUARANTINE/duplicates_exact/SU4_HYBRID_COMPLETE_V2_BUNDLE.zip	(exempt: append-only history / hash-pinned authority)
C	QUARANTINE/duplicates_exact/SU4_LOCAL_ALGEBRA_V1_LAUNCH_BUNDLE (1).zip	(exempt: append-only history / hash-pinned authority)
C	QUARANTINE/duplicates_exact/SU4_LOCAL_ALGEBRA_V1_LAUNCH_BUNDLE (1)__2.zip	(exempt: append-only history / hash-pinned authority)
C	QUARANTINE/duplicates_exact/SU4_LOCAL_ALGEBRA_V1_LAUNCH_BUNDLE.zip	(exempt: append-only history / hash-pinned authority)
C	QUARANTINE/duplicates_exact/SU4_PERSISTENT_RESULTS_2026-06-14.zip	(exempt: append-only history / hash-pinned authority)
C	QUARANTINE/duplicates_exact/SU5_COMPLETE_FOURTH_ORDER_BUNDLE.zip	(exempt: append-only history / hash-pinned authority)
C	QUARANTINE/duplicates_exact/SU5_FOURTH_ORDER_COMPLETE_RELEASE.zip	(exempt: append-only history / hash-pinned authority)
C	QUARANTINE/duplicates_exact/SU6_DETERMINANT_ARCHIVAL_V2_BUNDLE.zip	(exempt: append-only history / hash-pinned authority)
C	QUARANTINE/duplicates_exact/SU6_DETERMINANT_COMPLETE_BUNDLE.zip	(exempt: append-only history / hash-pinned authority)
C	QUARANTINE/duplicates_exact/SU6_DETERMINANT_COMPLETE_THEOREM (1) (1).md	(exempt: append-only history / hash-pinned authority)
C	QUARANTINE/duplicates_exact/SU6_DETERMINANT_COMPLETE_THEOREM (1).md	(exempt: append-only history / hash-pinned authority)
C	QUARANTINE/duplicates_exact/THM_SU6_determinant_theorem.md	(exempt: append-only history / hash-pinned authority)
C	QUARANTINE/duplicates_exact/SU6_DETERMINANT_STAGE0_BUNDLE.zip	(exempt: append-only history / hash-pinned authority)
C	QUARANTINE/duplicates_exact/SU6_SINGLE_ORBIT_CONTRACTION_V1_LAUNCH_BUNDLE.zip	(exempt: append-only history / hash-pinned authority)
C	QUARANTINE/duplicates_exact/suN_closed_surface_band_stage1_certificate (1).py	(exempt: append-only history / hash-pinned authority)
C	QUARANTINE/duplicates_exact/suN_glueball_JPC_benchmark (1).csv	(exempt: append-only history / hash-pinned authority)
C	QUARANTINE/duplicates_exact/ENGINE_SUN_realworld_predictions.py	(exempt: append-only history / hash-pinned authority)
C	QUARANTINE/duplicates_exact/NOTE_SUN_su_n_closed_surface_stage1.md	(exempt: append-only history / hash-pinned authority)
C	QUARANTINE/duplicates_exact/SU_N_STAGE3G_WIRING_BUNDLE.zip	(exempt: append-only history / hash-pinned authority)
C	QUARANTINE/duplicates_exact/SU_N_WALLED_BRAUER_STAGE2A_BUNDLE.zip	(exempt: append-only history / hash-pinned authority)
C	QUARANTINE/duplicates_exact/CERT_OP1_s_chessboard_rate.json	(exempt: append-only history / hash-pinned authority)
C	QUARANTINE/duplicates_exact/ENGINE_OP1_s_chessboard_rate.py	(exempt: append-only history / hash-pinned authority)
C	QUARANTINE/duplicates_exact/THM_Y4_theorem_flat_band_breaking_2026-06-13.md	(exempt: append-only history / hash-pinned authority)
C	QUARANTINE/duplicates_exact/ENGINE_TROM_tromino_candidate_closed_form_check.py	(exempt: append-only history / hash-pinned authority)
C	QUARANTINE/duplicates_exact/ENGINE_TROM_tromino_contract_independent_check.py	(exempt: append-only history / hash-pinned authority)
C	QUARANTINE/duplicates_exact/ENGINE_TROM_tromino_o3_candidate_lift_diagnostic.py	(exempt: append-only history / hash-pinned authority)
C	QUARANTINE/duplicates_exact/ENGINE_TROM_tromino_o3_su3_weight_cards.py	(exempt: append-only history / hash-pinned authority)
C	QUARANTINE/duplicates_exact/ENGINE_TROM_tromino_weight_constraint_certificate.py	(exempt: append-only history / hash-pinned authority)
C	QUARANTINE/duplicates_exact/THM_SUN_unified_nality_theorem_audited_v2.md	(exempt: append-only history / hash-pinned authority)
C	QUARANTINE/duplicates_exact/UNIFIED_NALITY_COMPLETE_THEOREM_CORRECTED_2026-06-14 (1).md	(exempt: append-only history / hash-pinned authority)
C	QUARANTINE/duplicates_exact/Untitled221 (1).ipynb	(exempt: append-only history / hash-pinned authority)
C	QUARANTINE/duplicates_exact/Untitled221 (2).ipynb	(exempt: append-only history / hash-pinned authority)
C	QUARANTINE/duplicates_exact/Untitled222.ipynb	(exempt: append-only history / hash-pinned authority)
C	QUARANTINE/duplicates_exact/Untitled222_fixed.ipynb	(exempt: append-only history / hash-pinned authority)
C	QUARANTINE/duplicates_exact/NB_RCAP_wilson_su3_rare_defect_peierls_probe_v2.ipynb	(exempt: append-only history / hash-pinned authority)
C	QUARANTINE/duplicates_exact/wilson_su3_rooted_defect_peierls_probe (1).ipynb	(exempt: append-only history / hash-pinned authority)
C	QUARANTINE/duplicates_exact/wilson_su3_rooted_defect_peierls_probe.ipynb	(exempt: append-only history / hash-pinned authority)
C	QUARANTINE/duplicates_exact/y4_band_curvature_exact.py	(exempt: append-only history / hash-pinned authority)
C	QUARANTINE/duplicates_exact/y4_corrected_global_minimum_certificate (1).ipynb	(exempt: append-only history / hash-pinned authority)
C	QUARANTINE/duplicates_exact/y4_corrected_global_minimum_certificate.ipynb	(exempt: append-only history / hash-pinned authority)
C	QUARANTINE/duplicates_exact/y4_d3_vertex_singlet_dictionary_generator_FIXED_EXECUTED.ipynb	(exempt: append-only history / hash-pinned authority)
C	QUARANTINE/duplicates_exact/Y4_EXACT_ANALYTIC_FACTORIZATION_CERTIFICATE (1).md	(exempt: append-only history / hash-pinned authority)
C	QUARANTINE/duplicates_exact/y4_exact_analytic_factorization_certificate (1).py	(exempt: append-only history / hash-pinned authority)
C	QUARANTINE/duplicates_exact/y4_exact_analytic_factorization_certificate (2).py	(exempt: append-only history / hash-pinned authority)
C	QUARANTINE/duplicates_exact/y4_exact_factorization_run (1).log	(exempt: append-only history / hash-pinned authority)
C	QUARANTINE/duplicates_exact/y4_extracted_sources.zip	(exempt: append-only history / hash-pinned authority)
C	QUARANTINE/duplicates_exact/y4_final_endgame_autobundle.py	(exempt: append-only history / hash-pinned authority)
C	QUARANTINE/duplicates_exact/CERT_Y4_global_band_edge_certificate.md	(exempt: append-only history / hash-pinned authority)
C	QUARANTINE/duplicates_exact/y4_global_band_edge_certificate_final.py	(exempt: append-only history / hash-pinned authority)
C	QUARANTINE/duplicates_exact/Y4_REAL_SPACE_SOS_PACKAGE.zip	(exempt: append-only history / hash-pinned authority)
C	QUARANTINE/duplicates_exact/ENGINE_Y4_sos_a100_validation.py	(exempt: append-only history / hash-pinned authority)
C	QUARANTINE/duplicates_exact/Y4_SOS_TARGETED_STAGE3G_REDUCTION_BUNDLE.zip	(exempt: append-only history / hash-pinned authority)
C	QUARANTINE/duplicates_exact/y4_stage0_geometry_manifest.py	(exempt: append-only history / hash-pinned authority)
C	QUARANTINE/duplicates_exact/y4_stage1_stage2_autobundle (1).py	(exempt: append-only history / hash-pinned authority)
C	QUARANTINE/duplicates_exact/y4_stage1_stage2_autobundle.py	(exempt: append-only history / hash-pinned authority)
C	QUARANTINE/duplicates_exact/y4_stage2_exact_haar_library.py	(exempt: append-only history / hash-pinned authority)
C	QUARANTINE/duplicates_exact/y4_stage3a_domino_recoupling_firewall.py	(exempt: append-only history / hash-pinned authority)
C	QUARANTINE/duplicates_exact/y4_stage3b_stage3c_autobundle.py	(exempt: append-only history / hash-pinned authority)
C	QUARANTINE/duplicates_exact/y4_stage3d_domino_raw_trace_contraction.py	(exempt: append-only history / hash-pinned authority)
C	QUARANTINE/duplicates_exact/y4_stage3e_trace_wiring_compiler.py	(exempt: append-only history / hash-pinned authority)
C	QUARANTINE/duplicates_exact/y4_stage3f_safe_nonresonant_evaluator.py	(exempt: append-only history / hash-pinned authority)
C	QUARANTINE/duplicates_exact/y4_stage3g_checkpointed.py	(exempt: append-only history / hash-pinned authority)
C	QUARANTINE/duplicates_exact/y4_stage3h_complete_nonresonant_contraction.py	(exempt: append-only history / hash-pinned authority)
C	QUARANTINE/duplicates_exact/Y4_SUN_ALL_N_GE_3_BAND_SHAPE_BUNDLE_2026-06-14.zip	(exempt: append-only history / hash-pinned authority)
C	QUARANTINE/duplicates_exact/NOTE_Y4_sun_b_structured_expression.txt	(exempt: append-only history / hash-pinned authority)
C	QUARANTINE/duplicates_exact/Y4_SUN_FULL_SYMBOLIC_INDEPENDENT_RERUN_2026-06-14 (1).zip	(exempt: append-only history / hash-pinned authority)
C	QUARANTINE/duplicates_exact/Y4_SUN_FULL_SYMBOLIC_INDEPENDENT_RERUN_2026-06-14 (1)__2.zip	(exempt: append-only history / hash-pinned authority)
C	QUARANTINE/duplicates_exact/Y4_SUN_FULL_SYMBOLIC_INDEPENDENT_RERUN_2026-06-14.zip	(exempt: append-only history / hash-pinned authority)
C	QUARANTINE/duplicates_exact/NOTE_Y4_sun_q_compact_z_formula.txt	(exempt: append-only history / hash-pinned authority)
C	QUARANTINE/duplicates_exact/y4_sun_stable_ordered_words.json.gz	(exempt: append-only history / hash-pinned authority)
C	QUARANTINE/duplicates_exact/y4_sun_stable_rank_stage1.py	(exempt: append-only history / hash-pinned authority)
C	QUARANTINE/duplicates_exact/Y4_SUN_SYMBOLIC_QAB_COMPACT_BUNDLE.zip	(exempt: append-only history / hash-pinned authority)
C	QUARANTINE/duplicates_exact/y4_sun_walled_brauer_fixed_rank.py	(exempt: append-only history / hash-pinned authority)
C	QUARANTINE/duplicates_exact/Y4_SUN_WALLED_BRAUER_FULL_SYMBOLIC_BUNDLE_2026-06-14 (1).zip	(exempt: append-only history / hash-pinned authority)
C	QUARANTINE/duplicates_exact/Y4_SUN_WALLED_BRAUER_FULL_SYMBOLIC_BUNDLE_2026-06-14 (1)__2.zip	(exempt: append-only history / hash-pinned authority)
C	QUARANTINE/duplicates_exact/Y4_SUN_WALLED_BRAUER_FULL_SYMBOLIC_BUNDLE_2026-06-14.zip	(exempt: append-only history / hash-pinned authority)
C	QUARANTINE/duplicates_exact/Y4_SUN_WALLED_BRAUER_FULL_SYMBOLIC_BUNDLE_2026-06-14_V2 (1).zip	(exempt: append-only history / hash-pinned authority)
C	QUARANTINE/duplicates_exact/Y4_SUN_WALLED_BRAUER_FULL_SYMBOLIC_BUNDLE_2026-06-14_V2 (1)__2.zip	(exempt: append-only history / hash-pinned authority)
C	QUARANTINE/duplicates_exact/Y4_SUN_WALLED_BRAUER_FULL_SYMBOLIC_BUNDLE_2026-06-14_V2 (2).zip	(exempt: append-only history / hash-pinned authority)
C	QUARANTINE/duplicates_exact/Y4_SUN_WALLED_BRAUER_FULL_SYMBOLIC_BUNDLE_2026-06-14_V2 (2)__2.zip	(exempt: append-only history / hash-pinned authority)
C	QUARANTINE/duplicates_exact/Y4_SUN_WALLED_BRAUER_FULL_SYMBOLIC_BUNDLE_2026-06-14_V2.zip	(exempt: append-only history / hash-pinned authority)
C	QUARANTINE/duplicates_exact/_M5_1_—_HEAT_KERNEL_BESSEL_FINITE_CERTIFICATE_+_TAIL_PIN_TEST.ipynb	(exempt: append-only history / hash-pinned authority)
C	QUARANTINE/duplicates_exact/NB_OP1_m5_tier_2_ceiling_pin_auditor.ipynb	(exempt: append-only history / hash-pinned authority)
C	QUARANTINE/process_docs/AGENT_PROTOCOL.md	(exempt: append-only history / hash-pinned authority)
C	QUARANTINE/process_docs/CHARTER.md	(exempt: append-only history / hash-pinned authority)
C	QUARANTINE/process_docs/GUARDRAILS.md	(exempt: append-only history / hash-pinned authority)
C	QUARANTINE/superseded/flatband paper.pdf	(exempt: append-only history / hash-pinned authority)
C	QUARANTINE/superseded/GAUGE_CONSTRAINED_SPECTRAL_GEOMETRY_UNIFIED_v1_3_2026-08-08.pdf	(exempt: append-only history / hash-pinned authority)
C	QUARANTINE/superseded/GAUGE_CONSTRAINED_SPECTRAL_GEOMETRY_UNIFIED_v1_3_2026-08-08.tex	(exempt: append-only history / hash-pinned authority)
C	QUARANTINE/superseded/GLUEBALL_CANONICAL_SOURCE_MANIFEST_2026-08-20.csv	(exempt: append-only history / hash-pinned authority)
C	QUARANTINE/superseded/GLUEBALL_CANONICAL_SOURCE_MANIFEST_2026-08-20_v2.csv	(exempt: append-only history / hash-pinned authority)
C	QUARANTINE/superseded/GLUEBALL_DETAILED_FORMULA_DOCUMENT_2026-08-20.md	(exempt: append-only history / hash-pinned authority)
C	QUARANTINE/superseded/GLUEBALL_DETAILED_FORMULA_DOCUMENT_2026-08-20_ADDENDUM.md	(exempt: append-only history / hash-pinned authority)
C	QUARANTINE/superseded/GLUEBALL_DETAILED_FORMULA_DOCUMENT_2026-08-20_v2.md	(exempt: append-only history / hash-pinned authority)
C	QUARANTINE/superseded/GLUEBALL_DETAILED_FORMULA_DOCUMENT_2026-08-20_v3.md	(exempt: append-only history / hash-pinned authority)
C	QUARANTINE/superseded/glueball_flat_band_paper_v0_1.pdf	(exempt: append-only history / hash-pinned authority)
C	QUARANTINE/superseded/glueball_flat_band_paper_v0_1.tex	(exempt: append-only history / hash-pinned authority)
C	QUARANTINE/superseded/glueball_flat_band_paper_v0_2 (1).pdf	(exempt: append-only history / hash-pinned authority)
C	QUARANTINE/superseded/glueball_flat_band_paper_v0_2 (1).tex	(exempt: append-only history / hash-pinned authority)
C	QUARANTINE/superseded/glueball_flat_band_paper_v0_2.pdf	(exempt: append-only history / hash-pinned authority)
C	QUARANTINE/superseded/glueball_flat_band_paper_v0_2.tex	(exempt: append-only history / hash-pinned authority)
C	QUARANTINE/superseded/glueball_flat_band_paper_v0_3.pdf	(exempt: append-only history / hash-pinned authority)
C	QUARANTINE/superseded/glueball_flat_band_paper_v0_7.pdf	(exempt: append-only history / hash-pinned authority)
C	QUARANTINE/superseded/glueball_flat_band_paper_v0_7.tex	(exempt: append-only history / hash-pinned authority)
C	QUARANTINE/superseded/glueball_flat_band_patch_v0_2.md	(exempt: append-only history / hash-pinned authority)
C	QUARANTINE/superseded/GLUEBALL_SOURCE_CONSOLIDATION_GUIDE_2026-08-20.md	(exempt: append-only history / hash-pinned authority)
C	QUARANTINE/superseded/GLUEBALL_SOURCE_CONSOLIDATION_GUIDE_2026-08-20_v2.md	(exempt: append-only history / hash-pinned authority)
C	QUARANTINE/superseded/MASTER_one_plaquette_program (1).md	(exempt: append-only history / hash-pinned authority)
C	QUARANTINE/superseded/MASTER_one_plaquette_program_v2_1.md	(exempt: append-only history / hash-pinned authority)
C	QUARANTINE/superseded/MASTER_one_plaquette_program_v2_2.md	(exempt: append-only history / hash-pinned authority)
C	QUARANTINE/superseded/MASTER_one_plaquette_program_v2_3.md	(exempt: append-only history / hash-pinned authority)
C	QUARANTINE/superseded/MASTER_one_plaquette_program_v2_4.md	(exempt: append-only history / hash-pinned authority)
C	QUARANTINE/superseded/MASTER_one_plaquette_program_v2_5.md	(exempt: append-only history / hash-pinned authority)
C	QUARANTINE/superseded/MASTER_THEORY.md	(exempt: append-only history / hash-pinned authority)
C	QUARANTINE/superseded/MASTER_THEORY_UNIFIED_2026-08-20_v2.md	(exempt: append-only history / hash-pinned authority)
C	QUARANTINE/superseded/UNIVERSAL_FOURTH_ORDER_MOBILITY_THEOREM_2026-08-08.md	(exempt: append-only history / hash-pinned authority)
C	QUARANTINE/superseded/papers_flat_band/glueball_flat_band_paper_v0_1.pdf	(exempt: append-only history / hash-pinned authority)
C	QUARANTINE/superseded/papers_flat_band/glueball_flat_band_paper_v0_1.tex	(exempt: append-only history / hash-pinned authority)
C	QUARANTINE/superseded/papers_flat_band/glueball_flat_band_paper_v0_8.pdf	(exempt: append-only history / hash-pinned authority)
C	QUARANTINE/superseded/papers_flat_band/glueball_flat_band_paper_v0_8.tex	(exempt: append-only history / hash-pinned authority)
C	QUARANTINE/superseded/papers_flat_band/glueball_flat_band_paper_v0_8a.pdf	(exempt: append-only history / hash-pinned authority)
C	QUARANTINE/superseded/papers_flat_band/glueball_flat_band_paper_v0_8a.tex	(exempt: append-only history / hash-pinned authority)
C	QUARANTINE/superseded/papers_flat_band/glueball_flat_band_paper_v0_9.pdf	(exempt: append-only history / hash-pinned authority)
C	QUARANTINE/superseded/papers_flat_band/glueball_flat_band_paper_v0_9.tex	(exempt: append-only history / hash-pinned authority)
C	QUARANTINE/superseded/papers_flat_band/glueball_flat_band_paper_v1_0.aux	(exempt: append-only history / hash-pinned authority)
C	QUARANTINE/superseded/papers_flat_band/glueball_flat_band_paper_v1_0.log	(exempt: append-only history / hash-pinned authority)
C	QUARANTINE/superseded/papers_flat_band/glueball_flat_band_paper_v1_0.pdf	(exempt: append-only history / hash-pinned authority)
C	QUARANTINE/superseded/papers_flat_band/glueball_flat_band_paper_v1_0.tex	(exempt: append-only history / hash-pinned authority)
C	QUARANTINE/unrelated/2026 BSJ_Clear Field Article_FINAL.docx	(exempt: append-only history / hash-pinned authority)
C	QUARANTINE/unrelated/AGENTS.md	(exempt: append-only history / hash-pinned authority)
C	QUARANTINE/unrelated/AGENTS_from_archive_simulations.md	(exempt: append-only history / hash-pinned authority)
C	QUARANTINE/unrelated/ChatGPT Installer (1).exe	(exempt: append-only history / hash-pinned authority)
C	QUARANTINE/unrelated/ChatGPT Installer (2).exe	(exempt: append-only history / hash-pinned authority)
C	QUARANTINE/unrelated/cocaine-80s-v4.jsx	(exempt: append-only history / hash-pinned authority)
C	QUARANTINE/unrelated/cocaine-80s-v4_1.jsx	(exempt: append-only history / hash-pinned authority)
C	QUARANTINE/unrelated/compactified-axis.html	(exempt: append-only history / hash-pinned authority)
C	QUARANTINE/unrelated/gemini glazing bullshit.txt	(exempt: append-only history / hash-pinned authority)
C	QUARANTINE/unrelated/gemini-code-1787239338770.html	(exempt: append-only history / hash-pinned authority)
C	QUARANTINE/unrelated/Godot_v4.7.1-stable_win64.exe.zip	(exempt: append-only history / hash-pinned authority)
C	QUARANTINE/unrelated/MECHANICS.md	(exempt: append-only history / hash-pinned authority)
C	QUARANTINE/unrelated/Microsoft.Services.Store.winmd	(exempt: append-only history / hash-pinned authority)
C	records/PATH_MIGRATION_2026-08-20.md	(exempt: append-only history / hash-pinned authority)
C	records/README.md	(exempt: structural name (README etc.) — tools depend on it)
C	records/RENAME_PLAN_2026-08-20.tsv	(exempt: append-only history / hash-pinned authority)
C	records/REORG_MANIFEST_2026-08-20.tsv	(exempt: append-only history / hash-pinned authority)
C	records/REORG_PLAN_2026-08-20_PREMOVE.tsv	(exempt: append-only history / hash-pinned authority)
C	records/SESSION_LOG.md	(exempt: append-only history / hash-pinned authority)
C	records/STATE_ARCHIVE_2026-06-15.md	(exempt: append-only history / hash-pinned authority)
C	records/audits/00-features.md	(exempt: append-only history / hash-pinned authority)
C	records/audits/01-theory-authority.md	(exempt: append-only history / hash-pinned authority)
C	records/audits/02-duplication-report.md	(exempt: append-only history / hash-pinned authority)
C	records/audits/02-local-haar-electric.md	(exempt: append-only history / hash-pinned authority)
C	records/audits/03-prism-selection-shape.md	(exempt: append-only history / hash-pinned authority)
C	records/audits/03-unified-proposal.md	(exempt: append-only history / hash-pinned authority)
C	records/audits/04-anchored-krylov-prototypes.md	(exempt: append-only history / hash-pinned authority)
C	records/audits/04-handoff-prompts.md	(exempt: append-only history / hash-pinned authority)
C	records/audits/05-globalq-mass-string.md	(exempt: append-only history / hash-pinned authority)
C	records/audits/05-latest-run-forensics.md	(exempt: append-only history / hash-pinned authority)
C	records/audits/06-pattern-2-5-runtime-forensics.md	(exempt: append-only history / hash-pinned authority)
C	records/audits/06-physicalq-q2.md	(exempt: append-only history / hash-pinned authority)
C	records/audits/07-denominator-lift.md	(exempt: append-only history / hash-pinned authority)
C	records/audits/07-repeat-v25-delivery-forensics.md	(exempt: append-only history / hash-pinned authority)
C	records/audits/08-rooted-adjudication.md	(exempt: append-only history / hash-pinned authority)
C	records/audits/09-dual-cold-oracle.md	(exempt: append-only history / hash-pinned authority)
C	records/audits/10-su3-monte-carlo.md	(exempt: append-only history / hash-pinned authority)
C	records/audits/FLATBAND_PAPER_EXPANSION_AUDIT_2026-07-25.md	(exempt: append-only history / hash-pinned authority)
C	records/audits/M5_PACKAGE_INTAKE_AUDIT_2026-06-12.md	(exempt: append-only history / hash-pinned authority)
C	records/audits/M6_AND_SIGMA56_EXECUTION_REPORT_2026-06-14 (1).md	(exempt: append-only history / hash-pinned authority)
C	records/audits/README.md	(exempt: structural name (README etc.) — tools depend on it)
C	records/audits/README_glueball_data.md	(exempt: append-only history / hash-pinned authority)
C	records/audits/README_Y6_STAGE0_external_memory_pipeline.md	(exempt: append-only history / hash-pinned authority)
C	records/audits/STATUS_fourth_order_build (2).md	(exempt: append-only history / hash-pinned authority)
C	records/audits/STATUS_fourth_order_build.md	(exempt: append-only history / hash-pinned authority)
C	records/audits/su_n_docx_render_audit/comments.json	(exempt: append-only history / hash-pinned authority)
C	records/audits/su_n_docx_render_audit/docx_blocks.txt	(exempt: append-only history / hash-pinned authority)
C	records/audits/su_n_docx_render_audit/make_contact_sheet.py	(exempt: append-only history / hash-pinned authority)
C	records/audits/su_n_docx_render_audit/render/contact-key-pages.jpg	(exempt: append-only history / hash-pinned authority)
C	records/audits/su_n_docx_render_audit/render/page-01.png	(exempt: append-only history / hash-pinned authority)
C	records/audits/su_n_docx_render_audit/render/page-02.png	(exempt: append-only history / hash-pinned authority)
C	records/audits/su_n_docx_render_audit/render/page-03.png	(exempt: append-only history / hash-pinned authority)
C	records/audits/su_n_docx_render_audit/render/page-04.png	(exempt: append-only history / hash-pinned authority)
C	records/audits/su_n_docx_render_audit/render/page-05.png	(exempt: append-only history / hash-pinned authority)
C	records/audits/su_n_docx_render_audit/render/page-06.png	(exempt: append-only history / hash-pinned authority)
C	records/audits/su_n_docx_render_audit/render/page-07.png	(exempt: append-only history / hash-pinned authority)
C	records/audits/su_n_docx_render_audit/render/page-08.png	(exempt: append-only history / hash-pinned authority)
C	records/audits/su_n_docx_render_audit/render/page-09.png	(exempt: append-only history / hash-pinned authority)
C	records/audits/su_n_docx_render_audit/render/page-10.png	(exempt: append-only history / hash-pinned authority)
C	records/audits/su_n_docx_render_audit/render/page-11.png	(exempt: append-only history / hash-pinned authority)
C	records/audits/su_n_docx_render_audit/render/page-12.png	(exempt: append-only history / hash-pinned authority)
C	records/audits/su_n_docx_render_audit/render/page-13.png	(exempt: append-only history / hash-pinned authority)
C	records/audits/su_n_docx_render_audit/render/page-14.png	(exempt: append-only history / hash-pinned authority)
C	records/audits/su_n_docx_render_audit/render/page-15.png	(exempt: append-only history / hash-pinned authority)
C	records/audits/su_n_docx_render_audit/render/page-16.png	(exempt: append-only history / hash-pinned authority)
C	records/audits/su_n_docx_render_audit/render/page-17.png	(exempt: append-only history / hash-pinned authority)
C	records/audits/su_n_docx_render_audit/render/page-18.png	(exempt: append-only history / hash-pinned authority)
C	records/audits/su_n_docx_render_audit/render/page-19.png	(exempt: append-only history / hash-pinned authority)
C	records/audits/su_n_docx_render_audit/render/page-20.png	(exempt: append-only history / hash-pinned authority)
C	records/audits/su_n_docx_render_audit/render/page-21.png	(exempt: append-only history / hash-pinned authority)
C	records/audits/su_n_docx_render_audit/render/page-22.png	(exempt: append-only history / hash-pinned authority)
C	records/audits/su_n_docx_render_audit/render/page-23.png	(exempt: append-only history / hash-pinned authority)
C	records/audits/su_n_docx_render_audit/render/SU_N_Homological_Flat_Bands_and_Rank_Cubic_Spectral_Geometry.pdf	(exempt: append-only history / hash-pinned authority)
C	records/governance_archive/AGENT_PROTOCOL_2026-06-15_ORIGINAL.md	(exempt: append-only history / hash-pinned authority)
C	records/governance_archive/CHARTER_2026-06-15_ORIGINAL.md	(exempt: append-only history / hash-pinned authority)
C	records/governance_archive/CLAUDE_2026-06-15_ORIGINAL.md	(exempt: append-only history / hash-pinned authority)
C	records/governance_archive/DECISIONS_2026-06-15_ORIGINAL.md	(exempt: append-only history / hash-pinned authority)
C	records/governance_archive/GUARDRAILS_2026-06-15_ORIGINAL.md	(exempt: append-only history / hash-pinned authority)
C	records/governance_archive/INDEX_2026-06-15_ORIGINAL.md	(exempt: append-only history / hash-pinned authority)
C	records/governance_archive/ORIGINALS_MD5.txt	(exempt: append-only history / hash-pinned authority)
C	records/governance_archive/README.md	(exempt: structural name (README etc.) — tools depend on it)
C	records/governance_archive/SOURCES_2026-06-15_ORIGINAL.md	(exempt: append-only history / hash-pinned authority)
C	records/governance_archive/STATE_2026-06-15_ORIGINAL.md	(exempt: append-only history / hash-pinned authority)
C	records/review/README.md	(exempt: structural name (README etc.) — tools depend on it)
C	records/review/REVIEW_LEDGER.md	(exempt: append-only history / hash-pinned authority)
C	records/review/REVIEW_PROTOCOL.md	(exempt: append-only history / hash-pinned authority)
C	records/review/findings/F001_scalar_cluster_recovery_core.md	(exempt: append-only history / hash-pinned authority)
C	records/review/findings/F002_scalar_cluster_remainder.md	(exempt: append-only history / hash-pinned authority)
C	records/review/findings/F003_downloads_pmbsf_intake.md	(exempt: append-only history / hash-pinned authority)
C	records/review/findings/F004_pmbsf_master_lemma_q.md	(exempt: append-only history / hash-pinned authority)
C	records/review/findings/F005_proof_13_14_15_structural.md	(exempt: append-only history / hash-pinned authority)
C	records/review/findings/F006_comprehensive_manuscript_map.md	(exempt: append-only history / hash-pinned authority)
C	records/review/findings/F007_pmbsf_paper_lines.md	(exempt: append-only history / hash-pinned authority)
C	records/review/findings/F008_lean_layer_audit.md	(exempt: append-only history / hash-pinned authority)
C	records/review/findings/F009_second_lean_project.md	(exempt: append-only history / hash-pinned authority)
C	records/review/findings/F010_drive_E_sweep_chatgpt_export.md	(exempt: append-only history / hash-pinned authority)
C	records/review/findings/F012_pmbsf_notebooks_runs_identification.md	(exempt: append-only history / hash-pinned authority)
C	records/review/findings/F013_synthesis_corpus.md	(exempt: append-only history / hash-pinned authority)
C	records/review/findings/F014_one_plaquette_master_v2_7.md	(exempt: append-only history / hash-pinned authority)
C	records/review/findings/F015_one_plaquette_certificate_recovery.md	(exempt: append-only history / hash-pinned authority)
C	records/review/findings/F016_proven_chain_P01_P20.md	(exempt: append-only history / hash-pinned authority)
C	records/review/findings/F017_clay_submission_chain.md	(exempt: append-only history / hash-pinned authority)
C	records/review/findings/F018_cmi_review_package.md	(exempt: append-only history / hash-pinned authority)
C	records/review/findings/F019_appendices_survey.md	(exempt: append-only history / hash-pinned authority)
C	records/review/findings/F020_red_davies_vs_kchain.md	(exempt: append-only history / hash-pinned authority)
C	records/review/findings/F021_brown_deep_read_locality.md	(exempt: append-only history / hash-pinned authority)
C	records/review/findings/F022_clay_remainder_proof04_reviews_code.md	(exempt: append-only history / hash-pinned authority)
C	records/review/findings/F023_simulations_store_survey.md	(exempt: append-only history / hash-pinned authority)
C	records/review/findings/F024_tromino_o3_intake.md	(exempt: append-only history / hash-pinned authority)
C	records/review/findings/F025_rooted_capacity_doc_layer.md	(exempt: append-only history / hash-pinned authority)
C	records/review/findings/F026_rooted_capacity_deep_read.md	(exempt: append-only history / hash-pinned authority)
C	records/review/findings/F027_closed_form_trio_review.md	(exempt: append-only history / hash-pinned authority)
C	records/review/findings/F028_ceiling_pin_auditor_review.md	(exempt: append-only history / hash-pinned authority)
C	records/review/findings/F029_s_chessboard_route_review.md	(exempt: append-only history / hash-pinned authority)
C	records/review/findings/F030_m5_bessel_cover_domination_review.md	(exempt: append-only history / hash-pinned authority)
C	records/review/findings/F031_lemma_b_proof_and_m5_batch_intake.md	(exempt: append-only history / hash-pinned authority)
C	records/review/findings/F032_session_p_lemma_a_proofs_review.md	(exempt: append-only history / hash-pinned authority)
C	records/review/findings/F033_lemma_a_closure_unconditional_floors.md	(exempt: append-only history / hash-pinned authority)
C	records/review/findings/F034_ebar1_chessboard_negative.md	(exempt: append-only history / hash-pinned authority)
C	records/review/findings/F035_delta_window_deterministic.md	(exempt: append-only history / hash-pinned authority)
C	records/review/findings/F036_delta_max_comparator_faithfulness.md	(exempt: append-only history / hash-pinned authority)
C	records/review/findings/F037_za_cap_geometry.md	(exempt: append-only history / hash-pinned authority)
C	records/review/findings/F038_za_multicap_rate.md	(exempt: append-only history / hash-pinned authority)
C	records/review/findings/F039_za_dp_observable_measured.md	(exempt: append-only history / hash-pinned authority)
C	records/review/findings/F040_za_dp_vs_L.md	(exempt: append-only history / hash-pinned authority)
C	records/review/findings/F041_rooted_tilt_amplification.md	(exempt: append-only history / hash-pinned authority)
C	records/review/findings/F042_overlap_mechanism.md	(exempt: append-only history / hash-pinned authority)
C	records/review/findings/F043_local_amplification_quadrature.md	(exempt: append-only history / hash-pinned authority)
C	records/review/findings/README.md	(exempt: structural name (README etc.) — tools depend on it)
C	records/review/manifests/README.md	(exempt: structural name (README etc.) — tools depend on it)
C	records/review/manifests/SIMULATIONS_MD5_2026-06-12.txt	(exempt: append-only history / hash-pinned authority)
C	records/review/manifests/SIMULATIONS_MD5_2026-06-12b.txt	(exempt: append-only history / hash-pinned authority)
C	records/review/uploads_2026-06-14/PROJECT_FILE_REVIEW_AND_PAPER_UPDATE_PLAN_2026-06-14.md	(exempt: append-only history / hash-pinned authority)
C	records/review/uploads_2026-06-14/SOURCE_FILE_REVIEW_2026-06-14.md	(exempt: append-only history / hash-pinned authority)
C	records/runs/execution.log	(exempt: append-only history / hash-pinned authority)
C	records/runs/README.md	(exempt: structural name (README etc.) — tools depend on it)
C	records/runs/SU6_DETERMINANT_COMPLETE_run.log	(exempt: append-only history / hash-pinned authority)
C	records/runs/suN_closed_surface_stage1_run.log	(exempt: append-only history / hash-pinned authority)
C	records/runs/VERIFY_ALL_run (1).log	(exempt: append-only history / hash-pinned authority)
C	records/runs/VERIFY_ALL_run.log	(exempt: append-only history / hash-pinned authority)
C	records/runs/y4_exact_factorization_run.log	(exempt: append-only history / hash-pinned authority)
C	records/runs/_audit_stable_full_run.log	(exempt: append-only history / hash-pinned authority)
C	records/transcripts/# HODGE v10a.24c — production runti.txt	(exempt: append-only history / hash-pinned authority)
C	records/transcripts/# HODGE v10a.26 — Factor-(5,2) Comp.txt	(exempt: append-only history / hash-pinned authority)
C	records/transcripts/## Assessment.txt	(exempt: append-only history / hash-pinned authority)
C	records/transcripts/#-Final-unified-theory.txt	(exempt: append-only history / hash-pinned authority)
C	records/transcripts/15 hour RUN. results.txt	(exempt: append-only history / hash-pinned authority)
C	records/transcripts/15 hour RUN.txt	(exempt: append-only history / hash-pinned authority)
C	records/transcripts/818.txt	(exempt: append-only history / hash-pinned authority)
C	records/transcripts/819gptultralocal.txt	(exempt: append-only history / hash-pinned authority)
C	records/transcripts/audit_stranded_flux_zero_backend_results.txt	(exempt: append-only history / hash-pinned authority)
C	records/transcripts/chat.txt	(exempt: append-only history / hash-pinned authority)
C	records/transcripts/hhc_circuit_bridge_audit.txt	(exempt: append-only history / hash-pinned authority)
C	records/transcripts/hhc_loop_incidence_audit.txt	(exempt: append-only history / hash-pinned authority)
C	records/transcripts/Monday 531 PM.txt	(exempt: append-only history / hash-pinned authority)
C	records/transcripts/NOTEBOOK RUN.txt	(exempt: append-only history / hash-pinned authority)
C	records/transcripts/pentagonal_o4_minimal_representation_frontier_results.txt	(exempt: append-only history / hash-pinned authority)
C	records/transcripts/pentagonal_prism_O5_decisive_resolvent_results.txt	(exempt: append-only history / hash-pinned authority)
C	records/transcripts/README.md	(exempt: structural name (README etc.) — tools depend on it)
C	records/transcripts/SOURCEOFGOD.txt	(exempt: append-only history / hash-pinned authority)
C	records/transcripts/UNIFIED THEORY GUESS.txt	(exempt: append-only history / hash-pinned authority)
C	theory/README.md	(exempt: structural name (README etc.) — tools depend on it)
C	theory/conjectures/README.md	(exempt: structural name (README etc.) — tools depend on it)
C	theory/notes/README.md	(exempt: structural name (README etc.) — tools depend on it)
C	theory/theorems/README.md	(exempt: structural name (README etc.) — tools depend on it)
C	theory/under_review/README.md	(exempt: structural name (README etc.) — tools depend on it)
