old_path	new_path	size_bytes	md5
export/EXPORT_MANIFEST.csv	export/MAN_GOV_export_manifest.csv	855	5cab159c10bc28446c9ae7d909f87eeb
export/index/INDEX_DESIGN_2026-08-20.md	export/index/DOC_GOV_index_design_2026-08-20.md	16305	60d5ae3e28d01e353e841bf96742439b
export/index/build_constants_index.py	export/index/ENGINE_GOV_build_constants_index.py	11837	df4177bea79ad122deb122167aa448b5
export/index/build_github_flat.py	export/index/ENGINE_GOV_build_github_flat.py	6286	fcdcc0cd8234cf090db1531510b829b5
export/index/constant_index.py	export/index/ENGINE_GOV_constant_index.py	7078	3d424a9fcca84f18e520b46bda8326e3
export/index/constant_ratio_classifications.json	export/index/CERT_GOV_constant_ratio_classifications.json	1240	83c2ba4af5869b8bb122b3452e5bfe9f
export/index/plan_rename.py	export/index/ENGINE_GOV_plan_rename.py	13713	ba2c402749bcd47b6fdabf10043ee659
literature/0005009v1.pdf	literature/LIT_Y6_0005009v1.pdf	167075	55886d77c54831e65d2d4e8c7fa053ab
literature/0503038v2.pdf	literature/LIT_Y6_0503038v2.pdf	348521	cc2128212666fb2e85ef399c26f59f27
literature/8010101.pdf	literature/LIT_Y5_8010101.pdf	431169	8253a99033b43bba8eb41fb935bd2608
literature/The_Logarithmic_Potential_and_an_Exponen.pdf	literature/LIT_MISC_logarithmic_potential_exponen.pdf	657214	081983a4432ce0a22cab54305a664166
literature/compass_artifact_wf-1fcca1e0-37f5-5b84-b994-41822e694717_text_markdown.md	literature/LIT_SU3_compass_artifact_wf_1fcca1e0_37f5_5b84_b994.md	30412	f65b2f42bc3357ecc890724033cb069a
literature/compass_artifact_wf-23dbcd45-8079-5886-b02d-26c698a0e38d_text_markdown.md	literature/LIT_SUN_compass_artifact_wf_23dbcd45_8079_5886_b02d.md	38691	54dea07072171e0d665cd685d3d2e410
literature/compass_artifact_wf-3d0e56d3-2706-4a55-b94b-495e5ac03a62_text_markdown.md	literature/LIT_PMBSF_rigorous_mathematical_analysis_n_scaling_vs._athenodorou.md	28038	1a2cb728e4853cd7ce4dc4dced970ddd
literature/compass_artifact_wf-8908dab0-6ef9-5d49-9a5e-edff3d76be7d_text_markdown.md	literature/LIT_FLUX_compass_artifact_wf_8908dab0_6ef9_5d49_9a5e.md	23532	7cf0632da759435a386853f0aeb29043
numerics/certificates/B_newton_coefficients.json	numerics/certificates/CERT_MISC_b_newton_coefficients.json	369254	c8638c6e0a52303b02f7b27423eb3d63
numerics/certificates/SHELL46_T1_COUPLING_CERTIFICATE_V1.json	numerics/certificates/CERT_SHELL6_shell46_t1_coupling_certificate_v1.json	1988	6ff4cbb028162fc4a9cbd11be26c01b7
numerics/certificates/SU3_GLUEBALL_POLARIZATION_CAMPAIGN_2026-08-08.json	numerics/certificates/CERT_MC_su3_glueball_polarization_campaign_2026-08-08.json	3027	dcc50a5b07659fcbfecba4a3ec5eafdb
numerics/certificates/SU3_Y5_M5_COMPLETE_CERTIFICATE.json	numerics/certificates/CERT_Y5_su3_m5_certificate.json	2210	4649a0fbc1cd47e778ba99e4bdbb8c4c
numerics/certificates/SU3_Y6_M6_SAFE_AUDIT_V5_REPORT.json	numerics/certificates/AUDIT_Y6_su3_m6_safe_v5_report.json	2699	ba8eb890c7634d73ce5bc59e91b9c09b
numerics/certificates/SU4_EXCEPTIONAL_TOPOLOGY_AND_WORD_LEDGER_V2.json	numerics/certificates/CERT_SU4_exceptional_topology_word_ledger_v2.json	28346	a2f8afbc8e0f6fa65f3709b9a519320b
numerics/certificates/SU4_HYBRID_COMPLETE_CERTIFICATE_V2.json	numerics/certificates/CERT_SU4_hybrid_certificate_v2.json	5665	098c1a717814f1f55d8800a7f6593bd7
numerics/certificates/SU6_DETERMINANT_COMPLETE_CERTIFICATE.json	numerics/certificates/CERT_SU6_determinant_certificate.json	3501	d5cf95e9852ff141ba46488484f77c40
numerics/certificates/audit_stranded_flux_zero_backend_results.json	numerics/certificates/AUDIT_FLUX_stranded_zero_backend_results.json	21608	2d4a9b71800798922c8e4cf23d980258
numerics/certificates/d3_results.json	numerics/certificates/RUN_TROM_d3_results.json	853	792dd813ce1cfe84ec9a5de378b3b2d2
numerics/certificates/lemma_b_cert_rerun.json	numerics/certificates/LEM_MISC_lemma_b_cert_rerun.json	3146	ebdc8b092ba66856f11af381d0503dc8
numerics/certificates/lemma_b_review_checks.json	numerics/certificates/LEM_MISC_lemma_b_review_checks.json	931	a216524fcde7bdc8b3ffd8ebc638d105
numerics/certificates/m3a_stage_c_sparse_L4_q003_preliminary.json	numerics/certificates/CERT_SU2_m3a_stage_c_sparse_l4_q003_preliminary.json	8087	368be8cdd1927196915f8732b33e8e3b
numerics/certificates/m5_cform_full_channel_certificate_reconstructed.json	numerics/certificates/CERT_MISC_m5_cform_full_channel_certificate_reconstructed.json	673	0506f940786775af8aa5da74219027af
numerics/certificates/m5_region_a_certificate_reconstructed.json	numerics/certificates/CERT_MISC_m5_region_certificate_reconstructed.json	817	4b54f38af62d013f1dcc61f98a725341
numerics/certificates/pentagonal_o4_minimal_representation_frontier_results.json	numerics/certificates/RUN_PENT_pentagonal_o4_minimal_representation_frontier_results.json	17545	d72f9073045885e024e4db446406d7fd
numerics/certificates/q_numerator_newton_coefficients.json	numerics/certificates/CERT_MISC_q_numerator_newton_coefficients.json	2706	17c0c1f9a53f4cf74254172fae6d5193
numerics/certificates/sigma5_m6_attempt_certificate.json	numerics/certificates/CERT_STRING_sigma5_m6_attempt_certificate.json	2630	6ce1e74ad04ccd646ed53ee81d2539a9
numerics/certificates/su3_edge_tensor_certificate.json	numerics/certificates/CERT_SU3_edge_tensor_certificate.json	731	e1526c2301f513d28b4e0acf182d8b16
numerics/certificates/su3_haar_tromino_primitives.json	numerics/certificates/CERT_TROM_su3_haar_tromino_primitives.json	12342	3fb39cbb5842f5202edf1aadb7c90c25
numerics/certificates/su3_sixth_order_local_algebra.json	numerics/certificates/CERT_Y6_su3_sixth_order_local_algebra.json	1401	40d1519317ac5744d30c995a392378f7
numerics/certificates/su3_y4_benchmark_self_test.json	numerics/certificates/CERT_Y4_su3_benchmark_self_test.json	892	39b636d95865b76798e2997b9053086a
numerics/certificates/su3_y6_ordered_merge_summary.json	numerics/certificates/CERT_Y6_su3_ordered_merge_summary.json	276	f675933d4282f3447beab2d9f2aea5bc
numerics/certificates/suN_closed_surface_stage1_certificate.json	numerics/certificates/CERT_SUN_closed_surface_stage1_certificate.json	3468	4807402bbb8d25d9acadef3c97c8899a
numerics/clay_verify/RUN_OUTPUT_2026-06-12.txt	numerics/clay_verify/NOTE_SU2_run_output_2026-06-12.txt	3250	3b68ab4e3486c4268e37a58e2a50f252
numerics/clay_verify/VERIFY_01_Heat_Kernel_Stability.py	numerics/clay_verify/ENGINE_SU2_verify_01_heat_kernel_stability.py	20092	333c4874f61a0a83f1b2369ab48aecd7
numerics/clay_verify/VERIFY_02_Anomaly_Shield.py	numerics/clay_verify/ENGINE_FLUX_verify_02_anomaly_shield.py	4442	041b3200d5dac76ae972c88366211bb3
numerics/clay_verify/VERIFY_03_Continuum_Scaling.py	numerics/clay_verify/ENGINE_FLUX_verify_03_continuum_scaling.py	4658	cffab9237ab19c02baf9d32f214f8577
numerics/cw_extractor/15_CW_extractor(1).ipynb	numerics/cw_extractor/NB_SU3_15_cw_extractor_alt.ipynb	12987	87417591565bc379cf94ce7ddf8eaa65
numerics/data/Y4_STAGEI_AUTHORITY_FIXTURE.xz.b85	numerics/data/DATA_Y4_stagei_authority_fixture.xz.b85	78736	cf683188a7f37963e6f7a7b09f915e7a
numerics/data/glueball_1pm_highN_extrapolation.png	numerics/data/DATA_FLUX_glueball_1pm_highn_extrapolation.png	100305	a2f728717928d13f2902496baadaea5c
numerics/data/glueball_mass_prediction_v1.csv	numerics/data/DATA_FLUX_glueball_mass_prediction_v1.csv	439	3a4d701d940c098fa9d4179390f896ec
numerics/data/glueball_spectrum_lattice_1pm_relevant.csv	numerics/data/DATA_FLUX_glueball_spectrum_lattice_1pm_relevant.csv	1714	c34332b31bb404a50d051a8622a8e335
numerics/data/m3a_stage_c_sparse_L4_q003_preliminary.csv	numerics/data/DATA_MISC_m3a_stage_c_sparse_l4_q003_preliminary.csv	1908	fe23b402bcc2a6cb227d99a296b01b14
numerics/data/shell46_t1_o2_diagnostic_scan.csv	numerics/data/DATA_SHELL6_shell46_t1_o2_diagnostic_scan.csv	58725	47d4de22f29a78be465e9a242408bd54
numerics/data/su6_local_class_matrices_A100_GH25 (1).npz	numerics/data/DATA_SU6_local_class_matrices_a100_gh25_alt.npz	7936	64a33bd22e7d86238dae2b8c9598e78f
numerics/data/suN_1pm_sc_vs_lattice.png	numerics/data/DATA_SUN_1pm_sc_vs_lattice.png	100318	09e1940fa73d5c9cb45f343f135b0e6a
numerics/data/suN_glueball_JPC_benchmark.csv	numerics/data/DATA_SUN_glueball_jpc_benchmark.csv	1617	7399ae11d82d990ff71637bf779b46be
numerics/data/suN_glueball_JPC_core_benchmark_v2.csv	numerics/data/DATA_SUN_glueball_jpc_core_benchmark_v2.csv	2775	dc59959a6373eac53869c95d24f3cd5a
numerics/data/suN_glueball_JPC_full_spectrum_v2.csv	numerics/data/DATA_SUN_glueball_jpc_full_spectrum_v2.csv	25268	dd5794747376e19a1d73197ecc5972f1
numerics/engines/SU3_T1pm_spatial_MC_HARDENED_v2.py	numerics/engines/ENGINE_MC_su3_t1pm_spatial_hardened_v2.py	111060	2e93cf5f09c26a3c075ba7cda145dbdb
numerics/engines/SU3_T1pm_spatial_MC_POLARIZATION_v3.py	numerics/engines/ENGINE_MC_su3_t1pm_spatial_polarization_v3.py	133847	466337c3804fcf7fae6e3664d704b15e
numerics/engines/SU3_T1pm_spatial_MC_nextrun.py	numerics/engines/ENGINE_MC_su3_t1pm_spatial_nextrun.py	72569	38594931d3db49a6c48d8fe8d345a76f
numerics/engines/VERIFY_ALL (1).py	numerics/engines/ENGINE_SUN_verify_all_alt.py	15091	e4d704a09450dd9eedd95467f873974a
numerics/engines/VERIFY_ALL.py	numerics/engines/ENGINE_SUN_verify_all.py	14125	7ac7f8a20468ad31c85f939596474f25
numerics/engines/VERIFY_CENTERED_DOUBLE_INCIDENCE.py	numerics/engines/ENGINE_FLUX_verify_centered_double_incidence.py	4142	31adbdc3c97cd177f8868a018a1d3f8b
numerics/engines/VERIFY_DETERMINANT_TO_INCIDENCE_REDUCTION.py	numerics/engines/ENGINE_FLUX_verify_determinant_incidence_reduction.py	3386	01bb3f309fa8741c9de218773bd77944
numerics/engines/VERIFY_INCIDENCE_SYZYGY.py	numerics/engines/ENGINE_FLUX_verify_incidence_syzygy.py	3086	e3a9b86075f2b24fa8b93181ee857014
numerics/engines/VERIFY_THEOREM_ASSEMBLY.py	numerics/engines/ENGINE_FLUX_verify_theorem_assembly.py	7010	6cabceb48873bb553b4c4c0239cc838a
numerics/engines/_verify_frozen_memfd_tmp.py	numerics/engines/ENGINE_FLUX_verify_frozen_memfd_tmp.py	6117	20298cf14c1e9dbded088b2e2f838d3f
numerics/engines/audit_stranded_flux_zero_backend.py	numerics/engines/ENGINE_FLUX_audit_stranded_zero_backend.py	12438	83e0bf36bfaaa38c5b16c8270c66c268
numerics/engines/generic_pt_core.py	numerics/engines/ENGINE_STRING_generic_pt_core.py	3539	392dc626d7753b277b52f8c76378475e
numerics/engines/generic_sigma_engine.py	numerics/engines/ENGINE_STRING_generic_sigma.py	8483	7bebc603435926cb9ace26cd4ee36493
numerics/engines/hhc_loop_incidence_audit.py	numerics/engines/ENGINE_FLUX_hhc_loop_incidence_audit.py	2006	0c388163f7dae636c7ce13227d92d6c7
numerics/engines/lemma_b_review_checks.py	numerics/engines/ENGINE_Y6_lemma_b_review_checks.py	5805	ae7a857a6d48e6c6c6b5ad9640132eed
numerics/engines/op12_a100_gpu_screen.py	numerics/engines/ENGINE_OP1_op12_a100_gpu_screen.py	17547	34556eb49655bcd2c660a48d798403c8
numerics/engines/pentagonal_o4_minimal_representation_frontier.py	numerics/engines/ENGINE_PENT_pentagonal_o4_minimal_representation_frontier.py	9513	1b71a5f7fec320702ba86b40a799dfb6
numerics/engines/shell6_o2_full_intermediate_v1.py	numerics/engines/ENGINE_SHELL6_o2_full_intermediate_v1.py	32515	c784d16f0ac1af183661d41371265c52
numerics/engines/su3_y5_y6_historical_recovery_r2.py	numerics/engines/ENGINE_Y6_su3_y5_historical_recovery_r2.py	8236	8901ccc3d7c53f0f173d0a1ca0b4f7cf
numerics/engines/suN_closed_surface_band_stage1_certificate.py	numerics/engines/ENGINE_SUN_closed_surface_band_stage1_certificate.py	12926	e68b1b7e43fa9dd9e2153885619bcb62
numerics/notebooks/A100 RUN RESULTS.ipynb	numerics/notebooks/RUN_SU3_a100_results.ipynb	77831	a9252feb7a436d6736110412fa5ba72b
numerics/notebooks/A100_SU3_Combined_T1pm_OP12_FFT (1).ipynb	numerics/notebooks/NB_OP1_a100_su3_combined_t1pm_op12_fft_alt.ipynb	66946	13efdb21f99b7bedfefd78dda93157b3
numerics/notebooks/A100_SU3_Combined_T1pm_OP12_FFT.ipynb	numerics/notebooks/NB_OP1_a100_su3_combined_t1pm_op12_fft.ipynb	50002	3af1f94653732a800b92d5f826004036
numerics/notebooks/A100_SU3_T1pm_String_Tension_Pilot.ipynb	numerics/notebooks/NB_STRING_a100_su3_t1pm_tension_pilot.ipynb	38711	6c113d5408ad0ff3b75c937605ac1c14
numerics/notebooks/NOT SURE RUNS GEMINI.ipynb	numerics/notebooks/NB_O4_not_sure_runs_gemini.ipynb	13625	ada7d4b45176a7ebb62fa998773ca173
numerics/notebooks/Prism_Complete_Third_Order_Shape_Closure_v2.ipynb	numerics/notebooks/NB_O3_prism_third_order_shape_closure_v2.ipynb	127188	f033b3c08e5be4784255d909e05eeb2c
numerics/notebooks/Prism_Square_Second_Order_Falsification.ipynb	numerics/notebooks/NB_O2_prism_square_second_order_falsification.ipynb	41166	4121966b4fd368b7c7375818ca5a2f27
numerics/notebooks/Prismatic_Minimal_Cell_Escape_Test.ipynb	numerics/notebooks/NB_HAAR_prismatic_minimal_cell_escape_test.ipynb	43074	242f5c8e88425b2261f5e034092ed42a
numerics/notebooks/SU(3)_O(u^6)_glueball_rest_mass_m6_=_(1_3)_tr_H6(0).ipynb	numerics/notebooks/NB_SU3_su_alt3_o_u_6_glueball_rest.ipynb	21448	1875f3aa661715fa3e6569113c27e713
numerics/notebooks/SU3_Y5_Y6_HISTORICAL_RECOVERY_COLAB.ipynb	numerics/notebooks/NB_Y6_su3_y5_historical_recovery_colab.ipynb	18648	06a999929d553977ace0f26f139c715c
numerics/notebooks/SU3_Y5_Y6_HISTORICAL_RECOVERY_R2_COLAB.ipynb	numerics/notebooks/NB_Y6_su3_y5_historical_recovery_r2_colab.ipynb	10773	ce3c85078abefd15432203f332f4cb36
numerics/notebooks/SU3_Y6_M6_COMPLETE_CERTIFIED_AND_RECOMPUTE (1).ipynb	numerics/notebooks/NB_Y6_su3_m6_certified_recompute_alt.ipynb	39221	65534fb880073510be01d595fff7cee1
numerics/notebooks/SU3_Y6_M6_COMPLETE_CERTIFIED_AND_RECOMPUTE.ipynb	numerics/notebooks/NB_Y6_su3_m6_certified_recompute.ipynb	35473	a3c371d8e64f4b5f41448f16bad6726f
numerics/notebooks/SU3_Y6_M6_SAFE_AUDIT_V5.ipynb	numerics/notebooks/NB_Y6_su3_m6_safe_audit_v5.ipynb	6392	370bc0800a52eed224d00206817d3ef0
numerics/notebooks/SU3_Y6_M6_SELF_CONTAINED_V4.ipynb	numerics/notebooks/NB_Y6_su3_m6_self_contained_v4.ipynb	21114412	fffd326376fa14b6ca0aefc3d7ebe8ca
numerics/notebooks/SU3_Y6_SCRATCH_STAGES1_2_V2.ipynb	numerics/notebooks/NB_Y6_su3_scratch_stages1_2_v2.ipynb	3147	da23856b1ebfd7e92db431d3abfc36aa
numerics/notebooks/SU3_Y6_STAGE0_NO_EDIT_COLAB (1).ipynb	numerics/notebooks/NB_Y6_su3_stage0_no_edit_colab_alt.ipynb	532160	c85392536000ae73317aef182a1d5af9
numerics/notebooks/SU3_Y6_STAGE0_NO_EDIT_COLAB (2).ipynb	numerics/notebooks/NB_Y6_su3_stage0_no_edit_colab_alt2.ipynb	544673	66fc023c9fafe51ef5c8f4ced50c4728
numerics/notebooks/SU3_Y6_STAGE0_NO_EDIT_COLAB.ipynb	numerics/notebooks/NB_Y6_su3_stage0_no_edit_colab.ipynb	3120	6cdfdcad2c184467c778bb4d9320b9b4
numerics/notebooks/SU4_CLEAN_NO_EDIT_REPRODUCIBILITY.ipynb	numerics/notebooks/NB_SU4_clean_no_edit_reproducibility.ipynb	10499	6516a2846efc2d3e80f78e7b91e1d6ee
numerics/notebooks/SU4_EXACT_FOURTH_ORDER_COMPLETION_COLAB - FIXED AND COMPLETED RUN.ipynb	numerics/notebooks/NB_O4_su4_exact_fourth_order_completion_colab_fixed.ipynb	101401	9543a20d3a3957636f71184895224fcb
numerics/notebooks/SU4_EXACT_FOURTH_ORDER_COMPLETION_COLAB.ipynb	numerics/notebooks/NB_O4_su4_exact_fourth_order_completion_colab.ipynb	45529	ec72a1480b899252547e11dbd37eb8dd
numerics/notebooks/Single_block_A100_validation_of_the_SU(3)_O(y^4)_real_space_SOS_theorem_.ipynb	numerics/notebooks/NB_SU3_single_block_a100_validation_su_alt3_o.ipynb	25346	ded710e0d3166c257a4bd15e151b79e0
numerics/notebooks/Untitled238.ipynb	numerics/notebooks/NB_FLUX_untitled238.ipynb	303419	c3e5ca5d6bbc7e2dc14634c719cc7bde
numerics/notebooks/o4.ipynb	numerics/notebooks/NB_O4_item.ipynb	174379	6161e1b765e0691c9cd93447f5f2a84f
numerics/notebooks/op12_a100_preflight.ipynb	numerics/notebooks/NB_OP1_op12_a100_preflight.ipynb	33490	9723768e69bf07a12d2a8b9464ee2707
numerics/notebooks/op12_a100_screen_v2 (1).ipynb	numerics/notebooks/NB_OP1_op12_a100_screen_v2_alt.ipynb	64764	0f96a00b26f684f3033fb62ba6c2cf0b
numerics/notebooks/op12_a100_screen_v2.ipynb	numerics/notebooks/NB_OP1_op12_a100_screen_v2.ipynb	26376	143a3a1697bad6a583925cbf45ae1a8d
numerics/notebooks/su2_4d_complete_FOURIER (1).ipynb	numerics/notebooks/NB_SU2_4d_fourier_alt.ipynb	269348	ee2af371f99ac63c7ec76f00aa7101a5
numerics/notebooks/su2_4d_complete_standalone_FIXED (1).ipynb	numerics/notebooks/NB_SU2_4d_standalone_fixed_alt.ipynb	180756	32ee1d292073060e6fce932a03ba5a0e
numerics/notebooks/su3_a100_master (2).ipynb	numerics/notebooks/NB_SU3_a100_master_alt2.ipynb	49458	ac6d74c2388a6bbe2c77d4033bcacf98
numerics/notebooks/su3_y4_encoding_benchmark (1).ipynb	numerics/notebooks/NB_Y4_su3_encoding_benchmark_alt.ipynb	31805	61cb9643f7d72e338e0036d9e23a8e92
numerics/notebooks/su3_y4_encoding_benchmark.ipynb	numerics/notebooks/NB_Y4_su3_encoding_benchmark.ipynb	26724	bd0be81205abe2eade7116769e64bf1f
numerics/notebooks/su3_y4_encoding_benchmark_(1).ipynb	numerics/notebooks/NB_Y4_su3_encoding_benchmark_alt.ipynb	31805	61cb9643f7d72e338e0036d9e23a8e92
numerics/notebooks/ymcirc_pyclebsch_y4_microscopic_audit.ipynb	numerics/notebooks/NB_Y4_ymcirc_pyclebsch_microscopic_audit.ipynb	19981	ec68ace07253c74bfebc59b78545207a
numerics/op12_theta/KCHAIN_LEDGER_2026-06-11.md	numerics/op12_theta/NOTE_OP1_kchain_ledger_2026-06-11.md	5511	896fc862d369c60673c1ec8464869187
numerics/op12_theta/RED_DAVIES_RESULTS_2026-06-12.md	numerics/op12_theta/NOTE_OP1_red_davies_results_2026-06-12.md	2856	d57a0f926fcbb0dab4a12a90dadfa4ec
numerics/op12_theta/RESULTS_2026-06-11.md	numerics/op12_theta/NOTE_OP1_results_2026-06-11.md	6225	15279d856a4d09d6b8263d2885dafb7d
numerics/op12_theta/kchain_ledger.json	numerics/op12_theta/CERT_OP1_kchain_ledger.json	2372	9873b6548da7b7f731b7e23ac3bb21a5
numerics/op12_theta/kchain_ledger.py	numerics/op12_theta/ENGINE_OP1_kchain_ledger.py	5210	1c1299614a73d043b852cead4de12103
numerics/op12_theta/kernel_consts.json	numerics/op12_theta/CERT_OP1_kernel_consts.json	1889	427ce0f2171d8b7ab482a2a5eb44f079
numerics/op12_theta/kernel_consts.py	numerics/op12_theta/ENGINE_OP1_kernel_consts.py	3675	818d15401e1445bd4ebe56b8454ddd87
numerics/op12_theta/m2_certificates/M2_RESULTS_2026-06-12.md	numerics/op12_theta/m2_certificates/NOTE_OP1_m2_results_2026-06-12.md	3894	5826e81b6665894c5062c2f9abb4df5d
numerics/op12_theta/m2_certificates/m2_L8_and_shells.py	numerics/op12_theta/m2_certificates/ENGINE_OP1_m2_l8_shells.py	2409	9d3b0ec92ccfafbe9847f04537643889
numerics/op12_theta/m2_certificates/m2_certs_L4.json	numerics/op12_theta/m2_certificates/CERT_OP1_m2_certs_l4.json	2723	9314dda2f3a0360a1162514cfb6f5ef9
numerics/op12_theta/m2_certificates/m2_certs_L6.json	numerics/op12_theta/m2_certificates/CERT_OP1_m2_certs_l6.json	1698	544c2905b80ac9cf157b56e339eea6fa
numerics/op12_theta/m2_certificates/m2_ensemble.py	numerics/op12_theta/m2_certificates/ENGINE_OP1_m2_ensemble.py	2585	7c6e038cb8efe572bb4280e0922b59e7
numerics/op12_theta/m2_certificates/m2_ensemble/ens_L4_b5.6.json	numerics/op12_theta/m2_certificates/m2_ensemble/CERT_OP1_ens_l4_b5.6.json	14399	7a4c8d0496c9d0d776cca33b0cf751d4
numerics/op12_theta/m2_certificates/m2_ensemble/ens_L4_b6.0.json	numerics/op12_theta/m2_certificates/m2_ensemble/CERT_OP1_ens_l4_b6.0.json	7061	b75af87d6e2a6d6864a47bd79b4717e5
numerics/op12_theta/m2_certificates/m2_ensemble/ens_L4_b6.4.json	numerics/op12_theta/m2_certificates/m2_ensemble/CERT_OP1_ens_l4_b6.4.json	4696	b29ef36be1ee07589d1c0e71355ab83d
numerics/op12_theta/m2_certificates/m2_ensemble/ens_L4_b6.8.json	numerics/op12_theta/m2_certificates/m2_ensemble/CERT_OP1_ens_l4_b6.8.json	3732	953925df5b283758511010b935bbb3ad
numerics/op12_theta/m2_certificates/m2_ensemble/ens_L4_b7.2.json	numerics/op12_theta/m2_certificates/m2_ensemble/CERT_OP1_ens_l4_b7.2.json	3253	98c4964a664307737f4a1393f2c31ac8
numerics/op12_theta/m2_certificates/m2_ensemble/ens_L6_b5.6.json	numerics/op12_theta/m2_certificates/m2_ensemble/CERT_OP1_ens_l6_b5.6.json	32916	ae27b53fba465bedbc4877be3e429462
numerics/op12_theta/m2_certificates/m2_ensemble/ens_L6_b6.4.json	numerics/op12_theta/m2_certificates/m2_ensemble/CERT_OP1_ens_l6_b6.4.json	8893	aa38ccdf073da840bf81f1bdaa15a06f
numerics/op12_theta/m2_certificates/m2_ensemble/ens_L6_b7.2.json	numerics/op12_theta/m2_certificates/m2_ensemble/CERT_OP1_ens_l6_b7.2.json	2977	8ebd6ba414d76199f3cc0e6e69459d89
numerics/op12_theta/m2_certificates/m2_kernel/tensor_L4_b5.6.npz	numerics/op12_theta/m2_certificates/m2_kernel/DATA_OP1_tensor_l4_b5.6.npz	7233	0407b8fd98188ea86655849ef82839ac
numerics/op12_theta/m2_certificates/m2_kernel/tensor_L4_b6.0.npz	numerics/op12_theta/m2_certificates/m2_kernel/DATA_OP1_tensor_l4_b6.0.npz	7543	d58469e88444bf6998e3b3615a7d7726
numerics/op12_theta/m2_certificates/m2_kernel/tensor_L4_b6.4.npz	numerics/op12_theta/m2_certificates/m2_kernel/DATA_OP1_tensor_l4_b6.4.npz	7482	cf92d8c13080e0abe6dc79c6e7cdde18
numerics/op12_theta/m2_certificates/m2_kernel/tensor_L4_b6.8.npz	numerics/op12_theta/m2_certificates/m2_kernel/DATA_OP1_tensor_l4_b6.8.npz	7412	915888c676bfbd7da771d49832ec4f69
numerics/op12_theta/m2_certificates/m2_kernel/tensor_L4_b7.2.npz	numerics/op12_theta/m2_certificates/m2_kernel/DATA_OP1_tensor_l4_b7.2.npz	7459	274383bdddc07cfe35ab8b41818dd12f
numerics/op12_theta/m2_certificates/m2_kernel/tensor_L6_b5.6.npz	numerics/op12_theta/m2_certificates/m2_kernel/DATA_OP1_tensor_l6_b5.6.npz	43706	9f2e4b9fc62104062fa60253d10e9e6d
numerics/op12_theta/m2_certificates/m2_kernel/tensor_L6_b6.4.npz	numerics/op12_theta/m2_certificates/m2_kernel/DATA_OP1_tensor_l6_b6.4.npz	44087	59e1fcbb2dd96e7cccec66c34a09dce4
numerics/op12_theta/m2_certificates/m2_kernel/tensor_L6_b7.2.npz	numerics/op12_theta/m2_certificates/m2_kernel/DATA_OP1_tensor_l6_b7.2.npz	43733	fbae55e393b88f5db80991384986fe1b
numerics/op12_theta/m2_certificates/m2_kernel/tensor_L8_b5.6.npz	numerics/op12_theta/m2_certificates/m2_kernel/DATA_OP1_tensor_l8_b5.6.npz	154598	7f5ea0bf4f5a9faa97331d4d822e97ca
numerics/op12_theta/m2_certificates/m2_kernel/tensor_L8_b6.4.npz	numerics/op12_theta/m2_certificates/m2_kernel/DATA_OP1_tensor_l8_b6.4.npz	154732	816acbad2b9731543e580d0018b6835f
numerics/op12_theta/m2_certificates/m2_kernel/tensor_L8_b7.2.npz	numerics/op12_theta/m2_certificates/m2_kernel/DATA_OP1_tensor_l8_b7.2.npz	154621	bbc18a9ba70d6f1b49f5e5bcf1601c32
numerics/op12_theta/m2_certificates/m2_l8_shells.json	numerics/op12_theta/m2_certificates/CERT_OP1_m2_l8_shells.json	2496	9627777d3a6efea56fc7d146df34e5dd
numerics/op12_theta/m2_certificates/m2_pair_certificates.py	numerics/op12_theta/m2_certificates/ENGINE_OP1_m2_pair_certificates.py	5574	9b7131d643521c47e96a596dd687205d
numerics/op12_theta/m4_scaling/M4_HARMONIC_DECOMP_2026-06-12.md	numerics/op12_theta/m4_scaling/NOTE_OP1_m4_harmonic_decomp_2026-06-12.md	5570	6f7c1a5a72a79d4dd8fe8474e815074c
numerics/op12_theta/m4_scaling/M4_SCALING_NOTE_2026-06-12.md	numerics/op12_theta/m4_scaling/NOTE_OP1_m4_scaling_2026-06-12.md	2643	2fcbb5aca4a533ba9fb5713b8a8cf898
numerics/op12_theta/m4_scaling/M4_TC_ASYMPTOTICS_2026-06-12.md	numerics/op12_theta/m4_scaling/NOTE_OP1_m4_tc_asymptotics_2026-06-12.md	9044	223bf4d53f77aa53dd1b358ddf7e5ed6
numerics/op12_theta/m4_scaling/M4_TC_CLOSED_FORM_2026-06-12.md	numerics/op12_theta/m4_scaling/NOTE_OP1_m4_tc_closed_form_2026-06-12.md	17397	223fd85b5350336b81fba2604d0473db
numerics/op12_theta/m4_scaling/M5_3_COVER_DOMINATION_CLOSURE_ROUTE.ipynb	numerics/op12_theta/m4_scaling/NB_OP1_m5_3_cover_domination_closure_route.ipynb	25254	089f6061dc68fcf9d5378e98fc9b728d
numerics/op12_theta/m4_scaling/M5_4_WARNING_FREE_LIMIT_CONSTANT_AUDIT_FOR_LEMMA_B.ipynb	numerics/op12_theta/m4_scaling/NB_OP1_m5_4_warning_free_limit_constant_audit.ipynb	142200	9abaa36689fd7752085be94e294149cd
numerics/op12_theta/m4_scaling/_M5_1_HEAT_KERNEL_BESSEL_FINITE_CERTIFICATE_TAIL_PIN_TEST.ipynb	numerics/op12_theta/m4_scaling/NB_OP1_m5_1_heat_kernel_bessel_finite_certificate.ipynb	23145	664e657c4059e0391565e77440fa9a97
numerics/op12_theta/m4_scaling/_M5_TIER_2_CEILING_PIN_AUDITOR.ipynb	numerics/op12_theta/m4_scaling/NB_OP1_m5_tier_2_ceiling_pin_auditor.ipynb	13872	7740d39bbdcdf9911445f8bdfaa00031
numerics/op12_theta/m4_scaling/lemma_a_review_cert.json	numerics/op12_theta/m4_scaling/LEM_OP1_lemma_review_cert.json	1535	6c2fe2da6fedee0c0801431c4ef17088
numerics/op12_theta/m4_scaling/lemma_a_review_cert.py	numerics/op12_theta/m4_scaling/ENGINE_OP1_lemma_review_cert.py	9768	4c590afd582ee920b241fda9c7d54adf
numerics/op12_theta/m4_scaling/lemma_a_window_cert.json	numerics/op12_theta/m4_scaling/LEM_OP1_lemma_window_cert.json	1890	226763ce814c9053c1cbaf66b82520c5
numerics/op12_theta/m4_scaling/lemma_a_window_cert.py	numerics/op12_theta/m4_scaling/ENGINE_OP1_lemma_window_cert.py	10655	69aa61e6cb1ec424acc3a426814236c9
numerics/op12_theta/m4_scaling/lemma_b_cert.json	numerics/op12_theta/m4_scaling/LEM_OP1_lemma_b_cert.json	3135	bbb3ebef4ffe4c6781507ce109eeb931
numerics/op12_theta/m4_scaling/lemma_b_cert.py	numerics/op12_theta/m4_scaling/ENGINE_OP1_lemma_b_cert.py	18254	81ec15b382a535b704931451387d5a0e
numerics/op12_theta/m4_scaling/m4_bessel_scan_audit.json	numerics/op12_theta/m4_scaling/AUDIT_OP1_m4_bessel_scan.json	48680	e195aee090dac62fb2c63278f02d3a52
numerics/op12_theta/m4_scaling/m4_bessel_scan_audit.py	numerics/op12_theta/m4_scaling/ENGINE_OP1_m4_bessel_scan_audit.py	12883	0ba67c61cc44ed242fee149c041a93cc
numerics/op12_theta/m4_scaling/m4_bessel_scan_state.json	numerics/op12_theta/m4_scaling/CERT_OP1_m4_bessel_scan_state.json	205613	17fd51ae6ef6de9ae684e746e6fcfae3
numerics/op12_theta/m4_scaling/m4_ceiling_pin_audit.json	numerics/op12_theta/m4_scaling/AUDIT_OP1_m4_ceiling_pin.json	851	43409cdba8847cc7f9900c12daa3eaf4
numerics/op12_theta/m4_scaling/m4_ceiling_pin_audit.py	numerics/op12_theta/m4_scaling/ENGINE_OP1_m4_ceiling_pin_audit.py	5659	1b484d3f11aa58a064ffdd2cc19d56fd
numerics/op12_theta/m4_scaling/m4_cover_domination_audit.json	numerics/op12_theta/m4_scaling/AUDIT_OP1_m4_cover_domination.json	8117	1c36981bf28c3b2b78e95021b4a7bb17
numerics/op12_theta/m4_scaling/m4_cover_domination_audit.py	numerics/op12_theta/m4_scaling/ENGINE_OP1_m4_cover_domination_audit.py	12432	513ffa2d7eef0df989c2ae364bcb8b06
numerics/op12_theta/m4_scaling/m4_harmonic_decomposition.json	numerics/op12_theta/m4_scaling/CERT_OP1_m4_harmonic_decomposition.json	5997	9100875b42b9d502633bf88deb4e0a51
numerics/op12_theta/m4_scaling/m4_harmonic_decomposition.py	numerics/op12_theta/m4_scaling/ENGINE_OP1_m4_harmonic_decomposition.py	8325	7ead07520f7180c68342ddaff975e5a2
numerics/op12_theta/m4_scaling/m4_scaling_tables.json	numerics/op12_theta/m4_scaling/CERT_OP1_m4_scaling_tables.json	3309	9652da946bccaed679a8513e97c7772b
numerics/op12_theta/m4_scaling/m4_scaling_tables.py	numerics/op12_theta/m4_scaling/ENGINE_OP1_m4_scaling_tables.py	3302	859e874b5c1f535518530af62ee0b877
numerics/op12_theta/m4_scaling/m4_sparsity_interface.json	numerics/op12_theta/m4_scaling/CERT_OP1_m4_sparsity_interface.json	6348	161baf82fc933c07f36d9b47946cb52e
numerics/op12_theta/m4_scaling/m4_sparsity_interface.py	numerics/op12_theta/m4_scaling/ENGINE_OP1_m4_sparsity_interface.py	6337	90df77ad0b3eba321f05c82c46616889
numerics/op12_theta/m4_scaling/m4_tc_closed_form.json	numerics/op12_theta/m4_scaling/CERT_OP1_m4_tc_closed_form.json	9570	d63fcd2af0c037124f3ed8b0b1b6fbd2
numerics/op12_theta/m4_scaling/m4_tc_fourier.json	numerics/op12_theta/m4_scaling/CERT_OP1_m4_tc_fourier.json	8174	13fe07b6a57e06d12a7f26ef021f5b81
numerics/op12_theta/m4_scaling/m4_tc_fourier.py	numerics/op12_theta/m4_scaling/ENGINE_OP1_m4_tc_fourier.py	12625	9d7fd04f2c019b8faabc036d6242287b
numerics/op12_theta/m4_scaling/m4_tc_realspace_check.json	numerics/op12_theta/m4_scaling/CERT_OP1_m4_tc_realspace_check.json	1450	6b3f004c54ae702d77cc1b27baaa5168
numerics/op12_theta/m4_scaling/m4_tc_realspace_check.py	numerics/op12_theta/m4_scaling/ENGINE_OP1_m4_tc_realspace_check.py	10402	575b55f1a41aedde637a41926021ba35
numerics/op12_theta/m4_scaling/m5_audit.json	numerics/op12_theta/m4_scaling/AUDIT_OP1_m5.json	1514	f7733a664b9024f22ade14b19e8fc4c9
numerics/op12_theta/m4_scaling/m5_audit.py	numerics/op12_theta/m4_scaling/ENGINE_OP1_m5_audit.py	11116	170920cd77ca10c7f1c32fb444d657af
numerics/op12_theta/m4_scaling/m5b_region_a.json	numerics/op12_theta/m4_scaling/CERT_OP1_m5b_region.json	1205	e69d11a97f61c64279fb3973a3eaffac
numerics/op12_theta/m4_scaling/m5b_region_a.py	numerics/op12_theta/m4_scaling/ENGINE_OP1_m5b_region.py	9625	620dea26338bf60864e64811f920191f
numerics/op12_theta/m4_scaling/opcache/L0_L16.npz	numerics/op12_theta/m4_scaling/opcache/DATA_OP1_l0_l16.npz	1034817	a5e4eb49d8f6815073292ba5fac8a385
numerics/op12_theta/m4_scaling/opcache/L0_L24.npz	numerics/op12_theta/m4_scaling/opcache/DATA_OP1_l0_l24.npz	5276752	d327deec2c295ad4a095b25a21017931
numerics/op12_theta/m4_scaling/opcache/L0_L8.npz	numerics/op12_theta/m4_scaling/opcache/DATA_OP1_l0_l8.npz	63209	b16c8dcfdfa71c389592a6f7c2d9ff32
numerics/op12_theta/m4_scaling/opcache/L1up_L16.npz	numerics/op12_theta/m4_scaling/opcache/DATA_OP1_l1up_l16.npz	7469767	10cabe793d7fd07b40cc717b15bf6b0f
numerics/op12_theta/m4_scaling/opcache/L1up_L24.npz	numerics/op12_theta/m4_scaling/opcache/DATA_OP1_l1up_l24.npz	37870521	e0a547042429cc78643e571c3379303c
numerics/op12_theta/m4_scaling/opcache/L1up_L8.npz	numerics/op12_theta/m4_scaling/opcache/DATA_OP1_l1up_l8.npz	450551	e742a8a1c6570e3a42851c48bd742cc7
numerics/op12_theta/m4_scaling/opcache/d0_L16.npz	numerics/op12_theta/m4_scaling/opcache/DATA_OP1_d0_l16.npz	910608	23b2e9a5f00ab5eeaac353db7b5b2371
numerics/op12_theta/m4_scaling/opcache/d0_L24.npz	numerics/op12_theta/m4_scaling/opcache/DATA_OP1_d0_l24.npz	5060135	e820b81278c732fbb48d77e4e882b696
numerics/op12_theta/m4_scaling/opcache/d0_L8.npz	numerics/op12_theta/m4_scaling/opcache/DATA_OP1_d0_l8.npz	62218	28dc99f6a2937931a7ee1ff0fa0d3142
numerics/op12_theta/m4_scaling/opcache/d1_L16.npz	numerics/op12_theta/m4_scaling/opcache/DATA_OP1_d1_l16.npz	3009243	fd8e4d765728091116d2dd1acc24da67
numerics/op12_theta/m4_scaling/opcache/d1_L24.npz	numerics/op12_theta/m4_scaling/opcache/DATA_OP1_d1_l24.npz	15089744	82e05e32169d4f98aade5bef8b6cf180
numerics/op12_theta/m4_scaling/opcache/d1_L8.npz	numerics/op12_theta/m4_scaling/opcache/DATA_OP1_d1_l8.npz	186306	cf13f43836172f7e149679133ad36dfc
numerics/op12_theta/op12_runner.py	numerics/op12_theta/ENGINE_OP1_op12_runner.py	10093	ecc0d4304ac6b044b10bced7a51153e1
numerics/op12_theta/op12_state/meta_L4_b5.6.json	numerics/op12_theta/op12_state/CERT_OP1_meta_l4_b5.6.json	501	81a91d6c122036d16b16ffa589c9fa15
numerics/op12_theta/op12_state/meta_L4_b6.0.json	numerics/op12_theta/op12_state/CERT_OP1_meta_l4_b6.0.json	501	d324c24187493c825bcbe4f6d5b7b490
numerics/op12_theta/op12_state/meta_L4_b6.4.json	numerics/op12_theta/op12_state/CERT_OP1_meta_l4_b6.4.json	502	dfdbccc134b5583961914c0b2205bbcd
numerics/op12_theta/op12_state/meta_L4_b6.8.json	numerics/op12_theta/op12_state/CERT_OP1_meta_l4_b6.8.json	505	23a434feb54f64fab7da858cd9c4c4c6
numerics/op12_theta/op12_state/meta_L4_b7.2.json	numerics/op12_theta/op12_state/CERT_OP1_meta_l4_b7.2.json	504	be00cbfb980171d8472a0aa42acd0194
numerics/op12_theta/op12_state/meta_L6_b5.6.json	numerics/op12_theta/op12_state/CERT_OP1_meta_l6_b5.6.json	347	40843cb5251ead7729c009b4b5089c01
numerics/op12_theta/op12_state/meta_L6_b6.4.json	numerics/op12_theta/op12_state/CERT_OP1_meta_l6_b6.4.json	347	a4fe133dec162b1588d91102799e1856
numerics/op12_theta/op12_state/meta_L6_b7.2.json	numerics/op12_theta/op12_state/CERT_OP1_meta_l6_b7.2.json	346	4e44600fad0a4703ba1f5fc1f771480d
numerics/op12_theta/op12_state/results_L4_b5.6.json	numerics/op12_theta/op12_state/CERT_OP1_results_l4_b5.6.json	7260	d69749beb54f7491e252a4e7428e2a93
numerics/op12_theta/op12_state/results_L4_b6.0.json	numerics/op12_theta/op12_state/CERT_OP1_results_l4_b6.0.json	7185	f71f32d7d0124d6df557231b35fdd5ba
numerics/op12_theta/op12_state/results_L4_b6.4.json	numerics/op12_theta/op12_state/CERT_OP1_results_l4_b6.4.json	7037	016ff124d37303113388c6f1e14e4afb
numerics/op12_theta/op12_state/results_L4_b6.8.json	numerics/op12_theta/op12_state/CERT_OP1_results_l4_b6.8.json	6599	824b6ecefffd09ff92ad833e1765fcbb
numerics/op12_theta/op12_state/results_L4_b7.2.json	numerics/op12_theta/op12_state/CERT_OP1_results_l4_b7.2.json	6551	acdbfa73f2aa7f5cd8e68b0b491c4e8d
numerics/op12_theta/op12_state/results_L6_b5.6.json	numerics/op12_theta/op12_state/CERT_OP1_results_l6_b5.6.json	4770	b90f2c970ca9d7abecd09db0e99a315e
numerics/op12_theta/op12_state/results_L6_b6.4.json	numerics/op12_theta/op12_state/CERT_OP1_results_l6_b6.4.json	4804	a9af136028f876c43c92c1db685700e4
numerics/op12_theta/op12_state/results_L6_b7.2.json	numerics/op12_theta/op12_state/CERT_OP1_results_l6_b7.2.json	4403	229b1a21d9ddd2022af861eb4d41b033
numerics/op12_theta/op12_state/state_L4_b5.6.npz	numerics/op12_theta/op12_state/DATA_OP1_state_l4_b5.6.npz	141368	81408cf8e14451d6fbdf05d0b03e8f13
numerics/op12_theta/op12_state/state_L4_b6.0.npz	numerics/op12_theta/op12_state/DATA_OP1_state_l4_b6.0.npz	141398	00f5fe830dc91e469b39e9ac40234c35
numerics/op12_theta/op12_state/state_L4_b6.4.npz	numerics/op12_theta/op12_state/DATA_OP1_state_l4_b6.4.npz	141375	8d80d3446eedf7b0c243f2a8723522ec
numerics/op12_theta/op12_state/state_L4_b6.8.npz	numerics/op12_theta/op12_state/DATA_OP1_state_l4_b6.8.npz	141351	36592a350fa6d697b0328ebab51b7b24
numerics/op12_theta/op12_state/state_L4_b7.2.npz	numerics/op12_theta/op12_state/DATA_OP1_state_l4_b7.2.npz	141375	f4aede65519cddfd5ecbf5ea5515aefb
numerics/op12_theta/op12_state/state_L6_b5.6.npz	numerics/op12_theta/op12_state/DATA_OP1_state_l6_b5.6.npz	714951	d71729f181206a1dfee52c7c8b6ed30e
numerics/op12_theta/op12_state/state_L6_b6.4.npz	numerics/op12_theta/op12_state/DATA_OP1_state_l6_b6.4.npz	714908	2521c544d024487580d9d5699d6d93bb
numerics/op12_theta/op12_state/state_L6_b7.2.npz	numerics/op12_theta/op12_state/DATA_OP1_state_l6_b7.2.npz	714881	aa86c7949ee6cc60c4ebe708b8df1e5c
numerics/op12_theta/op12_summary.json	numerics/op12_theta/CERT_OP1_op12_summary.json	6119	406c1c7de5ffe14e2974f9632e3ae0e9
numerics/op12_theta/op12_theta_vs_beta.png	numerics/op12_theta/DATA_OP1_op12_theta_vs_beta.png	133102	055b302b2a7808ee60fb28b78d776da0
numerics/op12_theta/red_davies_kchain.json	numerics/op12_theta/CERT_OP1_red_davies_kchain.json	11717	7e82f2fb050ff000a87458b5989f894c
numerics/op12_theta/red_davies_kchain.py	numerics/op12_theta/ENGINE_OP1_red_davies_kchain.py	10973	e9d3a535e10f7232f2f82fed69e3e74d
numerics/op12_theta/results/results_L4_b5.6.json	numerics/op12_theta/results/CERT_OP1_results_l4_b5.6.json	7260	d69749beb54f7491e252a4e7428e2a93
numerics/op12_theta/results/results_L4_b6.0.json	numerics/op12_theta/results/CERT_OP1_results_l4_b6.0.json	7185	f71f32d7d0124d6df557231b35fdd5ba
numerics/op12_theta/results/results_L4_b6.4.json	numerics/op12_theta/results/CERT_OP1_results_l4_b6.4.json	7037	016ff124d37303113388c6f1e14e4afb
numerics/op12_theta/results/results_L4_b6.8.json	numerics/op12_theta/results/CERT_OP1_results_l4_b6.8.json	6599	824b6ecefffd09ff92ad833e1765fcbb
numerics/op12_theta/results/results_L4_b7.2.json	numerics/op12_theta/results/CERT_OP1_results_l4_b7.2.json	6551	acdbfa73f2aa7f5cd8e68b0b491c4e8d
numerics/op12_theta/results/results_L6_b5.6.json	numerics/op12_theta/results/CERT_OP1_results_l6_b5.6.json	4770	b90f2c970ca9d7abecd09db0e99a315e
numerics/op12_theta/results/results_L6_b6.4.json	numerics/op12_theta/results/CERT_OP1_results_l6_b6.4.json	4804	a9af136028f876c43c92c1db685700e4
numerics/op12_theta/results/results_L6_b7.2.json	numerics/op12_theta/results/CERT_OP1_results_l6_b7.2.json	4403	229b1a21d9ddd2022af861eb4d41b033
numerics/op12_theta/s_chessboard/delta_max_curvature.json	numerics/op12_theta/s_chessboard/CERT_OP1_delta_max_curvature.json	4975	c6a736d3561e359b3f3a046ffffa9456
numerics/op12_theta/s_chessboard/delta_max_curvature.py	numerics/op12_theta/s_chessboard/ENGINE_OP1_delta_max_curvature.py	8647	d944997553396ae848aef96f3d67fae2
numerics/op12_theta/s_chessboard/delta_max_curvature_2026-06-13.json	numerics/op12_theta/s_chessboard/CERT_OP1_delta_max_curvature_2026-06-13.json	4333	cb640f9e994e7db130b04195245c1cb0
numerics/op12_theta/s_chessboard/delta_window.png	numerics/op12_theta/s_chessboard/DATA_OP1_delta_window.png	89641	78b0cb3eb94673372a392238bc95bfa0
numerics/op12_theta/s_chessboard/delta_window_summary.json	numerics/op12_theta/s_chessboard/CERT_OP1_delta_window_summary.json	6186	4d5502bac6fb86b72d74a616d41084ff
numerics/op12_theta/s_chessboard/dmax_run.py	numerics/op12_theta/s_chessboard/RUN_OP1_dmax.py	4584	4418005d6463fed6ad743e626ae68f9f
numerics/op12_theta/s_chessboard/dw_state/dw_L4_b5.6.npz	numerics/op12_theta/s_chessboard/dw_state/DATA_OP1_dw_l4_b5.6.npz	141374	d5c09c39dbb8e2d806ec8c8c4c5b478c
numerics/op12_theta/s_chessboard/dw_state/dw_L4_b6.0.npz	numerics/op12_theta/s_chessboard/dw_state/DATA_OP1_dw_l4_b6.0.npz	141395	12bb9c2c16836bca87c9976009542c05
numerics/op12_theta/s_chessboard/dw_state/dw_L4_b6.4.npz	numerics/op12_theta/s_chessboard/dw_state/DATA_OP1_dw_l4_b6.4.npz	141384	e753bd22df0d3a193a6f463bc4508618
numerics/op12_theta/s_chessboard/dw_state/dw_L4_b6.8.npz	numerics/op12_theta/s_chessboard/dw_state/DATA_OP1_dw_l4_b6.8.npz	141419	bbc16a34962c3f1275ad86bc929ca177
numerics/op12_theta/s_chessboard/dw_state/dw_L4_b7.2.npz	numerics/op12_theta/s_chessboard/dw_state/DATA_OP1_dw_l4_b7.2.npz	141408	1cce464d959a02644b130b48481560c6
numerics/op12_theta/s_chessboard/dw_state/dw_L6_b5.6.npz	numerics/op12_theta/s_chessboard/dw_state/DATA_OP1_dw_l6_b5.6.npz	714995	cd7906cfe9f3f791aa0667fbf30b2fe7
numerics/op12_theta/s_chessboard/dw_state/dw_L6_b6.4.npz	numerics/op12_theta/s_chessboard/dw_state/DATA_OP1_dw_l6_b6.4.npz	714941	b51a4ac90c925f60587e2608a28020de
numerics/op12_theta/s_chessboard/dw_state/dw_L6_b7.2.npz	numerics/op12_theta/s_chessboard/dw_state/DATA_OP1_dw_l6_b7.2.npz	714925	20be0a7d5a8799b591bda9798b918b0f
numerics/op12_theta/s_chessboard/dw_state/dwmeta_L4_b5.6.json	numerics/op12_theta/s_chessboard/dw_state/CERT_OP1_dwmeta_l4_b5.6.json	58	cd1ab1a2216ad42a8a8ff1e3d4b39396
numerics/op12_theta/s_chessboard/dw_state/dwmeta_L4_b6.0.json	numerics/op12_theta/s_chessboard/dw_state/CERT_OP1_dwmeta_l4_b6.0.json	58	cd1ab1a2216ad42a8a8ff1e3d4b39396
numerics/op12_theta/s_chessboard/dw_state/dwmeta_L4_b6.4.json	numerics/op12_theta/s_chessboard/dw_state/CERT_OP1_dwmeta_l4_b6.4.json	58	da98b7dc6a82a6c20232403b0c84040c
numerics/op12_theta/s_chessboard/dw_state/dwmeta_L4_b6.8.json	numerics/op12_theta/s_chessboard/dw_state/CERT_OP1_dwmeta_l4_b6.8.json	58	da98b7dc6a82a6c20232403b0c84040c
numerics/op12_theta/s_chessboard/dw_state/dwmeta_L4_b7.2.json	numerics/op12_theta/s_chessboard/dw_state/CERT_OP1_dwmeta_l4_b7.2.json	58	da98b7dc6a82a6c20232403b0c84040c
numerics/op12_theta/s_chessboard/dw_state/dwmeta_L6_b5.6.json	numerics/op12_theta/s_chessboard/dw_state/CERT_OP1_dwmeta_l6_b5.6.json	59	a4eb7d0d5a91ef3ad456dc37848982bc
numerics/op12_theta/s_chessboard/dw_state/dwmeta_L6_b6.4.json	numerics/op12_theta/s_chessboard/dw_state/CERT_OP1_dwmeta_l6_b6.4.json	58	cd1ab1a2216ad42a8a8ff1e3d4b39396
numerics/op12_theta/s_chessboard/dw_state/dwmeta_L6_b7.2.json	numerics/op12_theta/s_chessboard/dw_state/CERT_OP1_dwmeta_l6_b7.2.json	58	da98b7dc6a82a6c20232403b0c84040c
numerics/op12_theta/s_chessboard/dw_state/dwres_L4_b5.6.json	numerics/op12_theta/s_chessboard/dw_state/CERT_OP1_dwres_l4_b5.6.json	7702	643bb3dd0afe0d4185dde3d5f1d467ba
numerics/op12_theta/s_chessboard/dw_state/dwres_L4_b6.0.json	numerics/op12_theta/s_chessboard/dw_state/CERT_OP1_dwres_l4_b6.0.json	6920	32a089b15649f7e24bba43899f1f53ed
numerics/op12_theta/s_chessboard/dw_state/dwres_L4_b6.4.json	numerics/op12_theta/s_chessboard/dw_state/CERT_OP1_dwres_l4_b6.4.json	6634	3082e1ade445d8b91c7338f3946d15e9
numerics/op12_theta/s_chessboard/dw_state/dwres_L4_b6.8.json	numerics/op12_theta/s_chessboard/dw_state/CERT_OP1_dwres_l4_b6.8.json	6523	c4de2d439c2e40a71288833932853f88
numerics/op12_theta/s_chessboard/dw_state/dwres_L4_b7.2.json	numerics/op12_theta/s_chessboard/dw_state/CERT_OP1_dwres_l4_b7.2.json	6279	f8230fbafae250e6bf8abbf9dca2d9e9
numerics/op12_theta/s_chessboard/dw_state/dwres_L6_b5.6.json	numerics/op12_theta/s_chessboard/dw_state/CERT_OP1_dwres_l6_b5.6.json	8434	261c8c2541e4a8def36a67005d8c7b4a
numerics/op12_theta/s_chessboard/dw_state/dwres_L6_b6.4.json	numerics/op12_theta/s_chessboard/dw_state/CERT_OP1_dwres_l6_b6.4.json	7545	14406a091f5267896f73e7ba57085b9a
numerics/op12_theta/s_chessboard/dw_state/dwres_L6_b7.2.json	numerics/op12_theta/s_chessboard/dw_state/CERT_OP1_dwres_l6_b7.2.json	6805	563fe94b05c4656eb2d6aaf1b2491b5e
numerics/op12_theta/s_chessboard/op12_delta_window.py	numerics/op12_theta/s_chessboard/ENGINE_OP1_op12_delta_window.py	12324	25614ea1b9be8248e6029fdc4ef476c4
numerics/op12_theta/s_chessboard/s_chessboard_rate.json	numerics/op12_theta/s_chessboard/CERT_OP1_s_chessboard_rate.json	27657	39a01c11239038366177d67385751b04
numerics/op12_theta/s_chessboard/s_chessboard_rate.py	numerics/op12_theta/s_chessboard/ENGINE_OP1_s_chessboard_rate.py	9567	1fb2b7dd875559406093aaa674ed5465
numerics/op12_theta/s_chessboard/z_prime_mc.json	numerics/op12_theta/s_chessboard/CERT_OP1_z_prime_mc.json	67993	1d67a2c41bb8994bd737f30d8b2174ac
numerics/op12_theta/s_chessboard/z_prime_mc.py	numerics/op12_theta/s_chessboard/ENGINE_OP1_z_prime_mc.py	8675	cfddd12164bdd80fb81e343fc63c5b4e
numerics/results/M3A_STAGE_C_PRELIMINARY_RESULT_2026-06-12.md	numerics/results/NOTE_PMBSF_m3a_stage_c_preliminary_result_2026-06-12.md	2680	7d0b18c00e4ac7f84f11dede3060f3f8
numerics/results/d3_certificate_results.md	numerics/results/CERT_FLUX_d3_certificate_results.md	9223	cbddaaa75dd864af96dd36f84c3af506
numerics/results/shell6_first_order_codd_result_2026-06-13.md	numerics/results/NOTE_SHELL6_first_order_codd_result_2026-06-13.md	5404	72b4afd8b30d0c9932b7b8f304428585
numerics/scratch_tmp/d3_results.json	numerics/scratch_tmp/RUN_TROM_d3_results.json	879	829680d3893d15514aa1814b346b0e2f
numerics/scratch_tmp/pdfs/log_potential/contact.jpg	numerics/scratch_tmp/pdfs/log_potential/DATA_Y6_contact.jpg	288970	ee8e7e5c179a558cdaadbb7714f744bb
numerics/scratch_tmp/pdfs/log_potential/page-1.png	numerics/scratch_tmp/pdfs/log_potential/DATA_MISC_page_1.png	407110	42ffa63d91af78b471647e2c3fe6a731
numerics/scratch_tmp/pdfs/log_potential/page-2.png	numerics/scratch_tmp/pdfs/log_potential/DATA_O4_page_2.png	424023	079cb0678493bb363b56a2217146aa62
numerics/scratch_tmp/pdfs/log_potential/page-3.png	numerics/scratch_tmp/pdfs/log_potential/DATA_Y6_page_3.png	441090	41b9f6838d4968f52955f04aa6b366f0
numerics/scratch_tmp/pdfs/log_potential/page-4.png	numerics/scratch_tmp/pdfs/log_potential/DATA_Y6_page_4.png	418606	788672dbb142078ff3fa1edcbebfbe46
numerics/scratch_tmp/pdfs/log_potential/preview-1.jpg	numerics/scratch_tmp/pdfs/log_potential/AUDIT_Y6_preview_1.jpg	93715	8365266a1adff9473f41de081ad69650
numerics/scratch_tmp/pdfs/log_potential/preview-2.jpg	numerics/scratch_tmp/pdfs/log_potential/AUDIT_Y5_preview_2.jpg	70234	10761735c84b4da516ad12a32c698b78
numerics/scratch_tmp/pdfs/log_potential/preview-3.jpg	numerics/scratch_tmp/pdfs/log_potential/AUDIT_O4_preview_3.jpg	48577	70ab74145633d38e209192dc3bf6a4de
numerics/scratch_tmp/pdfs/log_potential/preview-4.jpg	numerics/scratch_tmp/pdfs/log_potential/AUDIT_Y5_preview_4.jpg	92924	35b614fcc064a1e6059f37ead5567f2a
numerics/scratch_tmp/y4_sos_repro/Y4_REAL_SPACE_SOS_PACKAGE/Y4_REAL_SPACE_SOS_THEOREM.md	numerics/scratch_tmp/y4_sos_repro/Y4_REAL_SPACE_SOS_PACKAGE/THM_Y4_real_space_sos_theorem.md	1754	3799c53d846df31e103cc919604e2f64
numerics/scratch_tmp/y4_sos_repro/Y4_REAL_SPACE_SOS_PACKAGE/glueball_flat_band_paper_v0_5.pdf	numerics/scratch_tmp/y4_sos_repro/Y4_REAL_SPACE_SOS_PACKAGE/PAPER_Y4_glueball_flat_band_v0_5.pdf	396666	6da17939caafa27cc61fd54b68a749bb
numerics/scratch_tmp/y4_sos_repro/Y4_REAL_SPACE_SOS_PACKAGE/glueball_flat_band_paper_v0_5.tex	numerics/scratch_tmp/y4_sos_repro/Y4_REAL_SPACE_SOS_PACKAGE/PAPER_Y4_glueball_flat_band_v0_5.tex	56440	5f9d7886f375e36b2af5e648fcf38131
numerics/scratch_tmp/y4_sos_repro/Y4_REAL_SPACE_SOS_PACKAGE/glueball_flat_band_paper_v0_5_CHANGELOG.md	numerics/scratch_tmp/y4_sos_repro/Y4_REAL_SPACE_SOS_PACKAGE/DOC_Y4_glueball_flat_band_paper_v0_5_changelog.md	1642	f411e10ffce00ab028143e2913d13c52
numerics/scratch_tmp/y4_sos_repro/Y4_REAL_SPACE_SOS_PACKAGE/y4_exact_real_space_sos_certificate.py	numerics/scratch_tmp/y4_sos_repro/Y4_REAL_SPACE_SOS_PACKAGE/ENGINE_Y4_exact_real_space_sos_certificate.py	14005	6d8866fddd3aaeb640ea8ca8e554e075
numerics/scratch_tmp/y4_sos_repro/Y4_REAL_SPACE_SOS_PACKAGE/y4_exact_real_space_sos_run.log	numerics/scratch_tmp/y4_sos_repro/Y4_REAL_SPACE_SOS_PACKAGE/RUN_Y4_exact_real_space_sos.log	2275	decbd65d3c1245627615c8383ceb37c1
numerics/scratch_tmp/y4_sos_repro/Y4_REAL_SPACE_SOS_PACKAGE/y4_full_real_space_H4_kernel.json.gz	numerics/scratch_tmp/y4_sos_repro/Y4_REAL_SPACE_SOS_PACKAGE/DATA_Y4_full_real_space_h4_kernel.json.gz	1154	9c9a199dfcb4b9c8e60db854ca3b54b9
numerics/scratch_tmp/y4_sos_repro/Y4_REAL_SPACE_SOS_PACKAGE/y4_real_space_sos_certificate.json	numerics/scratch_tmp/y4_sos_repro/Y4_REAL_SPACE_SOS_PACKAGE/CERT_Y4_real_space_sos_certificate.json	4425	0f3069a17020b3318b3c1bbd1a9cc520
numerics/scratch_tmp/y4_sos_repro/Y4_REAL_SPACE_SOS_PACKAGE/y4_real_space_sos_stencil.json	numerics/scratch_tmp/y4_sos_repro/Y4_REAL_SPACE_SOS_PACKAGE/CERT_Y4_real_space_sos_stencil.json	2932	4f0589cb1a1abb982c4e82a094ec0670
numerics/scratch_tmp/y4_sos_repro/Y4_REAL_SPACE_SOS_PACKAGE/y4_sos_a100_cpu_test.log	numerics/scratch_tmp/y4_sos_repro/Y4_REAL_SPACE_SOS_PACKAGE/RUN_Y4_sos_a100_cpu_test.log	2124	9a161fa07ad77a7e485bb906033957b7
numerics/scratch_tmp/y4_sos_repro/Y4_REAL_SPACE_SOS_PACKAGE/y4_sos_a100_validation.py	numerics/scratch_tmp/y4_sos_repro/Y4_REAL_SPACE_SOS_PACKAGE/ENGINE_Y4_sos_a100_validation.py	16279	994896886943106c6279c034e5dff106
numerics/scratch_tmp/y4_sos_repro/Y4_REAL_SPACE_SOS_PACKAGE/y4_sos_cpu_test_summary.json	numerics/scratch_tmp/y4_sos_repro/Y4_REAL_SPACE_SOS_PACKAGE/CERT_Y4_sos_cpu_test_summary.json	1224	42c69f9a64d169225371493b014d0c6d
papers/flat_band/FOURTH_ORDER_T1PM_BAND_THEOREM_V0_8_CONSOLIDATED.md	papers/flat_band/THM_Y5_fourth_order_t1pm_band_theorem_v0_8.md	26524	6cd7db6d0f47388bd4c7b6b5d7669a99
papers/flat_band/FULL_SYMBOLIC_INDEPENDENT_AUDIT_2026-06-14.md	papers/flat_band/AUDIT_FLUX_full_symbolic_independent_2026-06-14.md	2424	e3b164717b8f974774ca96253e224c6f
papers/flat_band/NORMALIZATION_ERRATUM_2026-06-14.md	papers/flat_band/AUDIT_FLUX_normalization_erratum_2026-06-14.md	3091	c5da31f3e25f12027fdac816303472d2
papers/flat_band/THEOREM_MD5SUMS.txt	papers/flat_band/THM_FLUX_theorem_md5sums.txt	367	aedb82b91d17e919426eb29611df538a
papers/flat_band/V1_0_MD5SUMS.txt	papers/flat_band/MAN_FLUX_v1_0_md5sums.txt	136	24c8d4647113ec0ffe09ded6eccd9696
papers/flat_band/V1_1_MD5SUMS.txt	papers/flat_band/MAN_FLUX_v1_1_md5sums.txt	252	95bcea51ed73b513c18c916c336855cb
papers/flat_band/fig_bands.pdf	papers/flat_band/PAPER_FLUX_fig_bands.pdf	21377	58d1ec5745470d4c30ac873a2abb9dbf
papers/flat_band/fig_c4.pdf	papers/flat_band/PAPER_FLUX_fig_c4.pdf	20926	5a170410495a9a4108177c817b5b873a
papers/flat_band/fig_largeN.pdf	papers/flat_band/PAPER_SUN_fig_largen.pdf	26143	fe6620e88f374792e59099c89c7e5971
papers/flat_band/glueball_flat_band_paper_v0_8_CHANGELOG.md	papers/flat_band/DOC_FLUX_glueball_flat_band_paper_v0_8_changelog.md	907	239da459bbf7bed0750559076ee04e52
papers/flat_band/glueball_flat_band_paper_v0_9_2_normalization_patch.tex	papers/flat_band/PAPER_FLUX_glueball_flat_band_v0_9_2_normalization.tex	74361	a18719f73d3050cdf64163a34cbc936a
papers/flat_band/glueball_flat_band_paper_v1_1.pdf	papers/flat_band/PAPER_FLUX_glueball_flat_band_v1_1.pdf	528581	cd0937c630339d766f6e745c1db3ce57
papers/flat_band/glueball_flat_band_paper_v1_1.tex	papers/flat_band/PAPER_FLUX_glueball_flat_band_v1_1.tex	85854	8b66e4e56aeeeda4474d6b35bcaf4b90
papers/flat_band/manuscript_section6_patch.pdf	papers/flat_band/PAPER_FLUX_manuscript_section6_patch.pdf	218371	a549b5b44e8281835851d16459e18094
papers/gauge_constrained_spectral_geometry/GAUGE_CONSTRAINED_SPECTRAL_GEOMETRY_UNIFIED_v1_4_2026-08-08.md	papers/gauge_constrained_spectral_geometry/PAPER_FLUX_gauge_constrained_spectral_geometry_unified_v1_4_2026-08-08.md	78520	7108925149bbed3c314906c4766738a6
papers/gauge_constrained_spectral_geometry/GAUGE_CONSTRAINED_SPECTRAL_GEOMETRY_UNIFIED_v1_4_2026-08-08.pdf	papers/gauge_constrained_spectral_geometry/PAPER_FLUX_gauge_constrained_spectral_geometry_unified_v1_4_2026-08-08.pdf	417729	f4061affc6f0a7382eaeebeeac51b242
papers/gauge_constrained_spectral_geometry/GAUGE_CONSTRAINED_SPECTRAL_GEOMETRY_UNIFIED_v1_4_2026-08-08.zip	papers/gauge_constrained_spectral_geometry/PAPER_FLUX_gauge_constrained_spectral_geometry_unified_v1_4_2026-08-08.zip	746616	af8a96a8a7b8dfccc40d2e8c4ef2c2f1
papers/source_docx/Canonical_SU_N_Wilson_Spectral_Theory_Derivation_First_Corrected.docx	papers/source_docx/PAPER_SUN_canonical_su_n_wilson_spectral_theory_derivation.docx	90938	138a0cfadbb17d1375279b3af3030249
papers/source_docx/Canonical_SU_N_Wilson_Theory_Full_Derivations.docx	papers/source_docx/PAPER_SUN_canonical_su_n_wilson_theory_full_derivations.docx	60117	4ed615efd99e98a92b2caad137b46d42
papers/source_docx/Exact Fourth-Order Coefficient of the SU(3) -(T_1^{+-}-) Band.docx	papers/source_docx/PAPER_SU3_exact_fourth_order_coefficient_su_alt3_t.docx	19238	f80c6753aaebdfab8ae521ebcabb6446
papers/source_docx/SU_N_Homological_Flat_Bands_and_Rank_Cubic_Spectral_Geometry.docx	papers/source_docx/PAPER_SUN_su_n_homological_flat_bands_rank_cubic.docx	52367	00c5abc3cf467f6e89a58196a3f82bfc
papers/su_n_class_function_theorem_v2 (1).tex	papers/THM_SUN_su_n_class_function_theorem_v2_alt.tex	42117	e06e7c8c5816e37452e221f463927fde
programs/hodge_haar_krylov/HODGE–HAAR_ELECTRIC_RESOLVENT_ENGINE_v0_6.ipynb	programs/hodge_haar_krylov/NB_HAAR_hodge_electric_resolvent_engine_v0_6.ipynb	53485	24f5220753849332a3f50d0d3c32739f
programs/hodge_haar_krylov/Hodge_Anchored_Graph_Krylov_Production_v1.ipynb	programs/hodge_haar_krylov/NB_HAAR_hodge_anchored_graph_krylov_production_v1.ipynb	21278	e22b82e040c9cf6013bcc5ede4641d5d
programs/hodge_haar_krylov/Hodge_Glueball_Feshbach_Krylov_Production_v2.ipynb	programs/hodge_haar_krylov/NB_HAAR_hodge_glueball_feshbach_krylov_production_v2.ipynb	39609	77bc3f2e5a76f2e8d6668a97c9bbe22b
programs/hodge_haar_krylov/Hodge_Haar_Electric_Resolvent_v06c (1).ipynb	programs/hodge_haar_krylov/NB_HAAR_hodge_electric_resolvent_v06c_alt.ipynb	134431	0aeba79fc38724d8e277774dfe836a69
programs/hodge_haar_krylov/Hodge_Haar_Electric_Resolvent_v06c.ipynb	programs/hodge_haar_krylov/NB_HAAR_hodge_electric_resolvent_v06c.ipynb	134431	e35820e2b4ab3b600b5cae2280858d74
programs/hodge_haar_krylov/Hodge_Haar_Explicit_Intertwiner_v04.ipynb	programs/hodge_haar_krylov/NB_HAAR_hodge_explicit_intertwiner_v04.ipynb	54200	13cc4f04436250d30421539f37851333
programs/hodge_haar_krylov/Hodge_Haar_Mixed_Determinant_v05c.ipynb	programs/hodge_haar_krylov/NB_HAAR_hodge_mixed_determinant_v05c.ipynb	38048	40c1656faaebf5245133064c57427df1
programs/hodge_haar_krylov/Hodge_Mass_String_GlobalQ_Krylov_v5_A100.ipynb	programs/hodge_haar_krylov/NB_HAAR_hodge_mass_string_globalq_krylov_v5_a100.ipynb	203759	64d123bbfba5d6ca43c9cc9901a2078b
programs/hodge_haar_krylov/Hodge_Mass_String_NestedQ_Moment_v7_A100 (1).ipynb	programs/hodge_haar_krylov/NB_HAAR_hodge_mass_string_nestedq_moment_v7_a100.ipynb	1139090	bcbb91eb20ade4d6019ca0c4c8528e52
programs/hodge_haar_krylov/Hodge_Mass_String_NestedQ_Moment_v7_A100.ipynb	programs/hodge_haar_krylov/NB_HAAR_hodge_mass_string_nestedq_moment_v7_a100.ipynb	1139090	bcbb91eb20ade4d6019ca0c4c8528e52
programs/hodge_haar_krylov/hodge_glueball_globalQ_vacuum_character_v8.py	programs/hodge_haar_krylov/ENGINE_HAAR_hodge_glueball_globalq_vacuum_character_v8.py	139951	97e230649fc4474a4b7032fdc7bc8a92
programs/hodge_haar_krylov/hodge_mass_string_linked_cubic_v9.py	programs/hodge_haar_krylov/ENGINE_HAAR_hodge_mass_string_linked_cubic_v9.py	160539	cf8cd045c69ca6ab4d665517c330e4ba
programs/hodge_haar_krylov/hodge_mass_string_linked_cubic_v9_1(1).py	programs/hodge_haar_krylov/ENGINE_HAAR_hodge_mass_string_linked_cubic_v9_1.py	160720	1b8d0b7443097dffadb2d25ca130d18e
programs/hodge_o4_adjudication/data/next14.json	programs/hodge_o4_adjudication/data/CERT_O4_next14.json	10938	fc8556d15004895ceb0243824c449d79
programs/hodge_o4_adjudication/notebooks/Hodge_O4_RootFace_Occurrence_Preflight_Colab.ipynb	programs/hodge_o4_adjudication/notebooks/NB_O4_hodge_rootface_occurrence_preflight_colab.ipynb	21284	99742c115bed00419aff4ce6e75d83c8
programs/hodge_o4_adjudication/notebooks/Hodge_SU3_Exact_MarkedCluster_m4_Colab.ipynb	programs/hodge_o4_adjudication/notebooks/NB_O4_hodge_su3_exact_markedcluster_m4_colab.ipynb	77011	bcbe8e06551b5dc6bb800196109182e4
programs/hodge_o4_adjudication/notebooks/Hodge_Y4_Canonical_O4_Production_Colab.ipynb	programs/hodge_o4_adjudication/notebooks/NB_Y4_hodge_canonical_o4_production_colab.ipynb	23165	789b5270c3127cbe64b18eefbc834d4c
programs/hodge_o4_adjudication/notebooks/Hodge_v10a18_Arithmetic_Geometry_Prime_Provenance.ipynb	programs/hodge_o4_adjudication/notebooks/NB_O4_hodge_v10a18_arithmetic_geometry_prime_provenance.ipynb	20927	f5829cf7d8199e536a385c8b8ebd7088
programs/hodge_o4_adjudication/notebooks/Hodge_v10a20_DenominatorLift_Exact_DA_m4_A100.ipynb	programs/hodge_o4_adjudication/notebooks/NB_O4_hodge_v10a20_denominatorlift_exact_da_m4_a100.ipynb	313663	c0f58d30e40499b9ca5b5271aac1de61
programs/hodge_o4_adjudication/notebooks/Hodge_v10a20b_DenominatorLift_Exact_DA_m4_A100.ipynb	programs/hodge_o4_adjudication/notebooks/NB_O4_hodge_v10a20b_denominatorlift_exact_da_m4_a100.ipynb	313090	e637481e66d45e5da57a76dc24145c4e
programs/hodge_o4_adjudication/notebooks/Hodge_v10a20b_RESUME_after_heapq_failure.ipynb	programs/hodge_o4_adjudication/notebooks/NB_O4_hodge_v10a20b_resume_after_heapq_failure.ipynb	12875	aad6f57c0594a369c07124cd1f5e4c32
programs/hodge_o4_adjudication/notebooks/Hodge_v10a21_Exact_Rooted_Cluster_Adjudicator_A100.ipynb	programs/hodge_o4_adjudication/notebooks/NB_O4_hodge_v10a21_exact_rooted_cluster_adjudicator_a100.ipynb	334632	71e4f5a219d859969df639b2adb0d589
programs/hodge_o4_adjudication/notebooks/Hodge_v10a21r_ADJUDICATOR_ONLY_same_kernel.ipynb	programs/hodge_o4_adjudication/notebooks/NB_O4_hodge_v10a21r_adjudicator_only_same_kernel.ipynb	24549	960eedf8495867eceff14dd64c2261d9
programs/hodge_o4_adjudication/notebooks/Hodge_v10a22_INDEPENDENT_FiniteCluster_Oracle_A100.ipynb	programs/hodge_o4_adjudication/notebooks/NB_O4_hodge_v10a22_independent_finitecluster_oracle_a100.ipynb	306939	2c664d3228afb3f57ed27c4003a3dce4
programs/hodge_o4_adjudication/notebooks/Hodge_v10a23_DualColdOracle_FullT1_O4_A100.ipynb	programs/hodge_o4_adjudication/notebooks/NB_O4_hodge_v10a23_dualcoldoracle_fullt1_a100.ipynb	338310	078ebcdb6926508cc82d68bf564c8501
programs/hodge_o4_adjudication/notebooks/Hodge_v10a23_FullT1_OperatorFold_K4_A100.ipynb	programs/hodge_o4_adjudication/notebooks/NB_O4_hodge_v10a23_fullt1_operatorfold_k4_a100.ipynb	319432	382ed0a2e829eba35b1235b9d93fe912
programs/hodge_o4_adjudication/notebooks/Hodge_v10a24_RootedFullT1_DualColdOracle_O4_A100.ipynb	programs/hodge_o4_adjudication/notebooks/NB_O4_hodge_v10a24_rootedfullt1_dualcoldoracle_a100.ipynb	346713	55045cdec9cc32f751f8fdfe72db2592
programs/hodge_o4_adjudication/notebooks/Hodge_v10a24b_RESUME_after_D_interrupt_same_kernel.ipynb	programs/hodge_o4_adjudication/notebooks/NB_O4_hodge_v10a24b_resume_after_d_interrupt_same.ipynb	87411	3739e5dffdb83bdb63271006851ccecb
programs/hodge_o4_adjudication/notebooks/Hodge_v10a24b_RootedFullT1_DualColdOracle_O4_A100.ipynb	programs/hodge_o4_adjudication/notebooks/NB_O4_hodge_v10a24b_rootedfullt1_dualcoldoracle_a100.ipynb	348316	f705b627b02ccc7702033f5290a73f89
programs/hodge_o4_adjudication/notebooks/Hodge_v10a24c_PRODUCTION_NO_WATCHDOG_A100.ipynb	programs/hodge_o4_adjudication/notebooks/NB_O4_hodge_v10a24c_production_no_watchdog_a100.ipynb	346609	6a6015b9e4ca259692823a5e8c06f46b
programs/hodge_o4_adjudication/notebooks/Hodge_v10a24c_RootedFullT1_DualColdOracle_O4_A100.ipynb	programs/hodge_o4_adjudication/notebooks/NB_O4_hodge_v10a24c_rootedfullt1_dualcoldoracle_a100.ipynb	347945	262346c837325aaadff8514e3479ede3
programs/hodge_o4_adjudication/notebooks/Hodge_v10a24c_SECTION15_REDUCED_GPU_BENCHMARK_FRESH_A100.ipynb	programs/hodge_o4_adjudication/notebooks/NB_O4_hodge_v10a24c_section15_reduced_gpu_benchmark_fresh.ipynb	364825	eeee29c0a343385c640a54123f8ffe2b
programs/hodge_o4_adjudication/notebooks/Hodge_v10a25_Hamer_Gelfand_O4_A100.ipynb	programs/hodge_o4_adjudication/notebooks/NB_O4_hodge_v10a25_hamer_gelfand_a100.ipynb	382366	93ee95ca9451839f4c950cee767e6b6a
programs/hodge_o4_adjudication/notebooks/Hodge_v10a26_Factor52Complete_ExactSW_RootedOracle_A100 (2).ipynb	programs/hodge_o4_adjudication/notebooks/NB_O4_hodge_v10a26_factor52complete_exactsw_rootedoracle_a100_alt2.ipynb	838554	b81000c22c2e7c60b9d8f0bbb201c913
programs/hodge_o4_adjudication/notebooks/Hodge_v10a26_Factor52Complete_ExactSW_RootedOracle_A100.ipynb	programs/hodge_o4_adjudication/notebooks/NB_O4_hodge_v10a26_factor52complete_exactsw_rootedoracle_a100.ipynb	398480	a72779c20df0d3f2df5e900ebf5caf36
programs/hodge_o4_adjudication/notebooks/Hodge_v10a29_Blind_M5_M7_A100_Runner.ipynb	programs/hodge_o4_adjudication/notebooks/NB_O4_hodge_v10a29_blind_m5_m7_a100_runner.ipynb	26769	7506254c421387643bbcd26054acd37e
programs/hodge_o4_adjudication/notebooks/Hodge_v10a29b_M5_First_No_M4_Rerun_A100.ipynb	programs/hodge_o4_adjudication/notebooks/NB_O4_hodge_v10a29b_m5_first_no_m4_rerun.ipynb	36832	0ff39d6d990ac9da545ab0f01a77050a
programs/hodge_o4_adjudication/notebooks/Hodge_v10a2_FullT1_K2_Q2_Frontier_A100 (1).ipynb	programs/hodge_o4_adjudication/notebooks/NB_O4_hodge_v10a2_fullt1_k2_q2_frontier_a100.ipynb	254658	0bf88755295c28469b2559f884f7afb9
programs/hodge_o4_adjudication/notebooks/Hodge_v10a2_FullT1_K2_Q2_Frontier_A100.ipynb	programs/hodge_o4_adjudication/notebooks/NB_O4_hodge_v10a2_fullt1_k2_q2_frontier_a100.ipynb	254658	0bf88755295c28469b2559f884f7afb9
programs/hodge_o4_adjudication/notebooks/Hodge_v10a30_M5_FIRST_No_M4_Rerun_A100.ipynb	programs/hodge_o4_adjudication/notebooks/NB_O4_hodge_v10a30_m5_first_no_m4_rerun.ipynb	43628	dd3775eb3bb824af28c106e01c9dadee
programs/hodge_o4_adjudication/notebooks/Hodge_v10a31_M5_M7_MATH_ONLY_A100.ipynb	programs/hodge_o4_adjudication/notebooks/NB_O4_hodge_v10a31_m5_m7_math_only_a100.ipynb	28177	b98fdea9a1cddbe8a831a0741113a2d6
programs/hodge_o4_adjudication/notebooks/Hodge_v10a31_M5_ONLY_No_M4_Anything_A100.ipynb	programs/hodge_o4_adjudication/notebooks/NB_O4_hodge_v10a31_m5_only_no_m4_anything.ipynb	45303	bd0848ad9c81fd4de704fe0245d87e36
programs/hodge_o4_adjudication/notebooks/Hodge_v10a32_M5_ONLY_CanonicalProvider_No_M4_A100.ipynb	programs/hodge_o4_adjudication/notebooks/NB_O4_hodge_v10a32_m5_only_canonicalprovider_no_m4.ipynb	58971	c553971645c77f918c767894e3a8f23b
programs/hodge_o4_adjudication/notebooks/Hodge_v10a7_Marked_Linked_O4_Scalar_Colab.ipynb	programs/hodge_o4_adjudication/notebooks/NB_O4_hodge_v10a7_marked_linked_scalar_colab.ipynb	87033	7f8df82e504207ba053fc4f0ca3dcbe8
programs/hodge_o4_adjudication/src/Hodge_O4_FullT1_Occurrence_Preflight.json	programs/hodge_o4_adjudication/src/CERT_O4_hodge_fullt1_occurrence_preflight.json	2641	ce8c12f58636afa1d97986ac44157a00
programs/hodge_o4_adjudication/src/Hodge_O4_RootFace_Occurrence_Preflight_Colab.py	programs/hodge_o4_adjudication/src/ENGINE_O4_hodge_rootface_occurrence_preflight_colab.py	146644	3e271637c7b7d721c42ff0f5f602ac45
programs/hodge_o4_adjudication/src/Hodge_O4_RootOnly_Firewall_v1.py	programs/hodge_o4_adjudication/src/ENGINE_O4_hodge_rootonly_firewall_v1.py	20705	e523084c8c7542e7b99d7f70eb6d3322
programs/hodge_o4_adjudication/src/Hodge_Y4_Canonical_O4_Production_Colab.py	programs/hodge_o4_adjudication/src/ENGINE_Y4_hodge_canonical_o4_production_colab.py	446723	89b11a36fa4b6793a699e2d5ea2cb41d
programs/hodge_o4_adjudication/src/Hodge_v10a27_M5_M7_Frontier_Extension_A100.py	programs/hodge_o4_adjudication/src/ENGINE_O4_hodge_v10a27_m5_m7_frontier_extension_a100.py	30267	4add2f20f7f47eccd7d21bdaf0c44605
programs/hodge_o4_adjudication/src/Hodge_v10a28_OrderAware_Gram_Firewall_A100.py	programs/hodge_o4_adjudication/src/ENGINE_O4_hodge_v10a28_orderaware_gram_firewall_a100.py	56657	add9afea253add15fab4ce63258c16a8
programs/hodge_o4_adjudication/src/Hodge_v10a3_PhysicalQ2_Order4_Firewall_A100.py	programs/hodge_o4_adjudication/src/ENGINE_O4_hodge_v10a3_physicalq2_order4_firewall_a100.py	207796	eb99bb749fc1a4ab6b27d13dbedeb51c
programs/hodge_o4_adjudication/src/hodge_v10a21r_ADJUDICATOR_ONLY_same_kernel.py	programs/hodge_o4_adjudication/src/ENGINE_O4_hodge_v10a21r_adjudicator_only_same_kernel.py	21071	809050fba24eefb0d34eeda38a9fa455
programs/hodge_o4_adjudication/src/hodge_v10a24c_RootedFullT1_DualColdOracle_O4_A100.py	programs/hodge_o4_adjudication/src/ENGINE_O4_hodge_v10a24c_rootedfullt1_dualcoldoracle_a100.py	307724	0bb9172bc71f49c6f6ce00b1d6a5c831
programs/hodge_o4_adjudication/src/hodge_v10a3_physicalQ2_order4_certificate.py	programs/hodge_o4_adjudication/src/ENGINE_O4_hodge_v10a3_physicalq2_order4_certificate.py	197379	4c3edc9bc19de8bca689c141cc0d706f
programs/hodge_o4_adjudication/src/hodge_v10a6_gamma_q1_zero_scalar_ledger.py	programs/hodge_o4_adjudication/src/ENGINE_O4_hodge_v10a6_gamma_q1_zero_scalar_ledger.py	30157	c5f70147cbe7d98d9820b03e82d8b2b3
programs/hodge_o4_adjudication/src/hodge_v10a7_marked_linked_o4_scalar.py	programs/hodge_o4_adjudication/src/ENGINE_O4_hodge_v10a7_marked_linked_scalar.py	234147	c91e3788d18a3032334d45f565febe77
programs/hodge_o4_adjudication/src/hodge_v10a_physicalQ_certificate.py	programs/hodge_o4_adjudication/src/ENGINE_O4_hodge_v10a_physicalq_certificate.py	167428	acb9928bc2788b247ebc6ef38dea7e9f
programs/hodge_o4_adjudication/src/test_DATA_O4_OrderSchedule_Occurrence_Preflight_CPU.py	programs/hodge_o4_adjudication/src/ENGINE_O4_test_hodge_orderschedule_occurrence_preflight_cpu.py	2962	37cdd6434e4cd67f737d1d0c8a58a06a
programs/hodge_o4_adjudication/src/test_Hodge_O4_RootFace_Occurrence_Preflight_Colab.py	programs/hodge_o4_adjudication/src/ENGINE_O4_test_hodge_rootface_occurrence_preflight_colab.py	41671	dae48c3e077dfe0cd95d2ce3369f038b
programs/hodge_o4_adjudication/src/test_DATA_SU3_Exact_MarkedCluster_m4_Colab.py	programs/hodge_o4_adjudication/src/ENGINE_O4_test_hodge_su3_exact_markedcluster_m4_colab.py	8944	4d79a746d5299972e22869363d6fc198
programs/hodge_o4_adjudication/src/test_Hodge_Y4_Canonical_O4_Production_Colab.py	programs/hodge_o4_adjudication/src/ENGINE_Y4_test_hodge_canonical_o4_production_colab.py	56567	091a59d9f92945df2a0692298ace24a2
programs/one_plaquette/MASTER_one_plaquette_program_v2_7.md	programs/one_plaquette/NOTE_FLUX_master_one_plaquette_program_v2_7.md	83501	5df48f9deef8f3f5826a3a7c09d7eb6d
programs/one_plaquette/PROGRAM_INDEX.md	programs/one_plaquette/PLAN_Y6_program_index.md	9648	817f2674ff429baf6f4e9850b32cdf1a
programs/one_plaquette/RUN_LOG_2026-06-11.md	programs/one_plaquette/NOTE_FLUX_run_log_2026-06-11.md	1515	ff2f8035c6ff6498826d67e5952b42e2
programs/one_plaquette/cls_flat_band_certificate.py	programs/one_plaquette/ENGINE_FLUX_cls_flat_band_certificate.py	12582	d5396786ddaeae3cd1b968b7b76e5774
programs/one_plaquette/cls_flat_band_certificate_v1_1.py	programs/one_plaquette/ENGINE_FLUX_cls_flat_band_certificate_v1_1.py	16675	66b60e9fe5ef2fb61079554020d7a91e
programs/one_plaquette/cls_flat_band_results.md	programs/one_plaquette/RUN_FLUX_cls_flat_band_results.md	5938	f299b968a1958748aa4b2561c8914eca
programs/one_plaquette/cls_flat_band_results_v1_1.md	programs/one_plaquette/NOTE_FLUX_cls_flat_band_results_v1_1.md	7189	c7c89e5f75f09b84948f653fde7a6b92
programs/one_plaquette/flat_band_checks_fixed.ipynb	programs/one_plaquette/NB_FLUX_flat_band_checks_fixed.ipynb	18590	05818a33a63d337309e7f6833ba6499f
programs/one_plaquette/glueball_band_certificate.py	programs/one_plaquette/ENGINE_FLUX_glueball_band_certificate.py	18722	633d5de3a3adff0d137b7a83c4ecd483
programs/one_plaquette/glueball_band_certificate_v2.py	programs/one_plaquette/ENGINE_FLUX_glueball_band_certificate_v2.py	20671	4288fb5b15dcc3ef4a519efa948b1113
programs/one_plaquette/glueball_band_results_v2.md	programs/one_plaquette/NOTE_FLUX_glueball_band_results_v2.md	11548	5ae30aa658c245a2247e173a5c3f2e53
programs/one_plaquette/glueball_mass_prediction/GLUEBALL_HIGHN_PREDICTIONS_2026-06-14.md	programs/one_plaquette/glueball_mass_prediction/NOTE_FLUX_glueball_highn_predictions_2026-06-14.md	4116	e68d516c5b1537cb99271172721b7da2
programs/one_plaquette/glueball_mass_prediction/GLUEBALL_MASS_PREDICTION_REPORT_V1.md	programs/one_plaquette/glueball_mass_prediction/AUDIT_SU3_glueball_mass_prediction_report_v1.md	2617	9056e16d64729a1c7f528e6367a63925
programs/one_plaquette/glueball_mass_prediction/GLUEBALL_RATIO_TO_CONTINUUM_DIAGNOSTIC_2026-06-14.md	programs/one_plaquette/glueball_mass_prediction/NOTE_SU3_glueball_ratio_continuum_diagnostic_2026-06-14.md	3912	8685d0bf7bfae1c42f259317b5ac662f
programs/one_plaquette/glueball_mass_prediction/MD5SUMS.txt	programs/one_plaquette/glueball_mass_prediction/MAN_FLUX_md5sums.txt	286	8499e9e525210b1939b9c91f7ef88136
programs/one_plaquette/lattice_glueball_data/LATTICE_TEST_onset_kinematics.md	programs/one_plaquette/lattice_glueball_data/NOTE_FLUX_lattice_test_onset_kinematics.md	2989	f6de34f2857bcd31a51e42e1769fc4c6
programs/one_plaquette/lattice_glueball_data/REALWORLD_predictions_2026-06-13.md	programs/one_plaquette/lattice_glueball_data/NOTE_SUN_realworld_predictions_2026-06-13.md	8021	e94a6dd79f661eccd1d2038925b6a777
programs/one_plaquette/lattice_glueball_data/REVIEW_suN_realworld_predictions.md	programs/one_plaquette/lattice_glueball_data/AUDIT_SUN_review_realworld_predictions.md	3802	596b11fd4e36fdb4b37884e0f3bdbdcd
programs/one_plaquette/lattice_glueball_data/SYNTHESIS_y4_band_vs_lattice.md	programs/one_plaquette/lattice_glueball_data/NOTE_Y4_synthesis_band_vs_lattice.md	5927	fbaed3d0aa309efa44496755786a6990
programs/one_plaquette/lattice_glueball_data/at_continuum_spectrum.csv	programs/one_plaquette/lattice_glueball_data/DATA_FLUX_at_continuum_spectrum.csv	1035	3139ac4cf12c62b31b42daea0cca15c4
programs/one_plaquette/lattice_glueball_data/glueball_lattice_data.xlsx	programs/one_plaquette/lattice_glueball_data/DATA_FLUX_glueball_lattice.xlsx	12564	afbfa2b01d0dcd4f5820befee547d720
programs/one_plaquette/lattice_glueball_data/glueball_lattice_data_v2.xlsx	programs/one_plaquette/lattice_glueball_data/DATA_FLUX_glueball_lattice_v2.xlsx	17523	84063bfa8ef9166ba01f50e372e0bda0
programs/one_plaquette/lattice_glueball_data/glueball_masses.csv	programs/one_plaquette/lattice_glueball_data/DATA_FLUX_glueball_masses.csv	545	df9d0f2ca5615cb9fbc3bd071f20772e
programs/one_plaquette/lattice_glueball_data/glueball_masses.json	programs/one_plaquette/lattice_glueball_data/CERT_FLUX_glueball_masses.json	2785	fc5ef911da3a7274a2d24468bf6745e8
programs/one_plaquette/lattice_glueball_data/lattice_onset_homology.py	programs/one_plaquette/lattice_glueball_data/ENGINE_FLUX_lattice_onset_homology.py	2380	f788e216335651199737e73f3eef81de
programs/one_plaquette/lattice_glueball_data/suN_realworld_predictions.py	programs/one_plaquette/lattice_glueball_data/ENGINE_SUN_realworld_predictions.py	7876	d84945c2a476b6373ddd2c2f4ea6a560
programs/one_plaquette/lattice_glueball_data/verify_suN.py	programs/one_plaquette/lattice_glueball_data/ENGINE_SUN_verify.py	2075	9e800f7bd106526aa566edfd0e2c78ea
programs/one_plaquette/lattice_glueball_data/y4_1pm_band_structure.png	programs/one_plaquette/lattice_glueball_data/DATA_Y4_1pm_band_structure.png	70916	9b071d1807c86935d176a9d363817b9d
programs/one_plaquette/lattice_glueball_data/y4_band_structure.py	programs/one_plaquette/lattice_glueball_data/ENGINE_Y4_band_structure.py	1753	97f2d131b5e5f5bf4636498373fb9f1a
programs/one_plaquette/lattice_glueball_data/~$glueball_lattice_data.xlsx	programs/one_plaquette/lattice_glueball_data/DATA_FLUX_glueball_lattice.xlsx	12564	afbfa2b01d0dcd4f5820befee547d720
programs/one_plaquette/manuscript_section6_patch.tex	programs/one_plaquette/PAPER_FLUX_manuscript_section6_patch.tex	17337	ceed1babd135b24f8ad35a374c69764f
programs/one_plaquette/master_v2_regression_certificate.py	programs/one_plaquette/ENGINE_FLUX_master_v2_regression_certificate.py	9510	52b3a66033fc1fb82fb9c71f16b63a6e
programs/one_plaquette/shell6_o2/corner_probe.py	programs/one_plaquette/shell6_o2/ENGINE_SHELL6_corner_probe.py	1578	e8eac31a5c15d81b4c7defc473781122
programs/one_plaquette/shell6_o2/link_calculus_validate.py	programs/one_plaquette/shell6_o2/ENGINE_SHELL6_link_calculus_validate.py	5016	859f6e115a96ac74fbea8795b8afc52d
programs/one_plaquette/shell6_o2/link_o2.py	programs/one_plaquette/shell6_o2/ENGINE_SHELL6_link_o2.py	4317	ec6aca7f4afe78d499277595ce3e4c3f
programs/one_plaquette/shell6_o2/shell6_certify.py	programs/one_plaquette/shell6_o2/ENGINE_SHELL6_certify.py	12293	ec87193a981305b1a93e5fc3beda6850
programs/one_plaquette/shell6_o2/shell6_final.py	programs/one_plaquette/shell6_o2/ENGINE_SHELL6_item.py	7848	682bc3fdff28f6ad1d4f08e2b5ba394b
programs/one_plaquette/shell6_o2/shell6_final4.py	programs/one_plaquette/shell6_o2/ENGINE_SHELL6_final4.py	6518	2c9303270d559be0a0e0cc3dede57d51
programs/one_plaquette/shell6_o2/shell6_firstorder_corrected.py	programs/one_plaquette/shell6_o2/ENGINE_SHELL6_firstorder_corrected.py	4385	fd65a064c399914786754be40a9a1bd8
programs/one_plaquette/shell6_o2/shell6_haar_loops.py	programs/one_plaquette/shell6_o2/ENGINE_SHELL6_haar_loops.py	10746	40d5377f417ea5b3fa18641cdefd8daa
programs/one_plaquette/shell6_o2/shell6_o2_RESULT_2026-06-13.md	programs/one_plaquette/shell6_o2/NOTE_SHELL6_o2_result_2026-06-13.md	19997	b2907506f64577697adbb8e476d069ff
programs/one_plaquette/shell6_o2/shell6_o2_compute.py	programs/one_plaquette/shell6_o2/ENGINE_SHELL6_o2_compute.py	6912	e7278cd75649c22471e6eb68b3a8ecb1
programs/one_plaquette/shell6_o2/shell6_o2_engine.py	programs/one_plaquette/shell6_o2/ENGINE_SHELL6_o2.py	11446	416eef0febf3c81e511eb4054b271626
programs/one_plaquette/shell6_o2/shell6_o2_skeleton.py	programs/one_plaquette/shell6_o2/ENGINE_SHELL6_o2_skeleton.py	9547	10222abd09c1f9f27e1348748c5dc367
programs/one_plaquette/shell6_o2/shell6_orbit1.py	programs/one_plaquette/shell6_o2/ENGINE_SHELL6_orbit1.py	2943	08dc7070fc8ca1ecd3498cc962d1ff71
programs/one_plaquette/shell6_o2/shell6_run.py	programs/one_plaquette/shell6_o2/RUN_SHELL6_item.py	5539	bab074facf1a2e943fb7b8c85fde1fe0
programs/one_plaquette/shell6_o2/shell6_run2.py	programs/one_plaquette/shell6_o2/ENGINE_SHELL6_run2.py	7478	5ea71b3444c20a58860044b70dfde952
programs/one_plaquette/shell6_o2/v2_authoritative/MD5SUMS.txt	programs/one_plaquette/shell6_o2/v2_authoritative/MAN_SHELL6_md5sums.txt	741	415056ebdb0fee0f8e5a0cea69cee590
programs/one_plaquette/shell6_o2/v2_authoritative/REPRODUCE.sh	programs/one_plaquette/shell6_o2/v2_authoritative/ENGINE_SHELL6_reproduce.sh	886	75af21d037b18c93b8e7a568526ad9a1
programs/one_plaquette/shell6_o2/v2_authoritative/SHELL6_AND_SHELL46_THEOREM_V2.md	programs/one_plaquette/shell6_o2/v2_authoritative/THM_SHELL6_shell46_theorem_v2.md	3149	59bb46cd3f2f23fc706b66b1c6b227e8
programs/one_plaquette/shell6_o2/v2_authoritative/SHELL6_O2_EXACT_CHANNEL_CERTIFICATE_V2.json	programs/one_plaquette/shell6_o2/v2_authoritative/CERT_SHELL6_o2_exact_channel_certificate_v2.json	3377	afd90867b7d8448d20ca58948ba2d680
programs/one_plaquette/shell6_o2/v2_authoritative/SHELL6_O2_SYMMETRY_REDUCED_V2_COMPLETION_REPORT.md	programs/one_plaquette/shell6_o2/v2_authoritative/AUDIT_SHELL6_o2_symmetry_reduced_v2_completion_report.md	599	f608556a3bc08a1a8fb5ebc24726728c
programs/one_plaquette/shell6_o2/v2_authoritative/SHELL6_V2_RECONCILIATION_2026-06-14.md	programs/one_plaquette/shell6_o2/v2_authoritative/AUDIT_SHELL6_v2_reconciliation_2026-06-14.md	5048	e8cfb0bb562309d8981ed6defea6b60a
programs/one_plaquette/shell6_o2/v2_authoritative/VALIDATION.md	programs/one_plaquette/shell6_o2/v2_authoritative/NOTE_SHELL6_validation.md	782	2719fae730540c79b55384bfc35ce988
programs/one_plaquette/shell6_o2/v2_authoritative/shell6_exact_channels_and_shell46_coupling_v2.py	programs/one_plaquette/shell6_o2/v2_authoritative/ENGINE_SHELL6_exact_channels_shell46_coupling_v2.py	23231	6204cb764377f936d1d7e613a33b81dd
programs/one_plaquette/shell6_o2/v2_authoritative/shell6_o2_matrix_v2.json	programs/one_plaquette/shell6_o2/v2_authoritative/CERT_SHELL6_o2_matrix_v2.json	54275	b9731c318aafd074a00493511ccd4211
programs/one_plaquette/shell6_o2/v2_authoritative/shell6_o2_representatives_v2.json	programs/one_plaquette/shell6_o2/v2_authoritative/CERT_SHELL6_o2_representatives_v2.json	11815	f1352d7027f3221d433dd1edf14c6200
programs/one_plaquette/shell6_o2/v2_authoritative/shell6_o2_symmetry_reduced_v2.py	programs/one_plaquette/shell6_o2/v2_authoritative/ENGINE_SHELL6_o2_symmetry_reduced_v2.py	21898	b02ea7ec707e052326aff8f34d9d1ad3
programs/one_plaquette/shell6_o2/v2_authoritative/verify_release.py	programs/one_plaquette/shell6_o2/v2_authoritative/ENGINE_SHELL6_verify_release.py	1835	913453c09c4db1f7a5660296bc3eae27
programs/one_plaquette/su3_o5_consolidated_y6/CANONICAL_ARCHIVE_MATRIX.md	programs/one_plaquette/su3_o5_consolidated_y6/NOTE_SU3_canonical_archive_matrix.md	1835	4e210aae759d59475119356b9c21ca5d
programs/one_plaquette/su3_o5_consolidated_y6/GLUEBALL_COUPLING_NORMALIZATION_AUDIT_2026-06-14.md	programs/one_plaquette/su3_o5_consolidated_y6/AUDIT_SU3_glueball_coupling_normalization_2026-06-14.md	5049	c8396ef5742534fe2978c9b69f0320da
programs/one_plaquette/su3_o5_consolidated_y6/M6_AND_SIGMA56_EXECUTION_REPORT_2026-06-14.md	programs/one_plaquette/su3_o5_consolidated_y6/AUDIT_STRING_m6_sigma56_execution_report_2026-06-14.md	11094	24abfe8d513842aa99137769b166fe13
programs/one_plaquette/su3_o5_consolidated_y6/MD5SUMS.txt	programs/one_plaquette/su3_o5_consolidated_y6/MAN_SU3_md5sums.txt	1529	a6b91f2c308a2c80b8d93c3778e620d3
programs/one_plaquette/su3_o5_consolidated_y6/PAPER_PATCH_O5_NORMALIZED.tex	programs/one_plaquette/su3_o5_consolidated_y6/PAPER_SU3_patch_o5_normalized.tex	1165	0827740494caf5a4db4f6f1d5d1f6be3
programs/one_plaquette/su3_o5_consolidated_y6/SU3_O5_CONSOLIDATED_CERTIFICATE.json	programs/one_plaquette/su3_o5_consolidated_y6/CERT_SU3_o5_consolidated_certificate.json	3650	4ed052d80b0a15ceb090ef70f8f1f33a
programs/one_plaquette/su3_o5_consolidated_y6/SU3_O5_CONSOLIDATED_THEOREM.md	programs/one_plaquette/su3_o5_consolidated_y6/THM_Y5_su3_o5_consolidated_theorem.md	5442	a606572f0c4bc8a00cd64b7564945068
programs/one_plaquette/su3_o5_consolidated_y6/Y6_FOLDED_DESCLOIZEAUX_PREFLIGHT_CERTIFICATE.json	programs/one_plaquette/su3_o5_consolidated_y6/CERT_Y6_folded_descloizeaux_preflight_certificate.json	6672	7094b844e22fdead0a4e3ccc5bd2b74d
programs/one_plaquette/su3_o5_consolidated_y6/Y6_LOCAL_FUSION_PATH_PREFLIGHT_CERTIFICATE.json	programs/one_plaquette/su3_o5_consolidated_y6/CERT_Y6_local_fusion_path_preflight_certificate.json	10892	4c682e7e713cc6ce4048e2a1296a4cab
programs/one_plaquette/su3_o5_consolidated_y6/sources/GLUEBALL_STRING_NORMALIZATION_AUDIT_2026-06-14.md	programs/one_plaquette/su3_o5_consolidated_y6/sources/AUDIT_SU3_glueball_string_normalization_2026-06-14.md	2928	af6ef37d191387af242052206cee1041
programs/one_plaquette/su3_o5_consolidated_y6/sources/SU3_STRING_TENSION_O4_CERTIFICATE_NORMALIZED_V2.json	programs/one_plaquette/su3_o5_consolidated_y6/sources/CERT_STRING_su3_tension_o4_certificate_normalized_v2.json	6718	a68f78f5247dac49678b1d33cb503972
programs/one_plaquette/su3_o5_consolidated_y6/sources/SU3_STRING_TENSION_O4_THEOREM_NORMALIZED_V2.md	programs/one_plaquette/su3_o5_consolidated_y6/sources/THM_STRING_su3_tension_o4_theorem_normalized_v2.md	2831	8f3853ce140a51b06a6c66273ee83fdf
programs/one_plaquette/su3_o5_consolidated_y6/sources/SU3_Y5_COMPLETE_FIFTH_ORDER_CERTIFICATE.json	programs/one_plaquette/su3_o5_consolidated_y6/sources/CERT_Y5_su3_fifth_order_certificate.json	1901	26e9d57e07cc8015b75b7286d27c3a3a
programs/one_plaquette/su3_o5_consolidated_y6/sources/SU3_Y5_COMPLETE_FIFTH_ORDER_THEOREM.md	programs/one_plaquette/su3_o5_consolidated_y6/sources/THM_Y5_su3_fifth_order_theorem.md	2713	06e798b2bf8bf5e8cac6e6f9daf2c355
programs/one_plaquette/su3_o5_consolidated_y6/verify_su3_o5_consolidated.log	programs/one_plaquette/su3_o5_consolidated_y6/RUN_SU3_verify_o5_consolidated.log	1403	c78c03ae07c48767780eb7e81e7c6b38
programs/one_plaquette/su3_o5_consolidated_y6/verify_su3_o5_consolidated.py	programs/one_plaquette/su3_o5_consolidated_y6/ENGINE_SU3_verify_o5_consolidated.py	5006	60a32d9dbbe67495adee50e40f9d3d1d
programs/one_plaquette/su3_o5_consolidated_y6/y6_folded_descloizeaux_preflight.log	programs/one_plaquette/su3_o5_consolidated_y6/RUN_Y6_folded_descloizeaux_preflight.log	417	99f93327469455b4a2b9dfe134d2fc5c
programs/one_plaquette/su3_o5_consolidated_y6/y6_folded_descloizeaux_preflight.py	programs/one_plaquette/su3_o5_consolidated_y6/ENGINE_Y6_folded_descloizeaux_preflight.py	8433	98a698c078ec2b7c1b188028658c28e2
programs/one_plaquette/su3_o5_consolidated_y6/y6_local_fusion_path_preflight.log	programs/one_plaquette/su3_o5_consolidated_y6/RUN_Y6_local_fusion_path_preflight.log	570	584b387c8eff35f533806b10bc76e727
programs/one_plaquette/su3_o5_consolidated_y6/y6_local_fusion_path_preflight.py	programs/one_plaquette/su3_o5_consolidated_y6/ENGINE_Y6_local_fusion_path_preflight.py	5860	b6fa90364e72e857e2ebc2f8831ff2e5
programs/one_plaquette/su3_string_tension/BATCH_VERIFICATION_AND_SIGMA_RECONCILIATION_2026-06-14.md	programs/one_plaquette/su3_string_tension/AUDIT_STRING_batch_verification_sigma_reconciliation_2026-06-14.md	6992	608e695cc5ef359f12e22bb83503a343
programs/one_plaquette/su3_string_tension/BUNDLE_README.md	programs/one_plaquette/su3_string_tension/NOTE_STRING_bundle_readme.md	708	b380c57417af6587880d7a184ce244cc
programs/one_plaquette/su3_string_tension/MD5SUMS.txt	programs/one_plaquette/su3_string_tension/MAN_STRING_md5sums.txt	944	d5831117071ad341572630068792d103
programs/one_plaquette/su3_string_tension/REPRODUCE.sh	programs/one_plaquette/su3_string_tension/ENGINE_STRING_reproduce.sh	892	6e676d84c4032f022c0e9c2b69b8c8d3
programs/one_plaquette/su3_string_tension/SU3_STRING_TENSION_PHYSICAL_O6_CERTIFICATE.json	programs/one_plaquette/su3_string_tension/CERT_STRING_su3_tension_physical_o6_certificate.json	5103	2e0788f0ec6fcd476ca492eb6e0aa37d
programs/one_plaquette/su3_string_tension/SU3_STRING_TENSION_PHYSICAL_O6_THEOREM.md	programs/one_plaquette/su3_string_tension/THM_STRING_su3_tension_physical_o6_theorem.md	1325	f981fb2d61ccc07be5f5e85bdc17e19b
programs/one_plaquette/su3_string_tension/physical_verify_COLDRUN.log	programs/one_plaquette/su3_string_tension/RUN_STRING_physical_verify_coldrun.log	1003	d44a12ea28772fbf2f8ca29d83053c94
programs/one_plaquette/su3_string_tension/src/canonicalize_logs.py	programs/one_plaquette/su3_string_tension/src/ENGINE_STRING_canonicalize_logs.py	611	49c7c4ccc342000d329cdebc9c7d5d8e
programs/one_plaquette/su3_string_tension/src/canonicalize_raw_outputs.py	programs/one_plaquette/su3_string_tension/src/ENGINE_STRING_canonicalize_raw_outputs.py	362	12350512c5847bccbbdefd59887d4163
programs/one_plaquette/su3_string_tension/src/make_manifest.py	programs/one_plaquette/su3_string_tension/src/ENGINE_STRING_make_manifest.py	700	0d280ac3cb3b01316261a10172dd25ed
programs/one_plaquette/su3_string_tension/src/su3_string_tension_local.py	programs/one_plaquette/su3_string_tension/src/ENGINE_STRING_su3_tension_local.py	10136	5c451ca6cc18c0a1b62a880ff9865fae
programs/one_plaquette/su3_string_tension/src/su3_string_tension_physical_verify.py	programs/one_plaquette/su3_string_tension/src/ENGINE_STRING_su3_tension_physical_verify.py	7491	50b83dbb9a223753092f19751998ee88
programs/one_plaquette/su3_string_tension/src/su3_string_tension_sigma4.py	programs/one_plaquette/su3_string_tension/src/ENGINE_STRING_su3_tension_sigma4.py	8032	60459bc67d2b027d1c94eafbc5f5eaec
programs/one_plaquette/su3_string_tension/src/su3_string_tension_support_scan.py	programs/one_plaquette/su3_string_tension/src/ENGINE_STRING_su3_tension_support_scan.py	4193	45e0189e78186f80c8cfa9c8fca25d37
programs/one_plaquette/su3_string_tension_native_o5/MD5SUMS.txt	programs/one_plaquette/su3_string_tension_native_o5/MAN_STRING_md5sums.txt	741	984738d278e4b55175c631f7fda0bc2d
programs/one_plaquette/su3_string_tension_native_o5/NATIVE_O5_STRING_TENSION_CERTIFICATE.json	programs/one_plaquette/su3_string_tension_native_o5/CERT_STRING_native_o5_tension_certificate.json	3111	bffaf91e4253b171e93f898a89dbfaeb
programs/one_plaquette/su3_string_tension_native_o5/SIGMA5_EXACT_CERTIFICATE.json	programs/one_plaquette/su3_string_tension_native_o5/CERT_STRING_sigma5_exact_certificate.json	2750	525ec30f20a5ba347ffbc5093f9a2b1e
programs/one_plaquette/su3_string_tension_native_o5/ft2.py	programs/one_plaquette/su3_string_tension_native_o5/ENGINE_STRING_ft2.py	7343	c2a21a2539eaf04c35371c70455582a5
programs/one_plaquette/su3_string_tension_native_o5/ftmod.py	programs/one_plaquette/su3_string_tension_native_o5/ENGINE_STRING_ftmod.py	9877	337e82102bb469a90effac10e832c943
programs/one_plaquette/su3_string_tension_native_o5/ftw.py	programs/one_plaquette/su3_string_tension_native_o5/ENGINE_STRING_ftw.py	11165	13cf648b5384763152d64c60da10a0ed
programs/one_plaquette/su3_string_tension_native_o5/sigma5_full_certificate.py	programs/one_plaquette/su3_string_tension_native_o5/ENGINE_STRING_sigma5_full_certificate.py	3494	9d22e3443a17e61f8ee0e229a2e98e93
programs/one_plaquette/su3_string_tension_native_o5/sigma5_gate_certificate.py	programs/one_plaquette/su3_string_tension_native_o5/ENGINE_STRING_sigma5_gate_certificate.py	2714	c81b1cddaa04b500a1021a646b9e41f4
programs/one_plaquette/su3_string_tension_native_o5/sigma5_reconstruct.py	programs/one_plaquette/su3_string_tension_native_o5/ENGINE_STRING_sigma5_reconstruct.py	2892	5a61b586e9d4dd4c607225818f05edf3
programs/one_plaquette/su3_string_tension_native_o5/su3_torelon.py	programs/one_plaquette/su3_string_tension_native_o5/ENGINE_STRING_su3_torelon.py	10294	5d994cdf73cc2dc239848a5b6ceac4b7
programs/one_plaquette/su3_string_tension_native_o5/su3lib.py	programs/one_plaquette/su3_string_tension_native_o5/ENGINE_STRING_su3lib.py	6327	ae34806ee0889dcd82072e2a051584de
programs/one_plaquette/su3_y5_fifth_order/MD5SUMS.txt	programs/one_plaquette/su3_y5_fifth_order/MAN_Y5_md5sums.txt	839	8df983f73ce27cfe2e090792efe2e1c9
programs/one_plaquette/su3_y5_fifth_order/SU3_Y5_COMPLETE_FIFTH_ORDER_CERTIFICATE.json	programs/one_plaquette/su3_y5_fifth_order/CERT_Y5_su3_fifth_order_certificate.json	1901	26e9d57e07cc8015b75b7286d27c3a3a
programs/one_plaquette/su3_y5_fifth_order/SU3_Y5_COMPLETE_FIFTH_ORDER_THEOREM.md	programs/one_plaquette/su3_y5_fifth_order/THM_Y5_su3_fifth_order_theorem.md	2713	06e798b2bf8bf5e8cac6e6f9daf2c355
programs/one_plaquette/su3_y5_fifth_order/SU3_Y5_M5_COMPLETE_THEOREM_2026-06-14.md	programs/one_plaquette/su3_y5_fifth_order/THM_Y5_su3_m5_theorem_2026-06-14.md	5185	e97c57df9bac721ec672069b94ba8af7
programs/one_plaquette/su3_y5_fifth_order/verify_su3_y5_complete.py	programs/one_plaquette/su3_y5_fifth_order/ENGINE_Y5_verify_su3.py	5282	0d3fb0a9d93ab4e938f6996dd1a39cb5
programs/one_plaquette/su3_y5_fifth_order/verify_su3_y5_complete_BUNDLE.log	programs/one_plaquette/su3_y5_fifth_order/RUN_Y5_verify_su3_bundle.log	1226	118944d448cca42dc5aa6cd3764ca520
programs/one_plaquette/su3_y5_fifth_order/verify_y5_stage2_stage3g_span.py	programs/one_plaquette/su3_y5_fifth_order/ENGINE_Y5_verify_stage2_stage3g_span.py	2212	8c120b29af81388880e13524561f4906
programs/one_plaquette/su3_y5_fifth_order/y5_complete_summary.json	programs/one_plaquette/su3_y5_fifth_order/CERT_Y5_summary.json	1860	e8a146e49c994d26f53837611b642975
programs/one_plaquette/su3_y5_fifth_order/y5_stage0_summary.json	programs/one_plaquette/su3_y5_fifth_order/CERT_Y5_stage0_summary.json	427	b27cc1cfc0a631761f9d5d4257ec2c94
programs/one_plaquette/su3_y5_fifth_order/y5_stage2_summary.json	programs/one_plaquette/su3_y5_fifth_order/CERT_Y5_stage2_summary.json	429	84255ca9f4159b226e000966b8316d85
programs/one_plaquette/su3_y5_fifth_order/y5_stage3b_summary.json	programs/one_plaquette/su3_y5_fifth_order/CERT_Y5_stage3b_summary.json	241	3326b7612b4d1d8cd19b32c0dc29ab1f
programs/one_plaquette/su3_y5_fifth_order/y5_stage3c_summary.json	programs/one_plaquette/su3_y5_fifth_order/CERT_Y5_stage3c_summary.json	3702	6cc25834632076fe6e2e205fc2f3e69e
programs/one_plaquette/su3_y5_fifth_order/y5_stage3g_summary.json	programs/one_plaquette/su3_y5_fifth_order/CERT_Y5_stage3g_summary.json	1975	f515e4f840f132046651af46be0df61e
programs/one_plaquette/su3_y6_m6/M6_HAAR_COMPILER_CERTIFICATE.json	programs/one_plaquette/su3_y6_m6/CERT_HAAR_m6_compiler_certificate.json	4297	2d858ad3e10da590cb7c6b17bbcc2746
programs/one_plaquette/su3_y6_m6/M6_INDEPENDENT_VERIFICATION_2026-06-15.md	programs/one_plaquette/su3_y6_m6/NOTE_Y6_m6_independent_verification_2026-06-15.md	3205	fe2b85e37d161724542ed108ed4856f6
programs/one_plaquette/su3_y6_m6/M6_RESULT_2026-06-15.md	programs/one_plaquette/su3_y6_m6/NOTE_Y6_m6_result_2026-06-15.md	3429	138ff64784b02d7e896d14921405798a
programs/one_plaquette/su3_y6_m6/MD5SUMS.txt	programs/one_plaquette/su3_y6_m6/MAN_Y6_md5sums.txt	957	80af479ccc329cbf648cf5f3c0789fb2
programs/one_plaquette/su3_y6_m6/MD5SUMS_py.txt	programs/one_plaquette/su3_y6_m6/MAN_Y6_md5sums_py.txt	449	d7b7d31bee9bb880b9b79ded392dc46e
programs/one_plaquette/su3_y6_m6/SU3_Y6_m6_colab.ipynb	programs/one_plaquette/su3_y6_m6/NB_Y6_su3_m6_colab.ipynb	22887	5eb354321aeb6c7bbe132b2a59b3c446
programs/one_plaquette/su3_y6_m6/SU3_Y6_m6_pipeline_corrected.ipynb	programs/one_plaquette/su3_y6_m6/NB_Y6_su3_m6_pipeline_corrected.ipynb	19544	e155836f58e72b3debab082aa8eac379
programs/one_plaquette/su3_y6_m6/energy_validate.py	programs/one_plaquette/su3_y6_m6/ENGINE_Y6_energy_validate.py	2430	26f7052e2ae806cd14fa712816f511c2
programs/one_plaquette/su3_y6_m6/ftw.py	programs/one_plaquette/su3_y6_m6/ENGINE_Y6_ftw.py	11165	13cf648b5384763152d64c60da10a0ed
programs/one_plaquette/su3_y6_m6/haar_validate.py	programs/one_plaquette/su3_y6_m6/ENGINE_HAAR_validate.py	1990	2d0ea7e4cf7674e42b6f027813ab4d84
programs/one_plaquette/su3_y6_m6/m6_haar_compiler_certificate.py	programs/one_plaquette/su3_y6_m6/ENGINE_HAAR_m6_compiler_certificate.py	3741	cdc84f49a991f8050e6baa2b5e06f87c
programs/one_plaquette/su3_y6_m6/m6_independent_fold_check.py	programs/one_plaquette/su3_y6_m6/ENGINE_Y6_m6_independent_fold_check.py	1841	97ae711a83fddfb38424fc6aae35781a
programs/one_plaquette/su3_y6_m6/su3_y6_local_channel_census.py	programs/one_plaquette/su3_y6_m6/ENGINE_Y6_su3_local_channel_census.py	4176	208806855326b8d0a13eb3b9874638e0
programs/one_plaquette/su3_y6_m6/su3_y6_m6_colab.py	programs/one_plaquette/su3_y6_m6/ENGINE_Y6_su3_m6_colab.py	17221	b22fdab69554db12900f2af42158cd26
programs/one_plaquette/su3_y6_m6/su3_y6_m6_pipeline.py	programs/one_plaquette/su3_y6_m6/ENGINE_Y6_su3_m6_pipeline.py	16122	65632d3a5995a1d15629fc08162dc6b9
programs/one_plaquette/su3_y6_m6/su3_y6_scalar_fold_formula.py	programs/one_plaquette/su3_y6_m6/ENGINE_Y6_su3_scalar_fold_formula.py	3554	7ce0a58dd35151176ef67513393bd92b
programs/one_plaquette/su3_y6_m6/y4_reference_local_path_tensors.json.gz	programs/one_plaquette/su3_y6_m6/DATA_Y6_y4_reference_local_path_tensors.json.gz	21336	4380b795439a8e63517edeea84d55a1c
programs/one_plaquette/suN_codd_local_gap_exact.py	programs/one_plaquette/ENGINE_SUN_codd_local_gap_exact.py	10363	147ca0c5e0366fb95ee6d67214778b47
programs/one_plaquette/sun_band_shape/MD5SUMS.txt	programs/one_plaquette/sun_band_shape/MAN_SUN_md5sums.txt	2261	c7b86bc6de14ec17e77a533c4d6cf4b3
programs/one_plaquette/sun_band_shape/Y4_SUN_ALL_N_GE_3_BAND_SHAPE_CERTIFICATE_2026-06-14.json	programs/one_plaquette/sun_band_shape/CERT_Y4_sun_all_n_ge_3_band_shape_2026-06-14.json	6668	c0a058657673e0aa8df8169354a20b46
programs/one_plaquette/sun_band_shape/Y4_SUN_ALL_N_GE_3_BAND_SHAPE_CERTIFICATE_2026-06-14.md	programs/one_plaquette/sun_band_shape/CERT_Y4_sun_all_n_ge_3_band_shape_2026-06-14.md	2720	07fc0ae3bbcbdc90d02359a53b939e93
programs/one_plaquette/sun_band_shape/Y4_SUN_WALLED_BRAUER_FULL_SYMBOLIC_CERTIFICATE_2026-06-14.json	programs/one_plaquette/sun_band_shape/CERT_Y4_sun_walled_brauer_full_symbolic_certificate_2026-06-14.json	9514	cb801f8ee06780ef2a64cf2f1aac1307
programs/one_plaquette/sun_band_shape/Y4_SUN_WALLED_BRAUER_FULL_SYMBOLIC_CERTIFICATE_2026-06-14.md	programs/one_plaquette/sun_band_shape/CERT_Y4_sun_walled_brauer_full_symbolic_certificate_2026-06-14.md	5420	82f26103debbd06c69cd387ab2d8a0ba
programs/one_plaquette/sun_band_shape/completion_2026-06-14/MD5SUMS.txt	programs/one_plaquette/sun_band_shape/completion_2026-06-14/MAN_SUN_md5sums.txt	446	1da3c818d001613bc9b5b185f3ecc9e9
programs/one_plaquette/sun_band_shape/completion_2026-06-14/SU2_CODD_SECTOR_EXCLUSION_THEOREM_2026-06-14.md	programs/one_plaquette/sun_band_shape/completion_2026-06-14/THM_SU2_codd_sector_exclusion_theorem_2026-06-14.md	1629	f4691c59b0bd13dc522b69fc38f14fa2
programs/one_plaquette/sun_band_shape/completion_2026-06-14/SU4_DETERMINANT_COMPLETE_THEOREM.md	programs/one_plaquette/sun_band_shape/completion_2026-06-14/THM_SU4_determinant_theorem.md	1920	4e5a89d317a4e447f86cf2138b6c25a3
programs/one_plaquette/sun_band_shape/completion_2026-06-14/SU4_HYBRID_COMPLETE_THEOREM_V2.md	programs/one_plaquette/sun_band_shape/completion_2026-06-14/THM_SU4_hybrid_theorem_v2.md	3333	28a1a7cbe7ad71b62b52edb201198b47
programs/one_plaquette/sun_band_shape/completion_2026-06-14/SU6_DETERMINANT_COMPLETE_THEOREM.md	programs/one_plaquette/sun_band_shape/completion_2026-06-14/THM_SU6_determinant_theorem.md	2349	dddb05d230e94b0bb10248cf9ea2571f
programs/one_plaquette/sun_band_shape/completion_2026-06-14/SU_N_CLOSED_SURFACE_STAGE1.md	programs/one_plaquette/sun_band_shape/completion_2026-06-14/NOTE_SUN_su_n_closed_surface_stage1.md	2722	41c6837f867c5b5a09e4bf19dc17cd4f
programs/one_plaquette/sun_band_shape/completion_2026-06-14/UNIFIED_NALITY_COMPLETE_THEOREM_AUDITED_V2.md	programs/one_plaquette/sun_band_shape/completion_2026-06-14/THM_SUN_unified_nality_theorem_audited_v2.md	4751	de910cd0f86814532b15de0f7fc6a3cf
programs/one_plaquette/sun_band_shape/independent_rerun_kernels/Y4_SUN_FULL_SYMBOLIC_INDEPENDENT_RERUN_2026-06-14.json	programs/one_plaquette/sun_band_shape/independent_rerun_kernels/CERT_Y4_sun_full_symbolic_independent_rerun_2026-06-14.json	17500	45ffa28af5287c343b0ab1d2da402c20
programs/one_plaquette/sun_band_shape/independent_rerun_kernels/Y4_SUN_FULL_SYMBOLIC_INDEPENDENT_RERUN_2026-06-14.md	programs/one_plaquette/sun_band_shape/independent_rerun_kernels/NOTE_Y4_sun_full_symbolic_independent_rerun_2026-06-14.md	3595	15a1098f610d28bae95ba7462a330568
programs/one_plaquette/sun_band_shape/independent_rerun_kernels/y4_sun_walled_brauer_N10_rerun.json	programs/one_plaquette/sun_band_shape/independent_rerun_kernels/CERT_Y4_sun_walled_brauer_n10_rerun.json	1504	7d3f3db463db96b3fff17aedc52f5e58
programs/one_plaquette/sun_band_shape/independent_rerun_kernels/y4_sun_walled_brauer_N11_rerun.json	programs/one_plaquette/sun_band_shape/independent_rerun_kernels/CERT_Y4_sun_walled_brauer_n11_rerun.json	1525	d207b85095016b466c44480dfe0d5642
programs/one_plaquette/sun_band_shape/independent_rerun_kernels/y4_sun_walled_brauer_N12_rerun.json	programs/one_plaquette/sun_band_shape/independent_rerun_kernels/CERT_Y4_sun_walled_brauer_n12_rerun.json	1420	c951554547e818183c3367a8c74557ff
programs/one_plaquette/sun_band_shape/independent_rerun_kernels/y4_sun_walled_brauer_N13_rerun.json	programs/one_plaquette/sun_band_shape/independent_rerun_kernels/CERT_Y4_sun_walled_brauer_n13_rerun.json	1550	7632196a2235415dd474fd8f4ad0bed0
programs/one_plaquette/sun_band_shape/independent_rerun_kernels/y4_sun_walled_brauer_N14_rerun.json	programs/one_plaquette/sun_band_shape/independent_rerun_kernels/CERT_Y4_sun_walled_brauer_n14_rerun.json	1606	f0dc3b860891fd0e545ee0eb40c2f5e2
programs/one_plaquette/sun_band_shape/independent_rerun_kernels/y4_sun_walled_brauer_N15_rerun.json	programs/one_plaquette/sun_band_shape/independent_rerun_kernels/CERT_Y4_sun_walled_brauer_n15_rerun.json	1587	52b092ccab8806d09d07cf8b8c4b6760
programs/one_plaquette/sun_band_shape/independent_rerun_kernels/y4_sun_walled_brauer_N16_rerun.json	programs/one_plaquette/sun_band_shape/independent_rerun_kernels/CERT_Y4_sun_walled_brauer_n16_rerun.json	1631	2b86486f9cbe0bcab9cc73890cd4989a
programs/one_plaquette/sun_band_shape/independent_rerun_kernels/y4_sun_walled_brauer_N17_rerun.json	programs/one_plaquette/sun_band_shape/independent_rerun_kernels/CERT_Y4_sun_walled_brauer_n17_rerun.json	1646	e6a795475bd8c46688ae6e0eba0bc01d
programs/one_plaquette/sun_band_shape/independent_rerun_kernels/y4_sun_walled_brauer_N18_rerun.json	programs/one_plaquette/sun_band_shape/independent_rerun_kernels/CERT_Y4_sun_walled_brauer_n18_rerun.json	1651	6250937cf9a36099b6795ceef44d684e
programs/one_plaquette/sun_band_shape/independent_rerun_kernels/y4_sun_walled_brauer_N7_rerun.json	programs/one_plaquette/sun_band_shape/independent_rerun_kernels/CERT_Y4_sun_walled_brauer_n7_rerun.json	1526	ea17a440e8758024188dc02391f6d114
programs/one_plaquette/sun_band_shape/independent_rerun_kernels/y4_sun_walled_brauer_N8_rerun.json	programs/one_plaquette/sun_band_shape/independent_rerun_kernels/CERT_Y4_sun_walled_brauer_n8_rerun.json	1405	fb7bc771c68a1e3fa63379dbeb3aed7b
programs/one_plaquette/sun_band_shape/independent_rerun_kernels/y4_sun_walled_brauer_N9_rerun.json	programs/one_plaquette/sun_band_shape/independent_rerun_kernels/CERT_Y4_sun_walled_brauer_n9_rerun.json	1395	47c30a57dc1934d85822644c4730c614
programs/one_plaquette/sun_band_shape/symbolic_A_result.txt	programs/one_plaquette/sun_band_shape/RUN_SUN_symbolic_result.txt	30	9cbabf1ff9946de8a36b6db2e8226d76
programs/one_plaquette/sun_band_shape/y4_sun_B_structured_expression.txt	programs/one_plaquette/sun_band_shape/NOTE_Y4_sun_b_structured_expression.txt	5543	f00db1cd65491e12721b85bf0a707320
programs/one_plaquette/sun_band_shape/y4_sun_all_n_ge3_band_shape_verify.py	programs/one_plaquette/sun_band_shape/ENGINE_Y4_sun_all_n_ge3_band_shape_verify.py	2986	b5833be141ad5269a89b0e903c6cf650
programs/one_plaquette/sun_band_shape/y4_sun_largeN_asymptotic_verify.py	programs/one_plaquette/sun_band_shape/ENGINE_Y4_sun_largen_asymptotic_verify.py	2977	96281358bf4644e95404f44141c1aca3
programs/one_plaquette/sun_band_shape/y4_sun_q_compact_z_formula.txt	programs/one_plaquette/sun_band_shape/NOTE_Y4_sun_q_compact_z_formula.txt	1585	e67a44bc02268a799926cd72753371f7
programs/one_plaquette/sun_band_shape/y4_sun_q_rational_expression.txt	programs/one_plaquette/sun_band_shape/NOTE_Y4_sun_q_rational_expression.txt	2566	7fc7a246e059f2ad9987dd42125a2cb5
programs/one_plaquette/sun_band_shape/y4_sun_symbolic_qab_verify.py	programs/one_plaquette/sun_band_shape/ENGINE_Y4_sun_symbolic_qab_verify.py	4880	950efa3593540de5b960d095d9e144ff
programs/one_plaquette/tromino_o3/su3_moment_4_1.py	programs/one_plaquette/tromino_o3/ENGINE_TROM_su3_moment_4_1.py	6695	e447dc2ba506414df64743887d8e2476
programs/one_plaquette/tromino_o3/su3_o3_tromino_weight_extractor_v1.py	programs/one_plaquette/tromino_o3/ENGINE_TROM_su3_o3_tromino_weight_extractor_v1.py	32163	808d79f8f366bd25acf2e3c1d050d938
programs/one_plaquette/tromino_o3/su3_o3_tromino_weight_extractor_v1_1_colab_fixed.py	programs/one_plaquette/tromino_o3/ENGINE_TROM_su3_o3_tromino_weight_extractor_v1_1.py	32462	69b20d8d095b96c381bb51bbe09360d4
programs/one_plaquette/tromino_o3/tromino_candidate_closed_form_check.py	programs/one_plaquette/tromino_o3/ENGINE_TROM_tromino_candidate_closed_form_check.py	3572	4009fac7bb3b8ed8ccfbed8b080f7c20
programs/one_plaquette/tromino_o3/tromino_contract_independent_check.py	programs/one_plaquette/tromino_o3/ENGINE_TROM_tromino_contract_independent_check.py	13751	dc0994fb6639311d1e5a253d852ddbf9
programs/one_plaquette/tromino_o3/tromino_o3_candidate_lift_diagnostic.py	programs/one_plaquette/tromino_o3/ENGINE_TROM_tromino_o3_candidate_lift_diagnostic.py	16023	57abf7873391c5a78964c01229c63cc4
programs/one_plaquette/tromino_o3/tromino_o3_su3_weight_cards.json	programs/one_plaquette/tromino_o3/CERT_TROM_tromino_o3_su3_weight_cards.json	13796	1d3be31c28db4b5b7a389437470e5276
programs/one_plaquette/tromino_o3/tromino_o3_su3_weight_cards.py	programs/one_plaquette/tromino_o3/ENGINE_TROM_tromino_o3_su3_weight_cards.py	12906	81b3dc5fa7dce71c1d522f8085fa7ec1
programs/one_plaquette/tromino_o3/tromino_weight_constraint_certificate.py	programs/one_plaquette/tromino_o3/ENGINE_TROM_tromino_weight_constraint_certificate.py	16757	b402bfba27f6fbed647f5b92a53da125
programs/one_plaquette/wilson_su3_rare_defect_peierls_probe_v2.ipynb	programs/one_plaquette/NB_RCAP_wilson_su3_rare_defect_peierls_probe_v2.ipynb	18015	ea366762a4be1ae72ac412d607e3d4d0
programs/one_plaquette/y4_o3_flatband_verification/REVIEW_global_band_edge_certificate.md	programs/one_plaquette/y4_o3_flatband_verification/AUDIT_Y4_review_global_band_edge_certificate.md	3412	fd8291aba13669f6264924d1cf87b778
programs/one_plaquette/y4_o3_flatband_verification/SUMMARY.md	programs/one_plaquette/y4_o3_flatband_verification/NOTE_Y4_summary.md	5098	0dd307c5c238a30c681aa0bb8f225b6c
programs/one_plaquette/y4_o3_flatband_verification/THEOREM_Y4_FLAT_BAND_BREAKING_2026-06-13.md	programs/one_plaquette/y4_o3_flatband_verification/THM_Y4_theorem_flat_band_breaking_2026-06-13.md	8993	728747fee992f85f4b81769641c30e2f
programs/one_plaquette/y4_o3_flatband_verification/VERIFY_Oy5_identity_and_SC_extrapolation.md	programs/one_plaquette/y4_o3_flatband_verification/NOTE_Y5_verify_oy5_identity_sc_extrapolation.md	4150	0bb7cabffb1ad2e54982f607d4051905
programs/one_plaquette/y4_o3_flatband_verification/Y4_GLOBAL_BAND_EDGE_CERTIFICATE.md	programs/one_plaquette/y4_o3_flatband_verification/CERT_Y4_global_band_edge_certificate.md	2009	e29cce9c2c5ba8c2ce1be1b64311d763
programs/one_plaquette/y4_o3_flatband_verification/curvature_audit.log	programs/one_plaquette/y4_o3_flatband_verification/AUDIT_Y4_curvature.log	2856	b82ef58a9a33179d350091f87fa1884b
programs/one_plaquette/y4_o3_flatband_verification/indep_cert_check.py	programs/one_plaquette/y4_o3_flatband_verification/ENGINE_Y4_indep_cert_check.py	3460	bf84a378ac5ce3eb9ff2e0e2700b22c6
programs/one_plaquette/y4_o3_flatband_verification/rep_check.py	programs/one_plaquette/y4_o3_flatband_verification/ENGINE_Y4_rep_check.py	3105	0577cc8228063c4e8105aeab73a7c2cd
programs/one_plaquette/y4_o3_flatband_verification/verify_Oy5_numeric.py	programs/one_plaquette/y4_o3_flatband_verification/ENGINE_Y5_verify_oy5_numeric.py	2183	9d6bea9329552b0281839f62724af6be
programs/one_plaquette/y4_o3_flatband_verification/y4_d3_vertex_singlet_dictionary_generator.ipynb	programs/one_plaquette/y4_o3_flatband_verification/NB_Y4_d3_vertex_singlet_dictionary_generator.ipynb	29564	7e22082e6b15d3ee08ac3a8fe56407d3
programs/one_plaquette/y4_o3_flatband_verification/y4_full_real_space_H4_kernel.json.gz	programs/one_plaquette/y4_o3_flatband_verification/DATA_Y4_full_real_space_h4_kernel.json.gz	1166	c8773ea900df4f1a9bab4fc4edd4806d
programs/one_plaquette/y4_o3_flatband_verification/y4_full_real_space_H4_kernel.json/y4_full_real_space_H4_kernel.json	programs/one_plaquette/y4_o3_flatband_verification/y4_full_real_space_H4_kernel.json/CERT_Y4_full_real_space_h4_kernel.json	20287	8878e1471f054f812c2c38d4736628aa
programs/one_plaquette/y4_o3_flatband_verification/y4_global_band_edge_certificate.py	programs/one_plaquette/y4_o3_flatband_verification/ENGINE_Y4_global_band_edge_certificate.py	26683	1a185081df1e4068dc9a48fe967a8280
programs/one_plaquette/y4_o3_flatband_verification/y4_independent_verification.py	programs/one_plaquette/y4_o3_flatband_verification/ENGINE_Y4_independent_verification.py	6217	c62146e05d7421565fa400f3513a81a1
programs/one_plaquette/y4_o3_flatband_verification/y4_stage3j_final_verdict.json	programs/one_plaquette/y4_o3_flatband_verification/CERT_Y4_stage3j_verdict.json	3075	a10b5e2d57a8334d36cd2afc67741471
programs/op1_defect_sparsity/KCHAIN_LEDGER_2026-06-11.md	programs/op1_defect_sparsity/NOTE_OP1_kchain_ledger_2026-06-11.md	5469	fc7011dcb90aa11807ae01ed1faf8afa
programs/op1_defect_sparsity/LEMMAQ_COMPARATOR_TRANSLATION.md	programs/op1_defect_sparsity/NOTE_PMBSF_lemmaq_comparator_translation.md	5119	8174a1dbaac01c8a9c9420b1b7ef2160
programs/op1_defect_sparsity/LEMMA_A_CLOSURE_2026-06-12.md	programs/op1_defect_sparsity/LEM_OP1_lemma_closure_2026-06-12.md	12626	e499a9c3619f94c32eeea2e1ec915fe6
programs/op1_defect_sparsity/LEMMA_B_PROOF_2026-06-12.md	programs/op1_defect_sparsity/LEM_OP1_lemma_b_proof_2026-06-12.md	13093	6e1e43806ad688d6b6520f7e3dce21f0
programs/op1_defect_sparsity/M2_RESULTS_2026-06-12.md	programs/op1_defect_sparsity/NOTE_OP1_m2_results_2026-06-12.md	3816	64a113a9819ec95342aac9245dc3321c
programs/op1_defect_sparsity/M5_4_AUDIT_AND_REGION_A_2026-06-12.md	programs/op1_defect_sparsity/AUDIT_OP1_m5_4_region_2026-06-12.md	10634	5bd37af541f87ce12874459f12f9c711
programs/op1_defect_sparsity/M5_AUDIT_AND_LEMMAS_2026-06-12.md	programs/op1_defect_sparsity/AUDIT_OP1_m5_lemmas_2026-06-12.md	14819	a471ef87f95f0901f38b2ae6546c3be7
programs/op1_defect_sparsity/M5_DETERMINISTIC_TIER2_COMPARATOR_CEILING.docx	programs/op1_defect_sparsity/PAPER_OP1_m5_deterministic_tier2_comparator_ceiling.docx	13805	bfef9b0ca978be857cb2b391ecc3e228
programs/op1_defect_sparsity/RESULTS_2026-06-11.md	programs/op1_defect_sparsity/NOTE_OP1_results_2026-06-11.md	6197	8f96c2c5386ea68b0918923ff8f2bf9e
programs/op1_defect_sparsity/S_CHESSBOARD_ROUTE_2026-06-12.md	programs/op1_defect_sparsity/NOTE_OP1_s_chessboard_route_2026-06-12.md	20815	68af41b3b425469135e3705bfe323504
programs/op1_defect_sparsity/UNIF_CONJB_STRATEGY.md	programs/op1_defect_sparsity/NOTE_OP1_unif_conjb_strategy.md	19717	f56d26b854863441c600850e742f6b84
programs/op1_defect_sparsity/UNIF_GAP_PROTECTION_FACTORIZATION.md	programs/op1_defect_sparsity/NOTE_OP1_unif_gap_protection_factorization.md	6069	f8592fbb2f36eff32d5c28d9546fa0b8
programs/op1_defect_sparsity/UNIF_OP1_CLOSURE_PLAN.md	programs/op1_defect_sparsity/PLAN_OP1_unif_closure.md	28355	3b8a400398dba163eebe5eb1eefb88e2
programs/op1_defect_sparsity/defect_gas_docs/00_FOLDER_GUIDE.md	programs/op1_defect_sparsity/defect_gas_docs/DOC_OP1_00_folder_guide.md	1746	1e6e4881e58a821eef9da0176d343b79
programs/op1_defect_sparsity/defect_gas_docs/31_Strong_Coupling.md	programs/op1_defect_sparsity/defect_gas_docs/NOTE_OP1_31_strong_coupling.md	1094	5afe90291b7ae47a008cb5197c313a7a
programs/op1_defect_sparsity/defect_gas_docs/32_Defect_Gas.md	programs/op1_defect_sparsity/defect_gas_docs/NOTE_OP1_32_defect_gas.md	1052	5c5470f533865d9b94906970e0f01dd4
programs/op1_defect_sparsity/defect_gas_docs/SOURCE_TRACKER.md	programs/op1_defect_sparsity/defect_gas_docs/NOTE_OP1_source_tracker.md	4810	60bd2c7eeebf9e47a7e8e8d781060932
programs/op1_defect_sparsity/defect_gas_docs/Synthesis_04_Lattice_Gauge_Theory.md	programs/op1_defect_sparsity/defect_gas_docs/NOTE_OP1_synthesis_04_lattice_gauge_theory.md	24923	cc6912ed97e6ac3fa88dcfaa066286b5
programs/op1_defect_sparsity/farsource_gpu/defect_mass.json	programs/op1_defect_sparsity/farsource_gpu/CERT_OP1_defect_mass.json	1205	9eb7a4f9e54867738f0f55d489c92434
programs/op1_defect_sparsity/farsource_gpu/defect_mass.py	programs/op1_defect_sparsity/farsource_gpu/ENGINE_OP1_defect_mass.py	12669	741cf43db5c95b2de3bd69a3f0b2ee27
programs/op1_defect_sparsity/farsource_gpu/defect_mass_gpu.py	programs/op1_defect_sparsity/farsource_gpu/ENGINE_OP1_defect_mass_gpu.py	12971	232569e1c8d85194eebc72a31513d3d4
programs/op1_defect_sparsity/farsource_gpu/farsource_Jdecay.py	programs/op1_defect_sparsity/farsource_gpu/ENGINE_OP1_farsource_jdecay.py	12796	b993412cc9163bdeb490cd1cba9fff99
programs/op1_defect_sparsity/farsource_gpu/farsource_Jdecay_colab.py	programs/op1_defect_sparsity/farsource_gpu/ENGINE_OP1_farsource_jdecay_colab.py	9428	c3309602cb275eecc2ad42582db1d6cc
programs/op1_defect_sparsity/farsource_gpu/farsource_Jdecay_v2.json	programs/op1_defect_sparsity/farsource_gpu/CERT_OP1_farsource_jdecay_v2.json	1304	decdb31e33bdf5280d5e3a2e55280fb4
programs/op1_defect_sparsity/farsource_gpu/farsource_Jdecay_v2.py	programs/op1_defect_sparsity/farsource_gpu/ENGINE_OP1_farsource_jdecay_v2.py	10151	b3758b12b6535af319e70a8a4f215e25
programs/op1_defect_sparsity/red_davies_toolkit/Red - 001_Proposition_Tubular_neighborhood.md	programs/op1_defect_sparsity/red_davies_toolkit/NOTE_OP1_red_001_proposition_tubular_neighborhood.md	1552	f58fb7bbeaa0437c4eb695b21156370c
programs/op1_defect_sparsity/red_davies_toolkit/Red - 002_Lemma_Local_Hodge_stiffness_from_exactness_gauge_term.md	programs/op1_defect_sparsity/red_davies_toolkit/LEM_OP1_red_002_lemma_local_hodge_stiffness_from.md	814	e0daf9f90b05a9eae0ce058d542d9584
programs/op1_defect_sparsity/red_davies_toolkit/Red - 003_Proposition_9_X_Davies_type_decay_for_the_massive_Maxwell_Green_kernel.md	programs/op1_defect_sparsity/red_davies_toolkit/NOTE_OP1_red_003_proposition_9_x_davies_type.md	5401	03bff07aac2cad233e93fa941ca876aa
programs/op1_defect_sparsity/red_davies_toolkit/Red - 004_Remark_9_Y_relation_to_Prop_9_6.md	programs/op1_defect_sparsity/red_davies_toolkit/NOTE_OP1_red_004_remark_9_y_relation_prop.md	961	9fe6a2bb77090f234bbaf274d5a845cc
programs/op1_defect_sparsity/red_davies_toolkit/Red - 005_Definition_row_sum_constants_for_Delta_1.md	programs/op1_defect_sparsity/red_davies_toolkit/NOTE_OP1_red_005_definition_row_sum_constants_delta.md	558	9703a31f9929b0730ec34b8e0e8ba414
programs/op1_defect_sparsity/red_davies_toolkit/Red - 006_Proposition_9_X_Davies_decay_with_C_0_in_place_of_D_E.md	programs/op1_defect_sparsity/red_davies_toolkit/NOTE_OP1_red_006_proposition_9_x_davies_decay.md	2191	3b244b69b51ceb96c8810ed374893bd9
programs/op1_defect_sparsity/red_davies_toolkit/Red - 007_Definition_boundary_row_sum_constant.md	programs/op1_defect_sparsity/red_davies_toolkit/NOTE_OP1_red_007_definition_boundary_row_sum_constant.md	392	71233730c832b4b4da228ce84a1e770d
programs/op1_defect_sparsity/red_davies_toolkit/Red - 008_Corollary_9_X_Davies_decay_with_C_partial.md	programs/op1_defect_sparsity/red_davies_toolkit/NOTE_OP1_red_008_corollary_9_x_davies_decay.md	1245	58d989bd7d467f8822b8b65cf0925bfc
programs/op1_defect_sparsity/red_davies_toolkit/Red - INDEX.md	programs/op1_defect_sparsity/red_davies_toolkit/NOTE_OP1_red_index.md	980	920e48c43afbf92eda4fb246f6cf980f
programs/op1_defect_sparsity/za_cap_geometry/ZA_CAP_GEOMETRY_2026-06-12.md	programs/op1_defect_sparsity/za_cap_geometry/NOTE_OP1_za_cap_geometry_2026-06-12.md	20319	6b1828e37b9f0bd2bea2b9b7e18197bc
programs/op1_defect_sparsity/za_cap_geometry/feasible_L4.json	programs/op1_defect_sparsity/za_cap_geometry/CERT_OP1_feasible_l4.json	562	0466ad0fd54d7f390b3460ca806de6cf
programs/op1_defect_sparsity/za_cap_geometry/feasible_L8.json	programs/op1_defect_sparsity/za_cap_geometry/CERT_OP1_feasible_l8.json	569	d56713c77bff714e52e0d5a15759aeb9
programs/op1_defect_sparsity/za_cap_geometry/feasible_amp.png	programs/op1_defect_sparsity/za_cap_geometry/DATA_OP1_feasible_amp.png	36205	6aa49b284aed1aacf5f76b27011da26c
programs/op1_defect_sparsity/za_cap_geometry/lfull_L4.json	programs/op1_defect_sparsity/za_cap_geometry/CERT_OP1_lfull_l4.json	765	547dd39d474beeeafca5966202bd45a9
programs/op1_defect_sparsity/za_cap_geometry/overlap_L16.json	programs/op1_defect_sparsity/za_cap_geometry/CERT_OP1_overlap_l16.json	1671	b37e4a1f5cc0eaaeef9106e419644bf9
programs/op1_defect_sparsity/za_cap_geometry/overlap_L4.json	programs/op1_defect_sparsity/za_cap_geometry/CERT_OP1_overlap_l4.json	1682	955a4a1d49df1cb7609ad7c517dac633
programs/op1_defect_sparsity/za_cap_geometry/overlap_L8.json	programs/op1_defect_sparsity/za_cap_geometry/CERT_OP1_overlap_l8.json	1699	bac69cbd47f695f2d179be5efc9bc9fc
programs/op1_defect_sparsity/za_cap_geometry/overlap_amp_vs_keff.png	programs/op1_defect_sparsity/za_cap_geometry/DATA_OP1_overlap_amp_vs_keff.png	60939	f1b302bb265765806434dde47481f714
programs/op1_defect_sparsity/za_cap_geometry/rooted_tilt_L16.json	programs/op1_defect_sparsity/za_cap_geometry/CERT_OP1_rooted_tilt_l16.json	3514	d6f861e2911fdd0d6b2050661e1301d8
programs/op1_defect_sparsity/za_cap_geometry/rooted_tilt_L4.json	programs/op1_defect_sparsity/za_cap_geometry/CERT_OP1_rooted_tilt_l4.json	3847	2049b5b73eeae42b963e0a84b6eb7c02
programs/op1_defect_sparsity/za_cap_geometry/rooted_tilt_L8.json	programs/op1_defect_sparsity/za_cap_geometry/CERT_OP1_rooted_tilt_l8.json	3675	10f6853a6b0c98e92ac3c552ae922c0b
programs/op1_defect_sparsity/za_cap_geometry/rooted_tilt_amp.png	programs/op1_defect_sparsity/za_cap_geometry/DATA_OP1_rooted_tilt_amp.png	84102	990b3d0682637e3ad7dd0a794712ae85
programs/op1_defect_sparsity/za_cap_geometry/su2_hb_v2.py	programs/op1_defect_sparsity/za_cap_geometry/ENGINE_OP1_su2_hb_v2.py	4515	72b1b78d7f293979a98fd6cbcb12536b
programs/op1_defect_sparsity/za_cap_geometry/su2_hb_vec.py	programs/op1_defect_sparsity/za_cap_geometry/ENGINE_OP1_su2_hb_vec.py	6036	21d4133f28801aa6a622a03fe58335fd
programs/op1_defect_sparsity/za_cap_geometry/vsL_meta_L16.json	programs/op1_defect_sparsity/za_cap_geometry/CERT_OP1_vsl_meta_l16.json	14	75a396eb40136d2d69df416398fd1009
programs/op1_defect_sparsity/za_cap_geometry/vsL_meta_L8.json	programs/op1_defect_sparsity/za_cap_geometry/CERT_OP1_vsl_meta_l8.json	14	75a396eb40136d2d69df416398fd1009
programs/op1_defect_sparsity/za_cap_geometry/vsL_result_L16.json	programs/op1_defect_sparsity/za_cap_geometry/CERT_OP1_vsl_result_l16.json	610	acdda5f6acb6e57a41628ed6d984380a
programs/op1_defect_sparsity/za_cap_geometry/vsL_result_L8.json	programs/op1_defect_sparsity/za_cap_geometry/CERT_OP1_vsl_result_l8.json	546	f2c4460139438b4355f6226d8ee93ec1
programs/op1_defect_sparsity/za_cap_geometry/vsL_state_L16.npz	programs/op1_defect_sparsity/za_cap_geometry/DATA_OP1_vsl_state_l16.npz	8027455	edf74e0c3b4b948a39ca3f4efb6479cc
programs/op1_defect_sparsity/za_cap_geometry/vsL_state_L8.npz	programs/op1_defect_sparsity/za_cap_geometry/DATA_OP1_vsl_state_l8.npz	501980	cdecffc40b0a4cfd44db2f0299ee1562
programs/op1_defect_sparsity/za_cap_geometry/za_cap_cert.json	programs/op1_defect_sparsity/za_cap_geometry/CERT_OP1_za_cap.json	1941	2c296c1e086f0f067045dca8c12dbd03
programs/op1_defect_sparsity/za_cap_geometry/za_cap_cert.py	programs/op1_defect_sparsity/za_cap_geometry/ENGINE_OP1_za_cap_cert.py	10557	68e64e749e7b638ee159e0a27f419c1e
programs/op1_defect_sparsity/za_cap_geometry/za_cert_run.py	programs/op1_defect_sparsity/za_cap_geometry/RUN_OP1_za_cert.py	6233	3af50bf76ccda73fd892936e1ffe8125
programs/op1_defect_sparsity/za_cap_geometry/za_cert_v2.py	programs/op1_defect_sparsity/za_cap_geometry/ENGINE_OP1_za_cert_v2.py	5398	099a843c65a9b66d14372fae65a3b249
programs/op1_defect_sparsity/za_cap_geometry/za_cert_v3.py	programs/op1_defect_sparsity/za_cap_geometry/ENGINE_OP1_za_cert_v3.py	6157	d8646af7235d1d1c6f6c37e3f0b403fc
programs/op1_defect_sparsity/za_cap_geometry/za_cert_v4.py	programs/op1_defect_sparsity/za_cap_geometry/ENGINE_OP1_za_cert_v4.py	6775	59084af0c4a569464976a7c1353c4ed0
programs/op1_defect_sparsity/za_cap_geometry/za_cert_v5.py	programs/op1_defect_sparsity/za_cap_geometry/ENGINE_OP1_za_cert_v5.py	8296	8bc3d7e13160765736c48cccfd7c8d38
programs/op1_defect_sparsity/za_cap_geometry/za_dp_typicality.json	programs/op1_defect_sparsity/za_cap_geometry/CERT_OP1_za_dp_typicality.json	856	fc62f3b337a608e0e1de518b86271789
programs/op1_defect_sparsity/za_cap_geometry/za_dp_typicality.py	programs/op1_defect_sparsity/za_cap_geometry/ENGINE_OP1_za_dp_typicality.py	6904	9ba7c69a8648164c83f86609d01b102b
programs/op1_defect_sparsity/za_cap_geometry/za_dp_v2.py	programs/op1_defect_sparsity/za_cap_geometry/ENGINE_OP1_za_dp_v2.py	4540	da63afd6cb087db4aa615a1a360c9df4
programs/op1_defect_sparsity/za_cap_geometry/za_dp_v3.py	programs/op1_defect_sparsity/za_cap_geometry/ENGINE_OP1_za_dp_v3.py	5240	ff1df2cca5ef545970ec957aa1dee510
programs/op1_defect_sparsity/za_cap_geometry/za_dp_vsL.py	programs/op1_defect_sparsity/za_cap_geometry/ENGINE_OP1_za_dp_vsl.py	5996	6b73676b754c42ea3cf00e6aac5dc42d
programs/op1_defect_sparsity/za_cap_geometry/za_feasible_f043.py	programs/op1_defect_sparsity/za_cap_geometry/ENGINE_OP1_za_feasible_f043.py	8852	4e610158211fa344bf2c01cf1539aa85
programs/op1_defect_sparsity/za_cap_geometry/za_lfull_f043.py	programs/op1_defect_sparsity/za_cap_geometry/ENGINE_OP1_za_lfull_f043.py	13595	d2e79414ac272a030a9b295a020c6df7
programs/op1_defect_sparsity/za_cap_geometry/za_lfull_f043b.py	programs/op1_defect_sparsity/za_cap_geometry/ENGINE_OP1_za_lfull_f043b.py	11391	f8fdbac34cad926ad9a8dba23c3f1824
programs/op1_defect_sparsity/za_cap_geometry/za_multicap_cert.json	programs/op1_defect_sparsity/za_cap_geometry/CERT_OP1_za_multicap.json	2027	b7f4ed1d53b1e319550ab87b3608871c
programs/op1_defect_sparsity/za_cap_geometry/za_multicap_run.py	programs/op1_defect_sparsity/za_cap_geometry/RUN_OP1_za_multicap.py	5979	2f8f138cd98fcee9324c6c92aa60783e
programs/op1_defect_sparsity/za_cap_geometry/za_multicap_v2.py	programs/op1_defect_sparsity/za_cap_geometry/ENGINE_OP1_za_multicap_v2.py	5454	4f92e60d2e97f755d070299fc55dc2e3
programs/op1_defect_sparsity/za_cap_geometry/za_overlap_f042.py	programs/op1_defect_sparsity/za_cap_geometry/ENGINE_OP1_za_overlap_f042.py	8542	7adf3e8e99029e5ac725eda054162efb
programs/op1_defect_sparsity/za_cap_geometry/za_rooted_tilt.py	programs/op1_defect_sparsity/za_cap_geometry/ENGINE_OP1_za_rooted_tilt.py	14199	36ed495237258e1a3423d6cd6e2fb6b3
programs/op1_defect_sparsity/za_cap_geometry/za_rooted_tilt_run.py	programs/op1_defect_sparsity/za_cap_geometry/RUN_OP1_za_rooted_tilt.py	11657	ebfbc1d501fb0a0584f1399c9acbbbad
programs/op1_defect_sparsity/za_cap_geometry/za_rt_f041.py	programs/op1_defect_sparsity/za_cap_geometry/ENGINE_OP1_za_rt_f041.py	10786	90e38a237ed85934474981cc156a46be
programs/op1_defect_sparsity/za_cap_geometry/za_rt_f041b.py	programs/op1_defect_sparsity/za_cap_geometry/ENGINE_OP1_za_rt_f041b.py	10813	1d260a4ad95698cf19a586d387db01a1
programs/pmbsf/Expanded_Derivations_PMBSF_LemmaQ_SU3_20260525.md	programs/pmbsf/NOTE_PMBSF_expanded_derivations_lemmaq_su3_2026_05_25.md	25974	6200944beb6de1ad11b9101cae8a1d37
programs/pmbsf/L64_projected_capacity_threshold_law.md	programs/pmbsf/NOTE_PMBSF_l64_projected_capacity_threshold_law.md	11051	9a434575201d0287a3fd74ca3e9a1ff9
programs/pmbsf/LCI_TOSJ_Reduction_for_LemmaQ_20260526.md	programs/pmbsf/NOTE_PMBSF_lci_tosj_reduction_lemmaq_2026_05_26.md	12318	6fd472644c97fdc67c7973906df7d8f2
programs/pmbsf/Lemma_Q_ExactHB_StageB_Update_20260526.md	programs/pmbsf/LEM_PMBSF_lemma_q_exacthb_stageb_update_2026_05.md	10002	02f41810aa7412de9758b392d558708c
programs/pmbsf/Lemma_Q_SU2_local_rare_source_factorization_UPDATED_exactHB_stageB_20260525.md	programs/pmbsf/LEM_PMBSF_lemma_q_su2_local_rare_source_factorization.md	23117	27e7e342420cc1b31273198cb9f7598e
programs/pmbsf/Literature map for Lemma Q and block source-stability in SU(2) lattice gauge theory.md	programs/pmbsf/NOTE_PMBSF_literature_map_lemma_q_block_source_stability.md	14066	0e81b071b9d56c67071ddaed38dc214a
programs/pmbsf/Mprime_SU2_extraction_protocol.md	programs/pmbsf/NOTE_PMBSF_mprime_su2_extraction_protocol.md	22509	ab7c56d310bdaf46d08e52e7ad5171b9
programs/pmbsf/Mprime_to_HPM_bridge.md	programs/pmbsf/NOTE_PMBSF_mprime_hpm_bridge.md	32112	1d5019943a78638004bf7a0ad2fa3906
programs/pmbsf/Mprime_to_HPM_bridge_v17b_PATCH.md	programs/pmbsf/NOTE_PMBSF_mprime_hpm_bridge_v17b_patch.md	21403	ff9a0c7c7d5e832ee69452ec184b2e45
programs/pmbsf/PMBSF_SU2_LemmaQ_block_conditional.py	programs/pmbsf/ENGINE_PMBSF_su2_lemmaq_block_conditional.py	46304	139bc21bf6ecac82d45fb26151e006d7
programs/pmbsf/PMBSF_SU2_LemmaQ_exact_heatbath_side8.py	programs/pmbsf/ENGINE_PMBSF_su2_lemmaq_exact_heatbath_side8.py	38780	b4de7c1619837395571530a8c02f3735
programs/pmbsf/PMBSF_SU2_LemmaQ_stageB_geometry.py	programs/pmbsf/ENGINE_PMBSF_su2_lemmaq_stageb_geometry.py	49455	611c62e1aa775193801bdecf44d8d487
programs/pmbsf/PMBSF_SU2_Paper_Section_13_Referee_Risk_Status_Ledger.md	programs/pmbsf/PAPER_PMBSF_su2_section_13_referee_risk_status_ledger.md	16417	4560984342623e7d04da8e457fb79c43
programs/pmbsf/PMBSF_SU2_Paper_Section_14_Remaining_Analytic_Tasks.md	programs/pmbsf/PAPER_PMBSF_su2_section_14_remaining_analytic_tasks.md	19560	8dac2da749162e6caf384d9e0e7b6248
programs/pmbsf/PMBSF_SU2_Paper_Section_4_Lemma_Q_REVISED.md	programs/pmbsf/LEM_PMBSF_su2_paper_section_4_lemma_q_revised.md	18604	192fc24395f71b910cbe8d6e0ce7e2ad
programs/pmbsf/PMBSF_SU2_conditional_firewall_paper_v3_4_merged_20260526.md	programs/pmbsf/PAPER_PMBSF_su2_conditional_firewall_v3_4_merged_2026.md	73668	de73b56c354b3ecc6aaece8478fb00ef
programs/pmbsf/PMBSF_SU2_manuscript_v3_3_unified_core_20260526.md	programs/pmbsf/PAPER_PMBSF_su2_manuscript_v3_3_unified_core_2026.md	45327	5afe7306c597b5de07767f09fe00185d
programs/pmbsf/PMBSF_SU3_SU_N_Wilson_MERGED_DRAFT_2026-05-30.md	programs/pmbsf/NOTE_PMBSF_su3_su_n_wilson_merged_draft_2026-05-30.md	71234	1d5891543d4d6611ee8402270c932b92
programs/pmbsf/PMBSF_StageB_plan.md	programs/pmbsf/PLAN_PMBSF_stageb.md	11448	7c195a18a733629ef1aa532c9318bb62
programs/pmbsf/PMBSF_master_pass19_LCI_exactHB_20260526.md	programs/pmbsf/NOTE_PMBSF_master_pass19_lci_exacthb_2026_05_26.md	548595	75c9f00261f9cdb7d6702ede4dfa96d1
programs/pmbsf/PMBSF_pass19_publication_bundle_manifest_20260526.md	programs/pmbsf/MAN_PMBSF_pass19_publication_bundle_manifest_2026_05_26.md	724	b318c0703ac8e63941b7d7392d42a5af
programs/pmbsf/PMBSF_v17_BS_smooth_source_connected_cumulants.pdf	programs/pmbsf/PAPER_PMBSF_v17_bs_smooth_source_connected_cumulants.pdf	12413899	af889eb4c25431e2a73a3e7d5379db6c
programs/pmbsf/PMBSF_v17b_eta_extension_WORKING.py	programs/pmbsf/ENGINE_PMBSF_v17b_eta_extension_working.py	27624	2ceff12a76e5d19f2f3e0b1638ad26c7
programs/pmbsf/PMBSF_v17b_eta_extension_real.py	programs/pmbsf/ENGINE_PMBSF_v17b_eta_extension_real.py	26294	5e3d71e498544466a8018cf5a154b4b9
programs/pmbsf/Theorem FNG (Finite Non-Abelian Gauge — Projected Capacity Firewall).md	programs/pmbsf/THM_PMBSF_theorem_fng_finite_non_abelian_gauge_projected.md	23025	a28373ec779bb2b7c791488a335bbe60
programs/pmbsf/cavity_ratio_by_distance.csv	programs/pmbsf/DATA_PMBSF_cavity_ratio_by_distance.csv	405	3e300a16ff59c94623d07639fda6d04f
programs/pmbsf/master_paper_one_plaquette_bridge.pdf	programs/pmbsf/PAPER_PMBSF_master_one_plaquette_bridge.pdf	336119	1c5840bb211c222c8fd9d1c33ffc2cc3
programs/pmbsf/rooted_cavity_ratio_by_distance.csv	programs/pmbsf/DATA_PMBSF_rooted_cavity_ratio_by_distance.csv	404	8f4edbf051a3241217821610d09c450c
programs/rooted_capacity_program/Logical Status and Theorem Map (1) (1).docx	programs/rooted_capacity_program/THM_RCAP_logical_status_theorem_map_alt.docx	14473	cd9a94b09805564b4c04a133f89140fe
programs/rooted_capacity_program/Logical Status and Theorem Map (1) (1).md	programs/rooted_capacity_program/THM_RCAP_logical_status_theorem_map_alt.md	8068	f290a0335fb7d53bebb20bfc95c8a056
programs/rooted_capacity_program/Rooted Projected-Capacity Source Stability (1).docx	programs/rooted_capacity_program/PAPER_RCAP_rooted_projected_capacity_source_stability_alt.docx	12626	cf3c77924e761d0fb5a12e29626f3277
programs/rooted_capacity_program/Rooted Projected-Capacity Source Stability (1).md	programs/rooted_capacity_program/NOTE_RCAP_rooted_projected_capacity_source_stability_alt.md	4375	42e5284229b5cbfb7a5ea2a595ba2e2f
programs/rooted_capacity_program/SU(3) Three-Term Local Gap (1).docx	programs/rooted_capacity_program/PAPER_RCAP_su_alt3_three_term_local_gap_alt.docx	14474	688fe72e6919c7d7372cd8ccb9fe2be0
programs/rooted_capacity_program/SU(3) Three-Term Local Gap (1).md	programs/rooted_capacity_program/NOTE_RCAP_su_alt3_three_term_local_gap_alt.md	8481	08a1d83243708df238fb278ff70def7f
programs/rooted_capacity_program/rooted_raw_extract.txt	programs/rooted_capacity_program/NOTE_RCAP_rooted_raw_extract.txt	4500	90f3c3bca46af9dea1bcf09c4c8aa175
programs/y4_allrank/data/Y4_EXACT_ANALYTIC_FACTORIZATION_CERTIFICATE.md	programs/y4_allrank/data/CERT_Y4_exact_analytic_factorization_certificate.md	2879	3f8b199f88ef7d7064b7329159f6de88
programs/y4_allrank/data/Y4_SUN_EXTENSION_AUDIT_2026-06-14.md	programs/y4_allrank/data/AUDIT_Y4_sun_extension_2026-06-14.md	7981	a24a98c1578cc44ec8abe059e7f532dd
programs/y4_allrank/data/Y4_SUN_STABLE_STAGE1_CERTIFICATE.md	programs/y4_allrank/data/CERT_Y4_sun_stable_stage1_certificate.md	2512	617bbfed78eaf82de407d05fe2cbe1a3
programs/y4_allrank/data/Y4_SUN_STABLE_STAGE1_INDEPENDENT_AUDIT_2026-06-14.json	programs/y4_allrank/data/AUDIT_Y4_sun_stable_stage1_independent_2026-06-14.json	3605	56e07ec7c9fd19b9aa2f885cf524a8b6
programs/y4_allrank/data/Y4_SUN_STABLE_STAGE1_INDEPENDENT_AUDIT_2026-06-14.md	programs/y4_allrank/data/AUDIT_Y4_sun_stable_stage1_independent_2026-06-14.md	2905	89b858ebff267dd3493f2ddc8643e220
programs/y4_allrank/data/Y4_SUN_WALLED_BRAUER_FULL_SYMBOLIC_CERTIFICATE_2026-06-14.json	programs/y4_allrank/data/CERT_Y4_sun_walled_brauer_full_symbolic_certificate_2026-06-14.json	8535	258f207e8ea2b0ae40924423a46f01a5
programs/y4_allrank/data/Y4_SUN_WALLED_BRAUER_FULL_SYMBOLIC_CERTIFICATE_2026-06-14.md	programs/y4_allrank/data/CERT_Y4_sun_walled_brauer_full_symbolic_certificate_2026-06-14.md	4295	104b28210dc740735687087a3a4f26a8
programs/y4_allrank/data/y4_exact_analytic_factorization_certificate.json	programs/y4_allrank/data/CERT_Y4_exact_analytic_factorization_certificate.json	1642	7fbb3c68daa29fea3e0a4fe045724a45
programs/y4_allrank/data/y4_final_independent_audit.json	programs/y4_allrank/data/AUDIT_Y4_independent.json	766	88103bf4c78b0d7ad270d352842f4021
programs/y4_allrank/data/y4_global_band_edge_certificate.json	programs/y4_allrank/data/CERT_Y4_global_band_edge_certificate.json	3534	ba3e4be6cad34093413564c614f6c59f
programs/y4_allrank/data/y4_local_execution_report_2026-06-13.txt	programs/y4_allrank/data/AUDIT_Y4_local_execution_report_2026-06-13.txt	1677	f5846239105dfae6904a420caf16de52
programs/y4_allrank/data/y4_required_30_fusion_edges.json	programs/y4_allrank/data/CERT_Y4_required_30_fusion_edges.json	6076	98ebb047533a6893c4ccb8d3b07dd8c6
programs/y4_allrank/data/y4_sos_stage3g_target_manifest.json	programs/y4_allrank/data/MAN_Y4_sos_stage3g_target_manifest.json	24774	f45c37a4d7e51d114116f65b7d88573e
programs/y4_allrank/data/y4_sun_stable_stage1_summary (1).json	programs/y4_allrank/data/CERT_Y4_sun_stable_stage1_summary_alt.json	2063	c3b67f50a89517c83e6f77b10a159802
programs/y4_allrank/data/y4_sun_stable_stage1_summary.json	programs/y4_allrank/data/CERT_Y4_sun_stable_stage1_summary.json	2066	38c1b455bac02a45b610a5919adc2aa6
programs/y4_allrank/src/y4_complete_from_scratch (1).ipynb	programs/y4_allrank/src/NB_Y4_from_scratch_alt.ipynb	406367	63071753229f3d893e2a448a8160f812
programs/y4_allrank/src/y4_complete_from_scratch.ipynb	programs/y4_allrank/src/NB_Y4_from_scratch.ipynb	403081	ddceeb8663ad5c03e0fb6720bea483f0
programs/y4_allrank/src/y4_d3_vertex_singlet_dictionary_generator.ipynb	programs/y4_allrank/src/NB_Y4_d3_vertex_singlet_dictionary_generator.ipynb	19153	158263d75e8637dc217a3a37fe161984
programs/y4_allrank/src/y4_exact_analytic_factorization_certificate.py	programs/y4_allrank/src/ENGINE_Y4_exact_analytic_factorization_certificate.py	13106	a07a8ab1d4726c13c1cabe1d0bcbb3ac
programs/y4_allrank/src/y4_final_endgame_autobundle (1).ipynb	programs/y4_allrank/src/NB_Y4_endgame_autobundle_alt.ipynb	33343	bed79f03c2ed8af806b446d1f6ca36fe
programs/y4_allrank/src/y4_final_endgame_autobundle (2).ipynb	programs/y4_allrank/src/NB_Y4_endgame_autobundle_alt2.ipynb	133972	20c098e499264eb826e229f030d28b57
programs/y4_allrank/src/y4_final_endgame_autobundle.ipynb	programs/y4_allrank/src/NB_Y4_endgame_autobundle.ipynb	289298	6bd5e76057bb34c9745801d31f4e8c17
programs/y4_allrank/src/y4_su4_exceptional_enumerator_v1.ipynb	programs/y4_allrank/src/NB_Y4_su4_exceptional_enumerator_v1.ipynb	40578	fbe057cedbaf4bd015773d1f442b812f
programs/y4_allrank/src/y4_su4_hybrid_adapter_audit_v1.ipynb	programs/y4_allrank/src/NB_Y4_su4_hybrid_adapter_audit_v1.ipynb	32270	767ad2c2b9a2e2fcbfc78f6dbb171aa9
programs/y4_allrank/src/y4_su4_local_algebra_v1.ipynb	programs/y4_allrank/src/NB_Y4_su4_local_algebra_v1.ipynb	40657	c360c8ce242a73b06e6547f948ac7c03
programs/y4_allrank/src/y4_su4_local_algebra_v1.py	programs/y4_allrank/src/ENGINE_Y4_su4_local_algebra_v1.py	31739	d2c3de24dc94f938a8d7064b4e63149c
programs/y4_allrank/src/y4_su4_persistent_pipeline_v1.ipynb	programs/y4_allrank/src/NB_Y4_su4_persistent_pipeline_v1.ipynb	77822	63f97cee1fc13b00cf1ecf4dc27759b8
programs/y4_allrank/src/y4_su6_determinant_complete.py	programs/y4_allrank/src/ENGINE_Y4_su6_determinant.py	17770	b02231b839d5552f85f2bcbb7c2f0964
programs/y4_allrank/src/y4_su6_determinant_stage0.ipynb	programs/y4_allrank/src/NB_Y4_su6_determinant_stage0.ipynb	26927	7fde33c24dfa1a2423b6e45e3d8ac5d6
programs/y4_allrank/src/y4_su6_determinant_stage0_v2.ipynb	programs/y4_allrank/src/NB_Y4_su6_determinant_stage0_v2.ipynb	26224	5d0207305b04145df6ddc680b89c32e2
programs/y4_allrank/src/y4_su6_determinant_stage0_v2.py	programs/y4_allrank/src/ENGINE_Y4_su6_determinant_stage0_v2.py	23329	575ab0d4c09f3b5e3fa14aade1243380
programs/y4_allrank/src/y4_su6_single_orbit_contraction_v1.py	programs/y4_allrank/src/ENGINE_Y4_su6_single_orbit_contraction_v1.py	21822	f71d71db38bef881762abe58f463c6f1
programs/y4_allrank/src/y4_su6_source_contract_v1.py	programs/y4_allrank/src/ENGINE_Y4_su6_source_contract_v1.py	19646	d18a52a9ee6e7f52446c722b99c9c1f6
programs/y4_allrank/src/y4_su6_word_enumerator_v1.py	programs/y4_allrank/src/ENGINE_Y4_su6_word_enumerator_v1.py	25744	f304572e39da322bf4e9d4f80246530b
programs/y4_allrank/src/y4_sun_symbolic_qab_verify.py	programs/y4_allrank/src/ENGINE_Y4_sun_symbolic_qab_verify.py	4375	77a45ca19180adfc04854c3d11eae73b
theory/CHAIN_STATUS_MAP.md	theory/DOC_GOV_chain_status_map.md	11069	31c838cf137253eadca8940db933fed8
theory/CONSTANTS_INDEX.md	theory/DOC_FLUX_constants_index.md	32695	1aacec9919b7672eb2695ec370d981c9
theory/CONVENTIONS.md	theory/DOC_GOV_conventions.md	8728	f672058e3e9add9df32a2c1a4b310d11
theory/OPEN_PROBLEMS.md	theory/DOC_GOV_open_problems.md	28091	f76930991e38b659c08f30850b000d30
theory/PROOF_CHAIN.md	theory/DOC_GOV_proof_chain.md	6854	3682e2226bfb617bc5f46ea8461a760a
theory/conjectures/CONJ_A_log_forest_uv.md	theory/conjectures/NOTE_MISC_conj_log_forest_uv.md	1455	9a3fa19c51ddfdb0ace523592ae68cf7
theory/conjectures/CONJ_B_anomaly_source.md	theory/conjectures/NOTE_HAAR_conj_b_anomaly_source.md	1565	b07d64831cc7cb7356f00327ffa82701
theory/conjectures/CONJ_C_continuum_polarity.md	theory/conjectures/NOTE_MISC_conj_c_continuum_polarity.md	1739	23f81352d8d2de2702e02a455b96c23f
theory/conjectures/CONJ_D_spectral_to_mass.md	theory/conjectures/NOTE_MISC_conj_d_spectral_mass.md	1858	f73bdbaff64668adb5af9820acaa3d5b
theory/conjectures/CONJ_IR_local_gap.md	theory/conjectures/NOTE_OP1_conj_ir_local_gap.md	1579	66a30b435ad8de4d6219ba929b526403
theory/notes/DETERMINANT_TO_INCIDENCE_REDUCTION_2026-08-08.md	theory/notes/NOTE_O4_determinant_incidence_reduction_2026-08-08.md	8277	95308a45f76768bf80e307cf57371adc
theory/notes/FOURTH_ORDER_HODGE_SHAPE_SPACE_AND_FOLIATED_MOBILITY.md	theory/notes/NOTE_O4_fourth_order_hodge_shape_space_foliated_mobility.md	22131	81a556095ed2429ecd4c7490cffb2d49
theory/notes/Hodge_Cellular_Circuit_Mobility_Theorem.md	theory/notes/THM_FLUX_hodge_cellular_circuit_mobility_theorem.md	18498	2e29b98d01424fc36ebfcef588523dbf
theory/notes/M3A_REDUCTION_AND_FIRST_BREACH_2026-06-12.md	theory/notes/NOTE_PMBSF_m3a_reduction_first_breach_2026-06-12.md	5400	ab582bc6f350bc6d70f6d1dbe23268fb
theory/notes/NOVEL_DERIVATIONS.md	theory/notes/NOTE_FLUX_novel_derivations.md	22928	4861122ae5d45efbb32746128643868b
theory/notes/Oy5_folded_coefficient_2026-06-13.md	theory/notes/NOTE_Y5_oy5_folded_coefficient_2026-06-13.md	3281	92fd986027b5bb0f327be9e2293b0f8e
theory/notes/SC_to_continuum_1pm_2026-06-13.md	theory/notes/NOTE_FLUX_sc_continuum_1pm_2026-06-13.md	3277	c4e712e254d292e7d0f762e293a1dc63
theory/notes/SU2_PMBSF_closure_full_derivations_20260524 (1).md	theory/notes/NOTE_PMBSF_su2_closure_full_derivations_2026_05_24.md	15546	fba3224b66d8c7e46be9391d40cbccd5
theory/notes/S_CHESSBOARD_ROUTE_2026-06-12 (1).md	theory/notes/NOTE_FLUX_s_chessboard_route_alt_2026-06-12.md	17452	032733221cf900d540cc83277eaf096b
theory/notes/S_CHESSBOARD_ROUTE_2026-06-12.md	theory/notes/NOTE_FLUX_s_chessboard_route_2026-06-12.md	15236	c6071dd7db162bd5a845cedc3bffe8c2
theory/notes/UNIFIED_THEORY_RECORD_RANK_CUBIC_SPECTRAL_GEOMETRY_2026-08-01.md	theory/notes/NOTE_FLUX_unified_theory_record_rank_cubic_spectral_geometry_2026-08-01.md	25202	5b4e140bdb83f31ca45555aa9198d35c
theory/notes/su4_band_audit.md	theory/notes/AUDIT_SU4_band.md	5390	dd7cdb091fb6cd9e76235836c2c7a638
theory/notes/y4_band_curvature_correction_2026-06-13.md	theory/notes/NOTE_Y4_band_curvature_correction_2026-06-13.md	2819	f033448d0c273ea02c2dbcfea1ef9506
theory/notes/y4_verification_status_2026-06-13 (1).md	theory/notes/AUDIT_Y4_verification_status_alt_2026-06-13.md	10970	cdaec4260fe9482485658a038d816bed
theory/notes/y4_verification_status_2026-06-13.md	theory/notes/AUDIT_Y4_verification_status_2026-06-13.md	8088	59e5546092162b6bdf1d8d5feccd85b0
theory/theorems/CENTERED_DOUBLE_INCIDENCE_THEOREM_2026-08-08.md	theory/theorems/THM_FLUX_centered_double_incidence_theorem_2026-08-08.md	7834	f4b21f0165e7dbcfdd7822ae77175491
theory/theorems/INCIDENCE_SYZYGY_FACTOR_THEOREM_2026-08-08.md	theory/theorems/THM_FLUX_incidence_syzygy_factor_theorem_2026-08-08.md	8771	042240a8a7eeca68f013fc7e1763c953
theory/theorems/LEMMA_A_COMPACT_WINDOW_PROOF_2026-06-12_CORRECTED.md	theory/theorems/LEM_OP1_compact_window_proof_corrected_2026-06-12.md	9989	9cb9a02f115e61dcafd180db4bd81c6a
theory/theorems/LEMMA_B_REVIEW_2026-06-12.md	theory/theorems/LEM_O4_lemma_b_review_2026-06-12.md	12467	c8b66930ae7206904dd7f66ec9c9b864
theory/theorems/M5_CFORM_AND_FULL_CHANNEL_PROOF_2026-06-12_CORRECTED.md	theory/theorems/THM_Y5_m5_cform_full_channel_proof_corrected_2026-06-12.md	4341	cf94a19ba94214e3b6a99c3f9112310d
theory/theorems/STRONGEST_FORMULA_RESOLVED_CELLULAR_MOBILITY_2026-08-20.md	theory/theorems/THM_FLUX_strongest_formula_resolved_cellular_mobility_2026-08-20.md	10978	eb9762566f69e3f8fe73c7d2b80ed5b0
theory/theorems/UNIFIED_NALITY_COMPLETE_THEOREM_CORRECTED_2026-06-14.md	theory/theorems/THM_SUN_unified_nality_theorem_corrected_2026-06-14.md	4231	0aee734a27057f258da2b4fee352b790
theory/theorems/UNIVERSAL_FOURTH_ORDER_MOBILITY_THEOREM_2026-08-08_v2.md	theory/theorems/THM_O4_universal_fourth_order_mobility_theorem_v2_2026-08-08.md	3989	a0c8a2c2d2f4bc70a2ba4c115d1fd82e
theory/under_review/PROOF_13_Pairing_Term_Coercivity.md	theory/under_review/NOTE_FLUX_proof_13_pairing_term_coercivity.md	4401	600858c701f75e5b69340241c96feb4b
theory/under_review/PROOF_14_SPI_to_LSI_Localization.md	theory/under_review/NOTE_HAAR_proof_14_spi_lsi_localization.md	4957	a384661ca80a6741ce6904ba6bb6d677
theory/under_review/PROOF_15_Reflection_Equivariant_RG.md	theory/under_review/NOTE_MISC_proof_15_reflection_equivariant_rg.md	4344	643ee3a946a925ce8dfa94daac5d73ae
corpus/MASTER_THEORY_UNIFIED_2026-08-20_v3.md	corpus/MASTER_THEORY_UNIFIED_2026-08-20_v3.md	42480	ac9d9818a2907f9bb65f7029398cda7f
export/MAN_MISC_export_manifest.csv	export/MAN_GOV_export_manifest.csv	855	077e76ab895e8980fd8455ab50456048
export/index/CERT_MISC_constant_ratio_classifications.json	export/index/CERT_GOV_constant_ratio_classifications.json	1240	83c2ba4af5869b8bb122b3452e5bfe9f
export/index/DOC_MISC_index_design_2026-08-20.md	export/index/DOC_GOV_index_design_2026-08-20.md	16305	60d5ae3e28d01e353e841bf96742439b
export/index/ENGINE_MISC_build_constants_index.py	export/index/ENGINE_GOV_build_constants_index.py	11895	98fa313d4d0bf8a3955fe9858ea22006
export/index/ENGINE_MISC_build_github_flat.py	export/index/ENGINE_GOV_build_github_flat.py	6334	1dbb1078bd835a5a2a8bf34ccf901015
export/index/ENGINE_MISC_constant_index.py	export/index/ENGINE_GOV_constant_index.py	7146	7d922d65ed644545c887ba57e6e19dd3
export/index/ENGINE_MISC_plan_rename.py	export/index/ENGINE_GOV_plan_rename.py	13761	2d3c33b81867f318cd2f149e60596b6c
literature/LIT_MISC_0005009v1.pdf	literature/LIT_Y6_0005009v1.pdf	167075	55886d77c54831e65d2d4e8c7fa053ab
literature/LIT_MISC_0503038v2.pdf	literature/LIT_Y6_0503038v2.pdf	348521	cc2128212666fb2e85ef399c26f59f27
literature/LIT_MISC_8010101.pdf	literature/LIT_Y5_8010101.pdf	431169	8253a99033b43bba8eb41fb935bd2608
literature/LIT_MISC_compass_artifact_wf_1fcca1e0_37f5_5b84_b994.md	literature/LIT_SU3_compass_artifact_wf_1fcca1e0_37f5_5b84_b994.md	30412	f65b2f42bc3357ecc890724033cb069a
literature/LIT_MISC_compass_artifact_wf_23dbcd45_8079_5886_b02d.md	literature/LIT_SUN_compass_artifact_wf_23dbcd45_8079_5886_b02d.md	38691	54dea07072171e0d665cd685d3d2e410
literature/LIT_MISC_compass_artifact_wf_8908dab0_6ef9_5d49_9a5e.md	literature/LIT_FLUX_compass_artifact_wf_8908dab0_6ef9_5d49_9a5e.md	23532	7cf0632da759435a386853f0aeb29043
numerics/certificates/CERT_MISC_m3a_stage_c_sparse_l4_q003_preliminary.json	numerics/certificates/CERT_SU2_m3a_stage_c_sparse_l4_q003_preliminary.json	8087	368be8cdd1927196915f8732b33e8e3b
numerics/certificates/RUN_MISC_d3_results.json	numerics/certificates/RUN_TROM_d3_results.json	853	792dd813ce1cfe84ec9a5de378b3b2d2
numerics/clay_verify/ENGINE_MISC_verify_01_heat_kernel_stability.py	numerics/clay_verify/ENGINE_SU2_verify_01_heat_kernel_stability.py	20092	333c4874f61a0a83f1b2369ab48aecd7
numerics/clay_verify/ENGINE_MISC_verify_02_anomaly_shield.py	numerics/clay_verify/ENGINE_FLUX_verify_02_anomaly_shield.py	4442	041b3200d5dac76ae972c88366211bb3
numerics/clay_verify/ENGINE_MISC_verify_03_continuum_scaling.py	numerics/clay_verify/ENGINE_FLUX_verify_03_continuum_scaling.py	4658	cffab9237ab19c02baf9d32f214f8577
numerics/clay_verify/NOTE_MISC_run_output_2026-06-12.txt	numerics/clay_verify/NOTE_SU2_run_output_2026-06-12.txt	3250	3b68ab4e3486c4268e37a58e2a50f252
numerics/cw_extractor/NB_MISC_15_cw_extractor_alt.ipynb	numerics/cw_extractor/NB_SU3_15_cw_extractor_alt.ipynb	12987	87417591565bc379cf94ce7ddf8eaa65
numerics/engines/ENGINE_MISC_generic_pt_core.py	numerics/engines/ENGINE_STRING_generic_pt_core.py	3539	392dc626d7753b277b52f8c76378475e
numerics/engines/ENGINE_MISC_generic_sigma.py	numerics/engines/ENGINE_STRING_generic_sigma.py	8483	7bebc603435926cb9ace26cd4ee36493
numerics/engines/ENGINE_MISC_lemma_b_review_checks.py	numerics/engines/ENGINE_Y6_lemma_b_review_checks.py	5888	a44beee7097a0cf6d50902d19ee33710
numerics/engines/ENGINE_MISC_verify_all.py	numerics/engines/ENGINE_SUN_verify_all.py	14125	7ac7f8a20468ad31c85f939596474f25
numerics/engines/ENGINE_MISC_verify_all_alt.py	numerics/engines/ENGINE_SUN_verify_all_alt.py	15091	e4d704a09450dd9eedd95467f873974a
numerics/engines/ENGINE_MISC_verify_frozen_memfd_tmp.py	numerics/engines/ENGINE_FLUX_verify_frozen_memfd_tmp.py	6117	20298cf14c1e9dbded088b2e2f838d3f
numerics/engines/ENGINE_MISC_verify_theorem_assembly.py	numerics/engines/ENGINE_FLUX_verify_theorem_assembly.py	7010	6cabceb48873bb553b4c4c0239cc838a
numerics/notebooks/NB_MISC_not_sure_runs_gemini.ipynb	numerics/notebooks/NB_O4_not_sure_runs_gemini.ipynb	13625	ada7d4b45176a7ebb62fa998773ca173
numerics/notebooks/NB_MISC_prismatic_minimal_cell_escape_test.ipynb	numerics/notebooks/NB_HAAR_prismatic_minimal_cell_escape_test.ipynb	43074	242f5c8e88425b2261f5e034092ed42a
numerics/notebooks/NB_MISC_untitled238.ipynb	numerics/notebooks/NB_FLUX_untitled238.ipynb	303459	332a85d710e89c6a2038deac12b536e0
numerics/notebooks/RUN_MISC_a100_results.ipynb	numerics/notebooks/RUN_SU3_a100_results.ipynb	77831	a9252feb7a436d6736110412fa5ba72b
numerics/results/NOTE_MISC_m3a_stage_c_preliminary_result_2026-06-12.md	numerics/results/NOTE_PMBSF_m3a_stage_c_preliminary_result_2026-06-12.md	2680	7d0b18c00e4ac7f84f11dede3060f3f8
numerics/scratch_tmp/RUN_MISC_d3_results.json	numerics/scratch_tmp/RUN_TROM_d3_results.json	879	829680d3893d15514aa1814b346b0e2f
numerics/scratch_tmp/pdfs/log_potential/AUDIT_MISC_preview_1.jpg	numerics/scratch_tmp/pdfs/log_potential/AUDIT_Y6_preview_1.jpg	93715	8365266a1adff9473f41de081ad69650
numerics/scratch_tmp/pdfs/log_potential/AUDIT_MISC_preview_2.jpg	numerics/scratch_tmp/pdfs/log_potential/AUDIT_Y5_preview_2.jpg	70234	10761735c84b4da516ad12a32c698b78
numerics/scratch_tmp/pdfs/log_potential/AUDIT_MISC_preview_3.jpg	numerics/scratch_tmp/pdfs/log_potential/AUDIT_O4_preview_3.jpg	48577	70ab74145633d38e209192dc3bf6a4de
numerics/scratch_tmp/pdfs/log_potential/AUDIT_MISC_preview_4.jpg	numerics/scratch_tmp/pdfs/log_potential/AUDIT_Y5_preview_4.jpg	92924	35b614fcc064a1e6059f37ead5567f2a
numerics/scratch_tmp/pdfs/log_potential/DATA_MISC_contact.jpg	numerics/scratch_tmp/pdfs/log_potential/DATA_Y6_contact.jpg	288970	ee8e7e5c179a558cdaadbb7714f744bb
numerics/scratch_tmp/pdfs/log_potential/DATA_MISC_page_2.png	numerics/scratch_tmp/pdfs/log_potential/DATA_O4_page_2.png	424023	079cb0678493bb363b56a2217146aa62
numerics/scratch_tmp/pdfs/log_potential/DATA_MISC_page_3.png	numerics/scratch_tmp/pdfs/log_potential/DATA_Y6_page_3.png	441090	41b9f6838d4968f52955f04aa6b366f0
numerics/scratch_tmp/pdfs/log_potential/DATA_MISC_page_4.png	numerics/scratch_tmp/pdfs/log_potential/DATA_Y6_page_4.png	418606	788672dbb142078ff3fa1edcbebfbe46
programs/hodge_o4_adjudication/src/Hodge_O4_OrderSchedule_Occurrence_Preflight_CPU.py	programs/hodge_o4_adjudication/src/DATA_O4_OrderSchedule_Occurrence_Preflight_CPU.py	29336	d920550cb07c35839d61596c005ea8af
programs/hodge_o4_adjudication/src/Hodge_SU3_Exact_MarkedCluster_m4_Colab.py	programs/hodge_o4_adjudication/src/DATA_SU3_Exact_MarkedCluster_m4_Colab.py	288783	ace077f4c9f3add36a0ff5b7cc9293ff
programs/one_plaquette/shell6_o2/link_o2_v2.py	programs/one_plaquette/shell6_o2/DATA_HAAR_o2_v2.py	5377	ad6ba2d1e525029933052f5f9fe707c4
theory/DOC_MISC_chain_status_map.md	theory/DOC_GOV_chain_status_map.md	11097	5b7f2d5830f7fd451819a2bbda711a8e
theory/DOC_MISC_constants_index.md	theory/DOC_FLUX_constants_index.md	33608	b2f07c4feb3cb1ae7e4cb6ac28965fa2
theory/DOC_MISC_conventions.md	theory/DOC_GOV_conventions.md	8799	e06b4083699081bc60ec6273f11c7a85
theory/NOTE_MISC_open_problems.md	theory/DOC_GOV_open_problems.md	28267	728d4660af8f1df5af86f1e544c2ea1a
theory/NOTE_MISC_proof_chain.md	theory/DOC_GOV_proof_chain.md	6874	98243de083a5d13e78dfbaf3382b5ade
theory/conjectures/NOTE_MISC_conj_b_anomaly_source.md	theory/conjectures/NOTE_HAAR_conj_b_anomaly_source.md	1565	b07d64831cc7cb7356f00327ffa82701
theory/conjectures/NOTE_MISC_conj_ir_local_gap.md	theory/conjectures/NOTE_OP1_conj_ir_local_gap.md	1579	66a30b435ad8de4d6219ba929b526403
theory/notes/NOTE_MISC_m3a_reduction_first_breach_2026-06-12.md	theory/notes/NOTE_PMBSF_m3a_reduction_first_breach_2026-06-12.md	5400	ab582bc6f350bc6d70f6d1dbe23268fb
theory/notes/NOTE_MISC_novel_derivations.md	theory/notes/NOTE_FLUX_novel_derivations.md	23000	65c17e3e5efce43e103052bf20c6d2fe
theory/notes/NOTE_MISC_s_chessboard_route_2026-06-12.md	theory/notes/NOTE_FLUX_s_chessboard_route_2026-06-12.md	15306	c9f23aeaba513bc7fd6d04b52a101599
theory/notes/NOTE_MISC_s_chessboard_route_alt_2026-06-12.md	theory/notes/NOTE_FLUX_s_chessboard_route_alt_2026-06-12.md	17522	e981330810fe90a709e325985b49dd62
theory/theorems/LEM_MISC_lemma_b_review_2026-06-12.md	theory/theorems/LEM_O4_lemma_b_review_2026-06-12.md	12597	8da6a69ac2f4ed66715db9f60a2e160e
theory/under_review/NOTE_MISC_proof_13_pairing_term_coercivity.md	theory/under_review/NOTE_FLUX_proof_13_pairing_term_coercivity.md	4401	600858c701f75e5b69340241c96feb4b
theory/under_review/NOTE_MISC_proof_14_spi_lsi_localization.md	theory/under_review/NOTE_HAAR_proof_14_spi_lsi_localization.md	4957	a384661ca80a6741ce6904ba6bb6d677
corpus/GLUEBALL_CANONICAL_SOURCE_MANIFEST_2026-08-20_v3.csv	corpus/GLUEBALL_CANONICAL_SOURCE_MANIFEST_2026-08-20_v3.csv	19737	ec3bdda8ccab5fe18d56705ec7970cbc
corpus/GLUEBALL_DETAILED_FORMULA_DOCUMENT_2026-08-20_v3_1.md	corpus/GLUEBALL_DETAILED_FORMULA_DOCUMENT_2026-08-20_v3_1.md	34276	0abb0180ad002d4cfc0954b9dc762cdb
corpus/GLUEBALL_SOURCE_CONSOLIDATION_GUIDE_2026-08-20_v3.md	corpus/GLUEBALL_SOURCE_CONSOLIDATION_GUIDE_2026-08-20_v3.md	20040	3866b7e0e4ec2faaac40d544b765f07f
corpus/README.md	corpus/README.md	4070	c088a95fa8cbec08dec184d1e2325a31
export/README.md	export/README.md	4586	8dae35ff6c89615595eaefdd9e109f71
literature/README.md	literature/README.md	1312	1a3374d0e73c3df846b55a88fcb93561
numerics/README.md	numerics/README.md	851	682975914b1e966a4a1efe26d400181e
numerics/certificates/README.md	numerics/certificates/README.md	1263	2c50a125cef93238da054a0b76ab0274
numerics/clay_verify/README.md	numerics/clay_verify/README.md	3152	4ba7710dcfa80d845e5027d00b0eef89
numerics/cw_extractor/README.md	numerics/cw_extractor/README.md	1223	c95f972234b9faa93766df5f0ebb4964
numerics/data/README.md	numerics/data/README.md	643	3a7263ce14549b5f1d0abaa0144a9c59
numerics/engines/gram_cold.py	numerics/engines/ENGINE_FLUX_gram_cold.py	5994	da9725d5030c2ff8daf679b7eac096f3
numerics/engines/README.md	numerics/engines/README.md	1270	4ffd62341cc92dfaff2913f04c6459db
numerics/notebooks/README.md	numerics/notebooks/README.md	932	d4cd41b87590287889a12f092ea348e8
numerics/op12_theta/MANIFEST.md	numerics/op12_theta/MAN_OP1_manifest.md	3193	e90faa60eec7620ff92c2073888a8b15
numerics/op12_theta/README.md	numerics/op12_theta/README.md	3604	746511fd1c369ec8754cd986b6cd0bd9
numerics/op12_theta/m2_certificates/README.md	numerics/op12_theta/m2_certificates/README.md	1218	fa4ea854514b8e77b4ee71494e91d14a
numerics/op12_theta/m2_certificates/m2_ensemble/README.md	numerics/op12_theta/m2_certificates/m2_ensemble/README.md	398	cf9e6ef56f5ae06caa44b7ff45802c12
numerics/op12_theta/m2_certificates/m2_kernel/README.md	numerics/op12_theta/m2_certificates/m2_kernel/README.md	546	1182576b518d159f6b6d761102756223
numerics/op12_theta/m4_scaling/m4_tc_closed_form.py	numerics/op12_theta/m4_scaling/ENGINE_OP1_m4_tc_closed_form.py	16675	73640aaffaf24348fa0ed6fc7eb2bd56
numerics/op12_theta/m4_scaling/README.md	numerics/op12_theta/m4_scaling/README.md	8477	f56168048358d0c26996e7e233cf82ec
numerics/op12_theta/op12_state/README.md	numerics/op12_theta/op12_state/README.md	608	9a2f136ff18994a1f5210a83e49f82f5
numerics/op12_theta/results/README.md	numerics/op12_theta/results/README.md	411	b34f7b7d95a505eee70c6c902fb587c3
numerics/op12_theta/s_chessboard/README.md	numerics/op12_theta/s_chessboard/README.md	5907	69bbc64bd04050c05022a5e190c4733e
numerics/results/README.md	numerics/results/README.md	418	43ade5b32f59aab7624661921f03b54a
numerics/scratch_tmp/README.md	numerics/scratch_tmp/README.md	627	7053c562a23e76abc36bbaddc7771006
numerics/scratch_tmp/y4_sos_repro/Y4_REAL_SPACE_SOS_PACKAGE/README.md	numerics/scratch_tmp/y4_sos_repro/Y4_REAL_SPACE_SOS_PACKAGE/README.md	897	f569d04cd51f824650542921ae4c8869
papers/README.md	papers/README.md	655	e53c8972e44005cc0c01f1a1d32be03d
papers/flat_band/README.md	papers/flat_band/README.md	9286	168f656fe24c57d5eeff82706b312e49
papers/gauge_constrained_spectral_geometry/README.md	papers/gauge_constrained_spectral_geometry/README.md	590	fbd2de444643e310c40a068f0fe9648b
papers/pmbsf_su2/README.md	papers/pmbsf_su2/README.md	376	fa3713017d3af43bc0d06f5a24929804
papers/pmbsf_su3/README.md	papers/pmbsf_su3/README.md	287	7711add3836dc6fc6928036973a18737
papers/source_docx/README.md	papers/source_docx/README.md	809	e00ab116656399d4b7b4431f45e2d78c
programs/README.md	programs/README.md	1154	79c47a29d8fe35b9b2a1797b4adaa5eb
programs/hodge_haar_krylov/README.md	programs/hodge_haar_krylov/README.md	1326	420f085aea0ddc5e86c55db9b5bced09
programs/hodge_o4_adjudication/README.md	programs/hodge_o4_adjudication/README.md	3202	e479544c4b8c0e6889356253c08fe18c
programs/one_plaquette/README.md	programs/one_plaquette/README.md	2396	ceaf29ab92f07eec2116ee003b8db8a0
programs/one_plaquette/su3_domino_d3.py	programs/one_plaquette/ENGINE_FLUX_su3_domino_d3.py	34825	74d9857b717ec70ade880a37be260972
programs/one_plaquette/su3_moments_ext.py	programs/one_plaquette/ENGINE_FLUX_su3_moments_ext.py	17214	7692946d92b7300013d26a6e4b70923a
programs/one_plaquette/glueball_mass_prediction/README.md	programs/one_plaquette/glueball_mass_prediction/README.md	5139	2afa0c93d40658c36a1b35f35992a6e0
programs/one_plaquette/lattice_glueball_data/MANIFEST.md	programs/one_plaquette/lattice_glueball_data/MAN_FLUX_manifest.md	598	77ed9ae49e54abccd9c76953dc4ec1a8
programs/one_plaquette/lattice_glueball_data/README.md	programs/one_plaquette/lattice_glueball_data/README.md	5067	41a48b48d64be1c47ff546b3ae8a3909
programs/one_plaquette/shell6_o2/cluster_pt.py	programs/one_plaquette/shell6_o2/ENGINE_FLUX_cluster_pt.py	4702	0437e4cdcea67b2529fb2ac3060bb8a7
programs/one_plaquette/shell6_o2/fast_haar.py	programs/one_plaquette/shell6_o2/ENGINE_HAAR_fast_haar.py	4809	16ac93b1fc9822293762c85b0eb046c5
programs/one_plaquette/shell6_o2/README.md	programs/one_plaquette/shell6_o2/README.md	2856	d277b8438bb2c19e8d59a9ac35e10808
programs/one_plaquette/shell6_o2/shell6_analyze.py	programs/one_plaquette/shell6_o2/ENGINE_SHELL6_shell6_analyze.py	5389	d3b4345c9b7fb87d9ec2916969413c3c
programs/one_plaquette/shell6_o2/shell6_final2.py	programs/one_plaquette/shell6_o2/ENGINE_HAAR_shell6_final2.py	7668	67d9cfcd3d865569a8c9626d4fe5d7c1
programs/one_plaquette/shell6_o2/shell6_final3.py	programs/one_plaquette/shell6_o2/ENGINE_HAAR_shell6_final3.py	8136	cb16c35b198f55cc0b10c12e1a6fbe8f
programs/one_plaquette/shell6_o2/shell6_o2_engine2.py	programs/one_plaquette/shell6_o2/ENGINE_FLUX_shell6_o2_engine2.py	10552	73f64898a35ce81976394538390e3ba8
programs/one_plaquette/shell6_o2/v2_authoritative/README.md	programs/one_plaquette/shell6_o2/v2_authoritative/README.md	1942	f528544484205961e2ed1af5283bc330
programs/one_plaquette/shell6_o2/v2_authoritative/requirements.txt	programs/one_plaquette/shell6_o2/v2_authoritative/NOTE_MISC_requirements.txt	45	1530990be2c720af1c1e3e68681ec602
programs/one_plaquette/shell6_o2/v2_authoritative/su3_moments_ext.py	programs/one_plaquette/shell6_o2/v2_authoritative/ENGINE_FLUX_su3_moments_ext.py	17214	7692946d92b7300013d26a6e4b70923a
programs/one_plaquette/su3_o5_consolidated_y6/README.md	programs/one_plaquette/su3_o5_consolidated_y6/README.md	6582	8fd77478061b79def6a15d23ba68bc14
programs/one_plaquette/su3_string_tension/README.md	programs/one_plaquette/su3_string_tension/README.md	5728	e5342814e403de5767bb3a3320e3fe0e
programs/one_plaquette/su3_string_tension_native_o5/README.md	programs/one_plaquette/su3_string_tension_native_o5/README.md	9140	4fc2b9e8183acd6366ae1deebec55957
programs/one_plaquette/su3_y5_fifth_order/README.md	programs/one_plaquette/su3_y5_fifth_order/README.md	2379	71f903f4af887fc908312aa4d4190e22
programs/one_plaquette/su3_y6_m6/README.md	programs/one_plaquette/su3_y6_m6/README.md	5138	6279416cb0dc3a364c4268b9bbbd5f11
programs/one_plaquette/sun_band_shape/README.md	programs/one_plaquette/sun_band_shape/README.md	5780	4dce5dc8dc96c5650026a0cbef152fbb
programs/one_plaquette/sun_band_shape/completion_2026-06-14/README.md	programs/one_plaquette/sun_band_shape/completion_2026-06-14/README.md	3552	49fb8a5a9202556968d861c99bdb93e2
programs/one_plaquette/tromino_o3/README.md	programs/one_plaquette/tromino_o3/README.md	3444	63900a0267be6695ba907024e4e43ed0
programs/one_plaquette/tromino_o3/su3_haar_tromino_primitives.py	programs/one_plaquette/tromino_o3/ENGINE_FLUX_su3_haar_tromino_primitives.py	22022	f2a9b742872edd3880975bcb6ccf0fd1
programs/op1_defect_sparsity/README.md	programs/op1_defect_sparsity/README.md	3862	87dac6be7ee336477d70e705d70c888c
programs/op1_defect_sparsity/defect_gas_docs/README.md	programs/op1_defect_sparsity/defect_gas_docs/README.md	427	0f9120ae5083c9fc38f3e80dc2223445
programs/op1_defect_sparsity/farsource_gpu/README.md	programs/op1_defect_sparsity/farsource_gpu/README.md	4324	3aedc1f68b35cbdd8f4c077b4dce4c2f
programs/op1_defect_sparsity/red_davies_toolkit/README.md	programs/op1_defect_sparsity/red_davies_toolkit/README.md	2217	8961cfcfbf1ea404e72329c1e30f693b
programs/op1_defect_sparsity/za_cap_geometry/README.md	programs/op1_defect_sparsity/za_cap_geometry/README.md	4610	154774959ef86456b93e26f7f583e827
programs/op1_defect_sparsity/za_cap_geometry/su2hb_f041.py	programs/op1_defect_sparsity/za_cap_geometry/ENGINE_PMBSF_su2hb_f041.py	3361	9c205f53b00314321fbcbc104537214d
programs/op1_defect_sparsity/za_cap_geometry/su2_hb_v3.py	programs/op1_defect_sparsity/za_cap_geometry/ENGINE_PMBSF_su2_hb_v3.py	4693	335ab2305fe6c1272228ab0665ce6f55
programs/pmbsf/lci_typicality_diagnostic.py	programs/pmbsf/ENGINE_FLUX_lci_typicality_diagnostic.py	43936	663d8e8edc7204d88b764efa7ec4ad6d
programs/pmbsf/README.md	programs/pmbsf/README.md	6551	c06658af892ccb27ceb670015220fc28
programs/rooted_capacity_program/README.md	programs/rooted_capacity_program/README.md	4574	7210ee2fcf4742b00685a7463cd9199a
programs/y4_allrank/README.md	programs/y4_allrank/README.md	2201	7784c3b494a6cc8fa70704fb839ecbfa
theory/README.md	theory/README.md	373	75ddbfc6c017c1750bd1aa206d29e77a
theory/conjectures/README.md	theory/conjectures/README.md	512	b35e1f34bb4bd05b7e5fc04c74625968
theory/notes/README.md	theory/notes/README.md	599	3b864b9e4fc3003b7a6be3c7d1b8e600
theory/theorems/README.md	theory/theorems/README.md	1154	9d591549ec8f42f82ce1ed9eb79ca4eb
theory/under_review/README.md	theory/under_review/README.md	1476	9c69b00aedf8495468ffd281ecf3367f
